2025-08-21 14:51:59 INFO  c.company.micros1.Micros1Application - Starting Micros1Application using Java 21.0.1 with PID 21240 (C:\Users\aldo_\Documents\SIIE\POC\servicio_hector\micros1\build\classes\java\main started by aldo_ in C:\Users\aldo_\Documents\SIIE\POC\servicio_hector\micros1)
2025-08-21 14:51:59 DEBUG c.company.micros1.Micros1Application - Running with Spring Boot v3.5.4, Spring v6.2.9
2025-08-21 14:51:59 INFO  c.company.micros1.Micros1Application - No active profile set, falling back to 1 default profile: "default"
2025-08-21 14:51:59 DEBUG o.s.boot.SpringApplication - Loading source class com.company.micros1.Micros1Application
2025-08-21 14:51:59 DEBUG o.s.b.w.s.c.AnnotationConfigServletWebServerApplicationContext - Refreshing org.springframework.boot.web.servlet.context.AnnotationConfigServletWebServerApplicationContext@191ae03f
2025-08-21 14:52:00 DEBUG o.s.b.f.s.DefaultListableBeanFactory - Creating shared instance of singleton bean 'org.springframework.context.annotation.internalConfigurationAnnotationProcessor'
2025-08-21 14:52:00 DEBUG o.s.b.f.s.DefaultListableBeanFactory - Creating shared instance of singleton bean 'org.springframework.boot.autoconfigure.internalCachingMetadataReaderFactory'
2025-08-21 14:52:02 DEBUG o.s.c.a.ClassPathBeanDefinitionScanner - Identified candidate component class: file [C:\Users\aldo_\Documents\SIIE\POC\servicio_hector\micros1\build\classes\java\main\com\company\micros1\beans\SolicitudMapperImpl.class]
2025-08-21 14:52:02 DEBUG o.s.c.a.ClassPathBeanDefinitionScanner - Identified candidate component class: file [C:\Users\aldo_\Documents\SIIE\POC\servicio_hector\micros1\build\classes\java\main\com\company\micros1\configuration\AsyncConfig.class]
2025-08-21 14:52:02 DEBUG o.s.c.a.ClassPathBeanDefinitionScanner - Identified candidate component class: file [C:\Users\aldo_\Documents\SIIE\POC\servicio_hector\micros1\build\classes\java\main\com\company\micros1\config\TelemetryConfiguration.class]
2025-08-21 14:52:02 DEBUG o.s.c.a.ClassPathBeanDefinitionScanner - Identified candidate component class: file [C:\Users\aldo_\Documents\SIIE\POC\servicio_hector\micros1\build\classes\java\main\com\company\micros1\controller\Micro1Controller.class]
2025-08-21 14:52:02 DEBUG o.s.c.a.ClassPathBeanDefinitionScanner - Identified candidate component class: file [C:\Users\aldo_\Documents\SIIE\POC\servicio_hector\micros1\build\classes\java\main\com\company\micros1\grpc\service\ProcesamientoAsyncService.class]
2025-08-21 14:52:02 DEBUG o.s.c.a.ClassPathBeanDefinitionScanner - Identified candidate component class: file [C:\Users\aldo_\Documents\SIIE\POC\servicio_hector\micros1\build\classes\java\main\com\company\micros1\grpc\service\solicitudResponse.class]
2025-08-21 14:52:03 DEBUG o.s.c.a.ClassPathBeanDefinitionScanner - Identified candidate component class: file [C:\Users\aldo_\Documents\SIIE\POC\servicio_hector\micros1\build\classes\java\main\com\company\micros1\grpc\service\SolicitudServiceImpl.class]
2025-08-21 14:52:03 DEBUG o.s.c.a.ClassPathBeanDefinitionScanner - Ignored because not a concrete top-level class: file [C:\Users\aldo_\Documents\SIIE\POC\servicio_hector\micros1\build\classes\java\main\com\company\micros1\repository\Micro1Repository.class]
2025-08-21 14:52:03 DEBUG o.s.c.a.ClassPathBeanDefinitionScanner - Identified candidate component class: file [C:\Users\aldo_\Documents\SIIE\POC\servicio_hector\micros1\build\classes\java\main\com\company\micros1\service\Micro1Service.class]
2025-08-21 14:52:03 DEBUG o.s.c.a.ClassPathBeanDefinitionScanner - Identified candidate component class: file [C:\Users\aldo_\Documents\SIIE\POC\servicio_hector\micros1\build\classes\java\main\com\company\micros1\service\Micro1ServiceAsincrono.class]
2025-08-21 14:52:03 DEBUG o.s.c.a.ClassPathBeanDefinitionScanner - Identified candidate component class: file [C:\Users\aldo_\Documents\SIIE\POC\servicio_hector\micros1\build\classes\java\main\com\company\micros1\utilitaria\Monitores.class]
2025-08-21 14:52:15 INFO  o.s.d.r.c.RepositoryConfigurationDelegate - Bootstrapping Spring Data JPA repositories in DEFAULT mode.
2025-08-21 14:52:15 DEBUG o.s.b.f.s.DefaultListableBeanFactory - Creating shared instance of singleton bean 'org.springframework.boot.autoconfigure.AutoConfigurationPackages'
2025-08-21 14:52:15 DEBUG o.s.b.a.AutoConfigurationPackages - @EnableAutoConfiguration was declared on a class in the package 'com.company.micros1'. Automatic @Repository and @Entity scanning is enabled.
2025-08-21 14:52:15 DEBUG o.s.c.a.ClassPathScanningCandidateComponentProvider - Identified candidate component class: file [C:\Users\aldo_\Documents\SIIE\POC\servicio_hector\micros1\build\classes\java\main\com\company\micros1\beans\SolicitudMapperImpl.class]
2025-08-21 14:52:15 DEBUG o.s.c.a.ClassPathScanningCandidateComponentProvider - Identified candidate component class: file [C:\Users\aldo_\Documents\SIIE\POC\servicio_hector\micros1\build\classes\java\main\com\company\micros1\grpc\service\SolicitudServiceImpl.class]
2025-08-21 14:52:15 INFO  o.s.d.r.c.RepositoryConfigurationDelegate - Finished Spring Data repository scanning in 278 ms. Found 1 JPA repository interface.
2025-08-21 14:52:16 DEBUG o.s.b.f.s.DefaultListableBeanFactory - Creating shared instance of singleton bean 'propertySourcesPlaceholderConfigurer'
2025-08-21 14:52:16 DEBUG o.s.b.f.s.DefaultListableBeanFactory - Creating shared instance of singleton bean 'emBeanDefinitionRegistrarPostProcessor'
2025-08-21 14:52:16 DEBUG o.s.b.f.s.DefaultListableBeanFactory - Creating shared instance of singleton bean 'org.springframework.boot.sql.init.dependency.DatabaseInitializationDependencyConfigurer$DependsOnDatabaseInitializationPostProcessor'
2025-08-21 14:52:16 DEBUG o.s.b.f.s.DefaultListableBeanFactory - Creating shared instance of singleton bean 'org.springframework.context.event.internalEventListenerProcessor'
2025-08-21 14:52:16 DEBUG o.s.b.f.s.DefaultListableBeanFactory - Creating shared instance of singleton bean 'bootstrapExecutorAliasPostProcessor'
2025-08-21 14:52:16 DEBUG o.s.b.f.s.DefaultListableBeanFactory - Creating shared instance of singleton bean 'preserveErrorControllerTargetClassPostProcessor'
2025-08-21 14:52:16 DEBUG o.s.b.f.s.DefaultListableBeanFactory - Creating shared instance of singleton bean 'grpcRequestScope'
2025-08-21 14:52:16 DEBUG o.s.b.f.s.DefaultListableBeanFactory - Creating shared instance of singleton bean 'org.springframework.context.event.internalEventListenerFactory'
2025-08-21 14:52:16 DEBUG o.s.b.f.s.DefaultListableBeanFactory - Creating shared instance of singleton bean 'org.springframework.transaction.config.internalTransactionalEventListenerFactory'
2025-08-21 14:52:16 DEBUG o.s.b.f.s.DefaultListableBeanFactory - Creating shared instance of singleton bean 'org.springframework.context.annotation.internalAutowiredAnnotationProcessor'
2025-08-21 14:52:16 DEBUG o.s.b.f.s.DefaultListableBeanFactory - Creating shared instance of singleton bean 'org.springframework.context.annotation.internalCommonAnnotationProcessor'
2025-08-21 14:52:16 DEBUG o.s.b.f.s.DefaultListableBeanFactory - Creating shared instance of singleton bean 'org.springframework.context.annotation.internalPersistenceAnnotationProcessor'
2025-08-21 14:52:16 DEBUG o.s.b.f.s.DefaultListableBeanFactory - Creating shared instance of singleton bean 'org.springframework.boot.context.properties.ConfigurationPropertiesBindingPostProcessor'
2025-08-21 14:52:16 DEBUG o.s.b.f.s.DefaultListableBeanFactory - Creating shared instance of singleton bean 'org.springframework.boot.context.internalConfigurationPropertiesBinder'
2025-08-21 14:52:16 DEBUG o.s.b.f.s.DefaultListableBeanFactory - Creating shared instance of singleton bean 'jdbcConnectionDetailsHikariBeanPostProcessor'
2025-08-21 14:52:16 DEBUG o.s.b.f.s.DefaultListableBeanFactory - Creating shared instance of singleton bean 'org.springframework.context.annotation.internalAsyncAnnotationProcessor'
2025-08-21 14:52:16 DEBUG o.s.b.f.s.DefaultListableBeanFactory - Creating shared instance of singleton bean 'org.springframework.scheduling.annotation.ProxyAsyncConfiguration'
2025-08-21 14:52:16 DEBUG o.s.b.f.s.DefaultListableBeanFactory - Creating shared instance of singleton bean 'org.springframework.context.annotation.internalScheduledAnnotationProcessor'
2025-08-21 14:52:16 DEBUG o.s.b.f.s.DefaultListableBeanFactory - Creating shared instance of singleton bean 'org.springframework.scheduling.annotation.SchedulingConfiguration'
2025-08-21 14:52:16 DEBUG o.s.b.f.s.DefaultListableBeanFactory - Creating shared instance of singleton bean 'org.springframework.aop.config.internalAutoProxyCreator'
2025-08-21 14:52:16 DEBUG o.s.b.f.s.DefaultListableBeanFactory - Creating shared instance of singleton bean 'persistenceExceptionTranslationPostProcessor'
2025-08-21 14:52:16 DEBUG o.s.b.f.s.DefaultListableBeanFactory - Autowiring by type from bean name 'persistenceExceptionTranslationPostProcessor' via factory method to bean named 'environment'
2025-08-21 14:52:16 DEBUG o.s.b.f.s.DefaultListableBeanFactory - Creating shared instance of singleton bean 'webServerFactoryCustomizerBeanPostProcessor'
2025-08-21 14:52:16 DEBUG o.s.b.f.s.DefaultListableBeanFactory - Creating shared instance of singleton bean 'errorPageRegistrarBeanPostProcessor'
2025-08-21 14:52:16 DEBUG o.s.b.f.s.DefaultListableBeanFactory - Creating shared instance of singleton bean 'meterRegistryPostProcessor'
2025-08-21 14:52:16 DEBUG o.s.b.f.s.DefaultListableBeanFactory - Creating shared instance of singleton bean 'org.springframework.transaction.config.internalTransactionAdvisor'
2025-08-21 14:52:16 DEBUG o.s.b.f.s.DefaultListableBeanFactory - Creating shared instance of singleton bean 'org.springframework.transaction.annotation.ProxyTransactionManagementConfiguration'
2025-08-21 14:52:17 DEBUG o.s.b.f.s.DefaultListableBeanFactory - Creating shared instance of singleton bean 'transactionAttributeSource'
2025-08-21 14:52:17 DEBUG o.s.b.f.s.DefaultListableBeanFactory - Creating shared instance of singleton bean 'transactionInterceptor'
2025-08-21 14:52:17 DEBUG o.s.b.f.s.DefaultListableBeanFactory - Autowiring by type from bean name 'transactionInterceptor' via factory method to bean named 'transactionAttributeSource'
2025-08-21 14:52:17 DEBUG o.s.b.f.s.DefaultListableBeanFactory - Autowiring by type from bean name 'org.springframework.transaction.config.internalTransactionAdvisor' via factory method to bean named 'transactionAttributeSource'
2025-08-21 14:52:17 DEBUG o.s.b.f.s.DefaultListableBeanFactory - Autowiring by type from bean name 'org.springframework.transaction.config.internalTransactionAdvisor' via factory method to bean named 'transactionInterceptor'
2025-08-21 14:52:17 DEBUG o.s.b.f.s.DefaultListableBeanFactory - Autowiring by type from bean name 'meterRegistryPostProcessor' via factory method to bean named 'org.springframework.boot.web.servlet.context.AnnotationConfigServletWebServerApplicationContext@191ae03f'
2025-08-21 14:52:17 DEBUG o.s.b.f.s.DefaultListableBeanFactory - Creating shared instance of singleton bean 'otelRestTemplateBeanPostProcessor'
2025-08-21 14:52:17 DEBUG o.s.b.f.s.DefaultListableBeanFactory - Creating shared instance of singleton bean 'observationRegistryPostProcessor'
2025-08-21 14:52:17 DEBUG o.s.b.f.s.DefaultListableBeanFactory - Creating shared instance of singleton bean 'healthEndpointGroupsBeanPostProcessor'
2025-08-21 14:52:17 DEBUG o.s.b.f.s.DefaultListableBeanFactory - Creating shared instance of singleton bean 'metricsRepositoryMethodInvocationListenerBeanPostProcessor'
2025-08-21 14:52:17 DEBUG o.s.b.f.s.DefaultListableBeanFactory - Creating shared instance of singleton bean 'projectingArgumentResolverBeanPostProcessor'
2025-08-21 14:52:17 DEBUG o.s.b.f.s.DefaultListableBeanFactory - Creating shared instance of singleton bean 'tomcatServletWebServerFactory'
2025-08-21 14:52:17 DEBUG o.s.b.f.s.DefaultListableBeanFactory - Creating shared instance of singleton bean 'org.springframework.boot.autoconfigure.web.servlet.ServletWebServerFactoryConfiguration$EmbeddedTomcat'
2025-08-21 14:52:17 DEBUG o.s.b.f.s.DefaultListableBeanFactory - Creating shared instance of singleton bean 'websocketServletWebServerCustomizer'
2025-08-21 14:52:17 DEBUG o.s.b.f.s.DefaultListableBeanFactory - Creating shared instance of singleton bean 'org.springframework.boot.autoconfigure.websocket.servlet.WebSocketServletAutoConfiguration$TomcatWebSocketConfiguration'
2025-08-21 14:52:17 DEBUG o.s.b.f.s.DefaultListableBeanFactory - Creating shared instance of singleton bean 'servletWebServerFactoryCustomizer'
2025-08-21 14:52:17 DEBUG o.s.b.f.s.DefaultListableBeanFactory - Creating shared instance of singleton bean 'org.springframework.boot.autoconfigure.web.servlet.ServletWebServerFactoryAutoConfiguration'
2025-08-21 14:52:17 DEBUG o.s.b.f.s.DefaultListableBeanFactory - Creating shared instance of singleton bean 'server-org.springframework.boot.autoconfigure.web.ServerProperties'
2025-08-21 14:52:17 DEBUG o.s.b.f.s.DefaultListableBeanFactory - Creating shared instance of singleton bean 'org.springframework.boot.context.properties.BoundConfigurationProperties'
2025-08-21 14:52:17 DEBUG o.s.b.f.s.DefaultListableBeanFactory - Autowiring by type from bean name 'servletWebServerFactoryCustomizer' via factory method to bean named 'server-org.springframework.boot.autoconfigure.web.ServerProperties'
2025-08-21 14:52:17 DEBUG o.s.b.f.s.DefaultListableBeanFactory - Creating shared instance of singleton bean 'sslBundleRegistry'
2025-08-21 14:52:17 DEBUG o.s.b.f.s.DefaultListableBeanFactory - Creating shared instance of singleton bean 'org.springframework.boot.autoconfigure.ssl.SslAutoConfiguration'
2025-08-21 14:52:17 DEBUG o.s.b.f.s.DefaultListableBeanFactory - Creating shared instance of singleton bean 'spring.ssl-org.springframework.boot.autoconfigure.ssl.SslProperties'
2025-08-21 14:52:17 DEBUG o.s.b.f.s.DefaultListableBeanFactory - Autowiring by type from bean name 'org.springframework.boot.autoconfigure.ssl.SslAutoConfiguration' via constructor to bean named 'org.springframework.boot.web.servlet.context.AnnotationConfigServletWebServerApplicationContext@191ae03f'
2025-08-21 14:52:17 DEBUG o.s.b.f.s.DefaultListableBeanFactory - Autowiring by type from bean name 'org.springframework.boot.autoconfigure.ssl.SslAutoConfiguration' via constructor to bean named 'spring.ssl-org.springframework.boot.autoconfigure.ssl.SslProperties'
2025-08-21 14:52:17 DEBUG o.s.b.f.s.DefaultListableBeanFactory - Creating shared instance of singleton bean 'sslPropertiesSslBundleRegistrar'
2025-08-21 14:52:17 DEBUG o.s.b.f.s.DefaultListableBeanFactory - Creating shared instance of singleton bean 'fileWatcher'
2025-08-21 14:52:17 DEBUG o.s.b.f.s.DefaultListableBeanFactory - Autowiring by type from bean name 'sslPropertiesSslBundleRegistrar' via factory method to bean named 'fileWatcher'
2025-08-21 14:52:17 DEBUG o.s.b.f.s.DefaultListableBeanFactory - Creating shared instance of singleton bean 'tomcatServletWebServerFactoryCustomizer'
2025-08-21 14:52:17 DEBUG o.s.b.f.s.DefaultListableBeanFactory - Autowiring by type from bean name 'tomcatServletWebServerFactoryCustomizer' via factory method to bean named 'server-org.springframework.boot.autoconfigure.web.ServerProperties'
2025-08-21 14:52:17 DEBUG o.s.b.f.s.DefaultListableBeanFactory - Creating shared instance of singleton bean 'tomcatWebServerFactoryCustomizer'
2025-08-21 14:52:17 DEBUG o.s.b.f.s.DefaultListableBeanFactory - Creating shared instance of singleton bean 'org.springframework.boot.autoconfigure.web.embedded.EmbeddedWebServerFactoryCustomizerAutoConfiguration$TomcatWebServerFactoryCustomizerConfiguration'
2025-08-21 14:52:17 DEBUG o.s.b.f.s.DefaultListableBeanFactory - Autowiring by type from bean name 'tomcatWebServerFactoryCustomizer' via factory method to bean named 'environment'
2025-08-21 14:52:17 DEBUG o.s.b.f.s.DefaultListableBeanFactory - Autowiring by type from bean name 'tomcatWebServerFactoryCustomizer' via factory method to bean named 'server-org.springframework.boot.autoconfigure.web.ServerProperties'
2025-08-21 14:52:17 DEBUG o.s.b.f.s.DefaultListableBeanFactory - Creating shared instance of singleton bean 'localeCharsetMappingsCustomizer'
2025-08-21 14:52:17 DEBUG o.s.b.f.s.DefaultListableBeanFactory - Creating shared instance of singleton bean 'org.springframework.boot.autoconfigure.web.servlet.HttpEncodingAutoConfiguration'
2025-08-21 14:52:17 DEBUG o.s.b.f.s.DefaultListableBeanFactory - Autowiring by type from bean name 'org.springframework.boot.autoconfigure.web.servlet.HttpEncodingAutoConfiguration' via constructor to bean named 'server-org.springframework.boot.autoconfigure.web.ServerProperties'
2025-08-21 14:52:17 DEBUG o.s.b.f.s.DefaultListableBeanFactory - Creating shared instance of singleton bean 'errorPageCustomizer'
2025-08-21 14:52:17 DEBUG o.s.b.f.s.DefaultListableBeanFactory - Creating shared instance of singleton bean 'org.springframework.boot.autoconfigure.web.servlet.error.ErrorMvcAutoConfiguration'
2025-08-21 14:52:17 DEBUG o.s.b.f.s.DefaultListableBeanFactory - Autowiring by type from bean name 'org.springframework.boot.autoconfigure.web.servlet.error.ErrorMvcAutoConfiguration' via constructor to bean named 'server-org.springframework.boot.autoconfigure.web.ServerProperties'
2025-08-21 14:52:17 DEBUG o.s.b.f.s.DefaultListableBeanFactory - Creating shared instance of singleton bean 'dispatcherServletRegistration'
2025-08-21 14:52:17 DEBUG o.s.b.f.s.DefaultListableBeanFactory - Creating shared instance of singleton bean 'org.springframework.boot.autoconfigure.web.servlet.DispatcherServletAutoConfiguration$DispatcherServletRegistrationConfiguration'
2025-08-21 14:52:17 DEBUG o.s.b.f.s.DefaultListableBeanFactory - Creating shared instance of singleton bean 'dispatcherServlet'
2025-08-21 14:52:17 DEBUG o.s.b.f.s.DefaultListableBeanFactory - Creating shared instance of singleton bean 'org.springframework.boot.autoconfigure.web.servlet.DispatcherServletAutoConfiguration$DispatcherServletConfiguration'
2025-08-21 14:52:17 DEBUG o.s.b.f.s.DefaultListableBeanFactory - Creating shared instance of singleton bean 'spring.mvc-org.springframework.boot.autoconfigure.web.servlet.WebMvcProperties'
2025-08-21 14:52:17 DEBUG o.s.b.f.s.DefaultListableBeanFactory - Autowiring by type from bean name 'dispatcherServlet' via factory method to bean named 'spring.mvc-org.springframework.boot.autoconfigure.web.servlet.WebMvcProperties'
2025-08-21 14:52:18 DEBUG o.s.b.f.s.DefaultListableBeanFactory - Autowiring by type from bean name 'dispatcherServletRegistration' via factory method to bean named 'dispatcherServlet'
2025-08-21 14:52:18 DEBUG o.s.b.f.s.DefaultListableBeanFactory - Autowiring by type from bean name 'dispatcherServletRegistration' via factory method to bean named 'spring.mvc-org.springframework.boot.autoconfigure.web.servlet.WebMvcProperties'
2025-08-21 14:52:18 DEBUG o.s.b.f.s.DefaultListableBeanFactory - Creating shared instance of singleton bean 'multipartConfigElement'
2025-08-21 14:52:18 DEBUG o.s.b.f.s.DefaultListableBeanFactory - Creating shared instance of singleton bean 'org.springframework.boot.autoconfigure.web.servlet.MultipartAutoConfiguration'
2025-08-21 14:52:18 DEBUG o.s.b.f.s.DefaultListableBeanFactory - Creating shared instance of singleton bean 'spring.servlet.multipart-org.springframework.boot.autoconfigure.web.servlet.MultipartProperties'
2025-08-21 14:52:18 DEBUG o.s.b.f.s.DefaultListableBeanFactory - Autowiring by type from bean name 'org.springframework.boot.autoconfigure.web.servlet.MultipartAutoConfiguration' via constructor to bean named 'spring.servlet.multipart-org.springframework.boot.autoconfigure.web.servlet.MultipartProperties'
2025-08-21 14:52:18 DEBUG o.s.b.f.s.DefaultListableBeanFactory - Autowiring by type from bean name 'errorPageCustomizer' via factory method to bean named 'dispatcherServletRegistration'
2025-08-21 14:52:18 DEBUG o.s.b.w.e.t.TomcatServletWebServerFactory - Code archive: C:\Users\aldo_\.gradle\caches\modules-2\files-2.1\org.springframework.boot\spring-boot\3.5.4\a6fedec8de3c937fc7ea9dd47340bdee29c94af\spring-boot-3.5.4.jar
2025-08-21 14:52:18 DEBUG o.s.b.w.e.t.TomcatServletWebServerFactory - Code archive: C:\Users\aldo_\.gradle\caches\modules-2\files-2.1\org.springframework.boot\spring-boot\3.5.4\a6fedec8de3c937fc7ea9dd47340bdee29c94af\spring-boot-3.5.4.jar
2025-08-21 14:52:18 DEBUG o.s.b.w.e.t.TomcatServletWebServerFactory - None of the document roots [src/main/webapp, public, static] point to a directory and will be ignored.
2025-08-21 14:52:18 INFO  o.s.b.w.e.tomcat.TomcatWebServer - Tomcat initialized with port 8084 (http)
2025-08-21 14:52:18 INFO  o.a.coyote.http11.Http11NioProtocol - Initializing ProtocolHandler ["http-nio-8084"]
2025-08-21 14:52:18 INFO  o.a.catalina.core.StandardService - Starting service [Tomcat]
2025-08-21 14:52:18 INFO  o.a.catalina.core.StandardEngine - Starting Servlet engine: [Apache Tomcat/10.1.43]
2025-08-21 14:52:19 INFO  o.a.c.c.C.[Tomcat].[localhost].[/] - Initializing Spring embedded WebApplicationContext
2025-08-21 14:52:19 DEBUG o.s.b.w.s.c.ServletWebServerApplicationContext - Published root WebApplicationContext as ServletContext attribute with name [org.springframework.web.context.WebApplicationContext.ROOT]
2025-08-21 14:52:19 INFO  o.s.b.w.s.c.ServletWebServerApplicationContext - Root WebApplicationContext: initialization completed in 19515 ms
2025-08-21 14:52:19 DEBUG o.s.b.f.s.DefaultListableBeanFactory - Creating shared instance of singleton bean 'webMvcObservationFilter'
2025-08-21 14:52:19 DEBUG o.s.b.f.s.DefaultListableBeanFactory - Creating shared instance of singleton bean 'org.springframework.boot.actuate.autoconfigure.observation.web.servlet.WebMvcObservationAutoConfiguration'
2025-08-21 14:52:19 DEBUG o.s.b.f.s.DefaultListableBeanFactory - Creating shared instance of singleton bean 'observationRegistry'
2025-08-21 14:52:19 DEBUG o.s.b.f.s.DefaultListableBeanFactory - Creating shared instance of singleton bean 'org.springframework.boot.actuate.autoconfigure.observation.ObservationAutoConfiguration'
2025-08-21 14:52:19 DEBUG o.s.b.f.s.DefaultListableBeanFactory - Creating shared instance of singleton bean 'propertiesObservationFilter'
2025-08-21 14:52:19 DEBUG o.s.b.f.s.DefaultListableBeanFactory - Creating shared instance of singleton bean 'management.observations-org.springframework.boot.actuate.autoconfigure.observation.ObservationProperties'
2025-08-21 14:52:19 DEBUG o.s.b.f.s.DefaultListableBeanFactory - Autowiring by type from bean name 'propertiesObservationFilter' via factory method to bean named 'management.observations-org.springframework.boot.actuate.autoconfigure.observation.ObservationProperties'
2025-08-21 14:52:19 DEBUG o.s.b.f.s.DefaultListableBeanFactory - Creating shared instance of singleton bean 'metricsAndTracingObservationHandlerGrouping'
2025-08-21 14:52:19 DEBUG o.s.b.f.s.DefaultListableBeanFactory - Creating shared instance of singleton bean 'org.springframework.boot.actuate.autoconfigure.observation.ObservationAutoConfiguration$MetricsWithTracingConfiguration'
2025-08-21 14:52:19 DEBUG o.s.b.f.s.DefaultListableBeanFactory - Creating shared instance of singleton bean 'defaultTracingObservationHandler'
2025-08-21 14:52:19 DEBUG o.s.b.f.s.DefaultListableBeanFactory - Creating shared instance of singleton bean 'org.springframework.boot.actuate.autoconfigure.tracing.MicrometerTracingAutoConfiguration'
2025-08-21 14:52:19 DEBUG o.s.b.f.s.DefaultListableBeanFactory - Creating shared instance of singleton bean 'micrometerOtelTracer'
2025-08-21 14:52:19 DEBUG o.s.b.f.s.DefaultListableBeanFactory - Creating shared instance of singleton bean 'org.springframework.boot.actuate.autoconfigure.tracing.OpenTelemetryTracingAutoConfiguration'
2025-08-21 14:52:19 DEBUG o.s.b.f.s.DefaultListableBeanFactory - Creating shared instance of singleton bean 'management.tracing-org.springframework.boot.actuate.autoconfigure.tracing.TracingProperties'
2025-08-21 14:52:19 DEBUG o.s.b.f.s.DefaultListableBeanFactory - Autowiring by type from bean name 'org.springframework.boot.actuate.autoconfigure.tracing.OpenTelemetryTracingAutoConfiguration' via constructor to bean named 'management.tracing-org.springframework.boot.actuate.autoconfigure.tracing.TracingProperties'
2025-08-21 14:52:19 DEBUG o.s.b.f.s.DefaultListableBeanFactory - Creating shared instance of singleton bean 'otelTracer'
2025-08-21 14:52:19 DEBUG o.s.b.f.s.DefaultListableBeanFactory - Creating shared instance of singleton bean 'customOpenTelemetry'
2025-08-21 14:52:19 DEBUG o.s.b.f.s.DefaultListableBeanFactory - Creating shared instance of singleton bean 'telemetryConfiguration'
2025-08-21 14:52:19 INFO  c.c.m.config.TelemetryConfiguration - 🔧 CONSTRUCTOR: TelemetryConfiguration inicializándose...
2025-08-21 14:52:19 INFO  c.c.m.config.TelemetryConfiguration - 🚀 POST-CONSTRUCT: TelemetryConfiguration configurada
2025-08-21 14:52:19 INFO  c.c.m.config.TelemetryConfiguration - 📡 Endpoint: http://host.docker.internal:4318/v1/traces
2025-08-21 14:52:19 INFO  c.c.m.config.TelemetryConfiguration - 🏷️  Service: micros1 v1.0.0
2025-08-21 14:52:19 INFO  c.c.m.config.TelemetryConfiguration - 🔧 Configurando OpenTelemetry SDK...
2025-08-21 14:52:20 DEBUG i.o.e.i.http.HttpExporterBuilder - Using HttpSender: io.opentelemetry.exporter.sender.okhttp.internal.OkHttpHttpSender
2025-08-21 14:52:20 INFO  c.c.m.config.TelemetryConfiguration - ✅ OTLP HTTP Span Exporter creado: http://host.docker.internal:4318/v1/traces
2025-08-21 14:52:20 INFO  c.c.m.config.TelemetryConfiguration - ✅ Resource creado con service.name: micros1
2025-08-21 14:52:20 INFO  c.c.m.config.TelemetryConfiguration - ✅ BatchSpanProcessor creado
2025-08-21 14:52:20 INFO  c.c.m.config.TelemetryConfiguration - ✅ SdkTracerProvider creado
2025-08-21 14:52:20 DEBUG i.o.sdk.internal.JavaVersionSpecific - Using the APIs optimized for: Java 9+
2025-08-21 14:52:20 INFO  c.c.m.config.TelemetryConfiguration - 🎯 ¡OpenTelemetry SDK inicializado exitosamente!
2025-08-21 14:52:20 INFO  c.c.m.config.TelemetryConfiguration - 📤 Las trazas se enviarán a: http://host.docker.internal:4318/v1/traces
2025-08-21 14:52:20 DEBUG o.s.b.f.s.DefaultListableBeanFactory - Autowiring by type from bean name 'otelTracer' via factory method to bean named 'customOpenTelemetry'
2025-08-21 14:52:20 DEBUG o.s.b.f.s.DefaultListableBeanFactory - Creating shared instance of singleton bean 'otelTracerEventPublisher'
2025-08-21 14:52:20 DEBUG o.s.b.f.s.DefaultListableBeanFactory - Creating shared instance of singleton bean 'otelSlf4JBaggageEventListener'
2025-08-21 14:52:20 DEBUG o.s.b.f.s.DefaultListableBeanFactory - Creating shared instance of singleton bean 'org.springframework.boot.actuate.autoconfigure.tracing.OpenTelemetryPropagationConfigurations$PropagationWithBaggage'
2025-08-21 14:52:20 DEBUG o.s.b.f.s.DefaultListableBeanFactory - Autowiring by type from bean name 'org.springframework.boot.actuate.autoconfigure.tracing.OpenTelemetryPropagationConfigurations$PropagationWithBaggage' via constructor to bean named 'management.tracing-org.springframework.boot.actuate.autoconfigure.tracing.TracingProperties'
2025-08-21 14:52:20 DEBUG i.m.c.u.i.l.InternalLoggerFactory - Using SLF4J as the default logging framework
2025-08-21 14:52:20 DEBUG o.s.b.f.s.DefaultListableBeanFactory - Creating shared instance of singleton bean 'otelSlf4JEventListener'
2025-08-21 14:52:20 DEBUG o.s.b.f.s.DefaultListableBeanFactory - Autowiring by type from bean name 'otelTracerEventPublisher' via factory method to bean named 'otelSlf4JBaggageEventListener'
2025-08-21 14:52:20 DEBUG o.s.b.f.s.DefaultListableBeanFactory - Autowiring by type from bean name 'otelTracerEventPublisher' via factory method to bean named 'otelSlf4JEventListener'
2025-08-21 14:52:20 DEBUG o.s.b.f.s.DefaultListableBeanFactory - Creating shared instance of singleton bean 'otelCurrentTraceContext'
2025-08-21 14:52:20 DEBUG o.s.b.f.s.DefaultListableBeanFactory - Autowiring by type from bean name 'micrometerOtelTracer' via factory method to bean named 'otelTracer'
2025-08-21 14:52:20 DEBUG o.s.b.f.s.DefaultListableBeanFactory - Autowiring by type from bean name 'micrometerOtelTracer' via factory method to bean named 'otelTracerEventPublisher'
2025-08-21 14:52:20 DEBUG o.s.b.f.s.DefaultListableBeanFactory - Autowiring by type from bean name 'micrometerOtelTracer' via factory method to bean named 'otelCurrentTraceContext'
2025-08-21 14:52:20 DEBUG o.s.b.f.s.DefaultListableBeanFactory - Autowiring by type from bean name 'defaultTracingObservationHandler' via factory method to bean named 'micrometerOtelTracer'
2025-08-21 14:52:20 DEBUG o.s.b.f.s.DefaultListableBeanFactory - Creating shared instance of singleton bean 'propagatingSenderTracingObservationHandler'
2025-08-21 14:52:20 DEBUG o.s.b.f.s.DefaultListableBeanFactory - Creating shared instance of singleton bean 'otelPropagator'
2025-08-21 14:52:20 DEBUG o.s.b.f.s.DefaultListableBeanFactory - Creating shared instance of singleton bean 'contextPropagators'
2025-08-21 14:52:20 DEBUG o.s.b.f.s.DefaultListableBeanFactory - Creating shared instance of singleton bean 'io.opentelemetry.instrumentation.spring.autoconfigure.propagators.PropagationAutoConfiguration'
2025-08-21 14:52:20 DEBUG o.s.b.f.s.DefaultListableBeanFactory - Creating shared instance of singleton bean 'compositeTextMapPropagator'
2025-08-21 14:52:20 DEBUG o.s.b.f.s.DefaultListableBeanFactory - Creating shared instance of singleton bean 'io.opentelemetry.instrumentation.spring.autoconfigure.propagators.PropagationAutoConfiguration$PropagatorsConfiguration'
2025-08-21 14:52:20 DEBUG o.s.b.f.s.DefaultListableBeanFactory - Creating shared instance of singleton bean 'otel.propagation-io.opentelemetry.instrumentation.spring.autoconfigure.propagators.PropagationProperties'
2025-08-21 14:52:20 DEBUG o.s.b.f.s.DefaultListableBeanFactory - Autowiring by type from bean name 'compositeTextMapPropagator' via factory method to bean named 'org.springframework.beans.factory.support.DefaultListableBeanFactory@66b72664'
2025-08-21 14:52:20 DEBUG o.s.b.f.s.DefaultListableBeanFactory - Autowiring by type from bean name 'compositeTextMapPropagator' via factory method to bean named 'otel.propagation-io.opentelemetry.instrumentation.spring.autoconfigure.propagators.PropagationProperties'
2025-08-21 14:52:20 DEBUG o.s.b.f.s.DefaultListableBeanFactory - Creating shared instance of singleton bean 'textMapPropagatorWithBaggage'
2025-08-21 14:52:20 DEBUG o.s.b.f.s.DefaultListableBeanFactory - Autowiring by type from bean name 'textMapPropagatorWithBaggage' via factory method to bean named 'otelCurrentTraceContext'
2025-08-21 14:52:20 DEBUG o.s.b.f.s.DefaultListableBeanFactory - Autowiring by type from bean name 'otelPropagator' via factory method to bean named 'contextPropagators'
2025-08-21 14:52:20 DEBUG o.s.b.f.s.DefaultListableBeanFactory - Autowiring by type from bean name 'otelPropagator' via factory method to bean named 'otelTracer'
2025-08-21 14:52:20 DEBUG o.s.b.f.s.DefaultListableBeanFactory - Autowiring by type from bean name 'propagatingSenderTracingObservationHandler' via factory method to bean named 'micrometerOtelTracer'
2025-08-21 14:52:20 DEBUG o.s.b.f.s.DefaultListableBeanFactory - Autowiring by type from bean name 'propagatingSenderTracingObservationHandler' via factory method to bean named 'otelPropagator'
2025-08-21 14:52:20 DEBUG o.s.b.f.s.DefaultListableBeanFactory - Creating shared instance of singleton bean 'propagatingReceiverTracingObservationHandler'
2025-08-21 14:52:20 DEBUG o.s.b.f.s.DefaultListableBeanFactory - Autowiring by type from bean name 'propagatingReceiverTracingObservationHandler' via factory method to bean named 'micrometerOtelTracer'
2025-08-21 14:52:20 DEBUG o.s.b.f.s.DefaultListableBeanFactory - Autowiring by type from bean name 'propagatingReceiverTracingObservationHandler' via factory method to bean named 'otelPropagator'
2025-08-21 14:52:20 DEBUG o.s.b.f.s.DefaultListableBeanFactory - Creating shared instance of singleton bean 'tracingAwareMeterObservationHandler'
2025-08-21 14:52:20 DEBUG o.s.b.f.s.DefaultListableBeanFactory - Creating shared instance of singleton bean 'org.springframework.boot.actuate.autoconfigure.observation.ObservationAutoConfiguration$MeterObservationHandlerConfiguration$TracingAndMetricsObservationHandlerConfiguration'
2025-08-21 14:52:20 DEBUG o.s.b.f.s.DefaultListableBeanFactory - Creating shared instance of singleton bean 'prometheusMeterRegistry'
2025-08-21 14:52:20 DEBUG o.s.b.f.s.DefaultListableBeanFactory - Creating shared instance of singleton bean 'org.springframework.boot.actuate.autoconfigure.metrics.export.prometheus.PrometheusMetricsExportAutoConfiguration'
2025-08-21 14:52:20 DEBUG o.s.b.f.s.DefaultListableBeanFactory - Creating shared instance of singleton bean 'prometheusConfig'
2025-08-21 14:52:20 DEBUG o.s.b.f.s.DefaultListableBeanFactory - Creating shared instance of singleton bean 'management.prometheus.metrics.export-org.springframework.boot.actuate.autoconfigure.metrics.export.prometheus.PrometheusProperties'
2025-08-21 14:52:20 DEBUG o.s.b.f.s.DefaultListableBeanFactory - Autowiring by type from bean name 'prometheusConfig' via factory method to bean named 'management.prometheus.metrics.export-org.springframework.boot.actuate.autoconfigure.metrics.export.prometheus.PrometheusProperties'
2025-08-21 14:52:20 DEBUG o.s.b.f.s.DefaultListableBeanFactory - Creating shared instance of singleton bean 'prometheusRegistry'
2025-08-21 14:52:20 DEBUG o.s.b.f.s.DefaultListableBeanFactory - Creating shared instance of singleton bean 'micrometerClock'
2025-08-21 14:52:20 DEBUG o.s.b.f.s.DefaultListableBeanFactory - Creating shared instance of singleton bean 'org.springframework.boot.actuate.autoconfigure.metrics.MetricsAutoConfiguration'
2025-08-21 14:52:20 DEBUG o.s.b.f.s.DefaultListableBeanFactory - Autowiring by type from bean name 'prometheusMeterRegistry' via factory method to bean named 'prometheusConfig'
2025-08-21 14:52:20 DEBUG o.s.b.f.s.DefaultListableBeanFactory - Autowiring by type from bean name 'prometheusMeterRegistry' via factory method to bean named 'prometheusRegistry'
2025-08-21 14:52:20 DEBUG o.s.b.f.s.DefaultListableBeanFactory - Autowiring by type from bean name 'prometheusMeterRegistry' via factory method to bean named 'micrometerClock'
2025-08-21 14:52:20 DEBUG o.s.b.f.s.DefaultListableBeanFactory - Creating shared instance of singleton bean 'spanContext'
2025-08-21 14:52:20 DEBUG o.s.b.f.s.DefaultListableBeanFactory - Creating shared instance of singleton bean 'org.springframework.boot.actuate.autoconfigure.tracing.prometheus.PrometheusExemplarsAutoConfiguration'
2025-08-21 14:52:21 DEBUG o.s.b.f.s.DefaultListableBeanFactory - Creating shared instance of singleton bean 'propertiesMeterFilter'
2025-08-21 14:52:21 DEBUG o.s.b.f.s.DefaultListableBeanFactory - Creating shared instance of singleton bean 'management.metrics-org.springframework.boot.actuate.autoconfigure.metrics.MetricsProperties'
2025-08-21 14:52:21 DEBUG o.s.b.f.s.DefaultListableBeanFactory - Autowiring by type from bean name 'propertiesMeterFilter' via factory method to bean named 'management.metrics-org.springframework.boot.actuate.autoconfigure.metrics.MetricsProperties'
2025-08-21 14:52:21 DEBUG o.s.b.f.s.DefaultListableBeanFactory - Creating shared instance of singleton bean 'metricsHttpClientUriTagFilter'
2025-08-21 14:52:21 DEBUG o.s.b.f.s.DefaultListableBeanFactory - Creating shared instance of singleton bean 'org.springframework.boot.actuate.autoconfigure.observation.web.client.HttpClientObservationsAutoConfiguration$MeterFilterConfiguration'
2025-08-21 14:52:21 DEBUG o.s.b.f.s.DefaultListableBeanFactory - Autowiring by type from bean name 'metricsHttpClientUriTagFilter' via factory method to bean named 'management.observations-org.springframework.boot.actuate.autoconfigure.observation.ObservationProperties'
2025-08-21 14:52:21 DEBUG o.s.b.f.s.DefaultListableBeanFactory - Autowiring by type from bean name 'metricsHttpClientUriTagFilter' via factory method to bean named 'management.metrics-org.springframework.boot.actuate.autoconfigure.metrics.MetricsProperties'
2025-08-21 14:52:21 DEBUG o.s.b.f.s.DefaultListableBeanFactory - Creating shared instance of singleton bean 'metricsHttpServerUriTagFilter'
2025-08-21 14:52:21 DEBUG o.s.b.f.s.DefaultListableBeanFactory - Creating shared instance of singleton bean 'org.springframework.boot.actuate.autoconfigure.observation.web.servlet.WebMvcObservationAutoConfiguration$MeterFilterConfiguration'
2025-08-21 14:52:21 DEBUG o.s.b.f.s.DefaultListableBeanFactory - Autowiring by type from bean name 'metricsHttpServerUriTagFilter' via factory method to bean named 'management.observations-org.springframework.boot.actuate.autoconfigure.observation.ObservationProperties'
2025-08-21 14:52:21 DEBUG o.s.b.f.s.DefaultListableBeanFactory - Autowiring by type from bean name 'metricsHttpServerUriTagFilter' via factory method to bean named 'management.metrics-org.springframework.boot.actuate.autoconfigure.metrics.MetricsProperties'
2025-08-21 14:52:21 DEBUG o.s.b.f.s.DefaultListableBeanFactory - Autowiring by type from bean name 'tracingAwareMeterObservationHandler' via factory method to bean named 'prometheusMeterRegistry'
2025-08-21 14:52:21 DEBUG o.s.b.f.s.DefaultListableBeanFactory - Autowiring by type from bean name 'tracingAwareMeterObservationHandler' via factory method to bean named 'micrometerOtelTracer'
2025-08-21 14:52:21 DEBUG o.s.b.f.s.DefaultListableBeanFactory - Autowiring by type from bean name 'tracingAwareMeterObservationHandler' via factory method to bean named 'management.observations-org.springframework.boot.actuate.autoconfigure.observation.ObservationProperties'
2025-08-21 14:52:21 DEBUG o.s.b.f.s.DefaultListableBeanFactory - Autowiring by type from bean name 'webMvcObservationFilter' via factory method to bean named 'observationRegistry'
2025-08-21 14:52:21 DEBUG o.s.b.f.s.DefaultListableBeanFactory - Autowiring by type from bean name 'webMvcObservationFilter' via factory method to bean named 'management.observations-org.springframework.boot.actuate.autoconfigure.observation.ObservationProperties'
2025-08-21 14:52:21 DEBUG o.s.b.f.s.DefaultListableBeanFactory - Creating shared instance of singleton bean 'servletEndpointRegistrar'
2025-08-21 14:52:21 DEBUG o.s.b.f.s.DefaultListableBeanFactory - Creating shared instance of singleton bean 'org.springframework.boot.actuate.autoconfigure.endpoint.web.ServletEndpointManagementContextConfiguration$WebMvcServletEndpointManagementContextConfiguration'
2025-08-21 14:52:21 DEBUG o.s.b.f.s.DefaultListableBeanFactory - Creating shared instance of singleton bean 'management.endpoints.web-org.springframework.boot.actuate.autoconfigure.endpoint.web.WebEndpointProperties'
2025-08-21 14:52:21 DEBUG o.s.b.f.s.DefaultListableBeanFactory - Creating shared instance of singleton bean 'servletEndpointDiscoverer'
2025-08-21 14:52:21 DEBUG o.s.b.f.s.DefaultListableBeanFactory - Creating shared instance of singleton bean 'org.springframework.boot.actuate.autoconfigure.endpoint.web.WebEndpointAutoConfiguration$WebEndpointServletConfiguration'
2025-08-21 14:52:21 DEBUG o.s.b.f.s.DefaultListableBeanFactory - Autowiring by type from bean name 'servletEndpointDiscoverer' via factory method to bean named 'org.springframework.boot.web.servlet.context.AnnotationConfigServletWebServerApplicationContext@191ae03f'
2025-08-21 14:52:21 DEBUG o.s.b.f.s.DefaultListableBeanFactory - Creating shared instance of singleton bean 'webEndpointPathMapper'
2025-08-21 14:52:21 DEBUG o.s.b.f.s.DefaultListableBeanFactory - Creating shared instance of singleton bean 'org.springframework.boot.actuate.autoconfigure.endpoint.web.WebEndpointAutoConfiguration'
2025-08-21 14:52:21 DEBUG o.s.b.f.s.DefaultListableBeanFactory - Autowiring by type from bean name 'org.springframework.boot.actuate.autoconfigure.endpoint.web.WebEndpointAutoConfiguration' via constructor to bean named 'org.springframework.boot.web.servlet.context.AnnotationConfigServletWebServerApplicationContext@191ae03f'
2025-08-21 14:52:21 DEBUG o.s.b.f.s.DefaultListableBeanFactory - Autowiring by type from bean name 'org.springframework.boot.actuate.autoconfigure.endpoint.web.WebEndpointAutoConfiguration' via constructor to bean named 'management.endpoints.web-org.springframework.boot.actuate.autoconfigure.endpoint.web.WebEndpointProperties'
2025-08-21 14:52:21 DEBUG o.s.b.f.s.DefaultListableBeanFactory - Creating shared instance of singleton bean 'servletExposeExcludePropertyEndpointFilter'
2025-08-21 14:52:21 DEBUG o.s.b.f.s.DefaultListableBeanFactory - Creating shared instance of singleton bean 'org.springframework.boot.actuate.autoconfigure.endpoint.web.ServletEndpointManagementContextConfiguration'
2025-08-21 14:52:21 DEBUG o.s.b.f.s.DefaultListableBeanFactory - Autowiring by type from bean name 'servletExposeExcludePropertyEndpointFilter' via factory method to bean named 'management.endpoints.web-org.springframework.boot.actuate.autoconfigure.endpoint.web.WebEndpointProperties'
2025-08-21 14:52:21 DEBUG o.s.b.f.s.DefaultListableBeanFactory - Creating shared instance of singleton bean 'propertiesEndpointAccessResolver'
2025-08-21 14:52:21 DEBUG o.s.b.f.s.DefaultListableBeanFactory - Creating shared instance of singleton bean 'org.springframework.boot.actuate.autoconfigure.endpoint.EndpointAutoConfiguration'
2025-08-21 14:52:21 DEBUG o.s.b.f.s.DefaultListableBeanFactory - Autowiring by type from bean name 'propertiesEndpointAccessResolver' via factory method to bean named 'environment'
2025-08-21 14:52:21 DEBUG o.s.b.f.s.DefaultListableBeanFactory - Autowiring by type from bean name 'servletEndpointRegistrar' via factory method to bean named 'management.endpoints.web-org.springframework.boot.actuate.autoconfigure.endpoint.web.WebEndpointProperties'
2025-08-21 14:52:21 DEBUG o.s.b.f.s.DefaultListableBeanFactory - Autowiring by type from bean name 'servletEndpointRegistrar' via factory method to bean named 'servletEndpointDiscoverer'
2025-08-21 14:52:21 DEBUG o.s.b.f.s.DefaultListableBeanFactory - Autowiring by type from bean name 'servletEndpointRegistrar' via factory method to bean named 'dispatcherServletRegistration'
2025-08-21 14:52:21 DEBUG o.s.b.f.s.DefaultListableBeanFactory - Autowiring by type from bean name 'servletEndpointRegistrar' via factory method to bean named 'propertiesEndpointAccessResolver'
2025-08-21 14:52:21 DEBUG o.s.b.f.s.DefaultListableBeanFactory - Creating shared instance of singleton bean 'requestContextFilter'
2025-08-21 14:52:21 DEBUG o.s.b.f.s.DefaultListableBeanFactory - Creating shared instance of singleton bean 'formContentFilter'
2025-08-21 14:52:21 DEBUG o.s.b.f.s.DefaultListableBeanFactory - Creating shared instance of singleton bean 'org.springframework.boot.autoconfigure.web.servlet.WebMvcAutoConfiguration'
2025-08-21 14:52:21 DEBUG o.s.b.f.s.DefaultListableBeanFactory - Creating shared instance of singleton bean 'otelWebMvcFilter'
2025-08-21 14:52:21 DEBUG o.s.b.f.s.DefaultListableBeanFactory - Creating shared instance of singleton bean 'io.opentelemetry.instrumentation.spring.autoconfigure.instrumentation.webmvc.SpringWebMvc6InstrumentationAutoConfiguration'
2025-08-21 14:52:21 DEBUG o.s.b.f.s.DefaultListableBeanFactory - Autowiring by type from bean name 'otelWebMvcFilter' via factory method to bean named 'customOpenTelemetry'
2025-08-21 14:52:21 DEBUG o.s.b.f.s.DefaultListableBeanFactory - Creating shared instance of singleton bean 'characterEncodingFilter'
2025-08-21 14:52:21 DEBUG o.s.b.w.s.ServletContextInitializerBeans - Mapping filters: webMvcObservationFilter urls=[/*] order=-2147483647, characterEncodingFilter urls=[/*] order=-2147483648, otelWebMvcFilter urls=[/*] order=-2147483647, formContentFilter urls=[/*] order=-9900, requestContextFilter urls=[/*] order=-105
2025-08-21 14:52:21 DEBUG o.s.b.w.s.ServletContextInitializerBeans - Mapping servlets: dispatcherServlet urls=[/]
2025-08-21 14:52:21 DEBUG o.s.b.w.s.f.OrderedRequestContextFilter - Filter 'requestContextFilter' configured for use
2025-08-21 14:52:21 DEBUG i.o.i.s.w.v.WebMvcTelemetryProducingFilter - Filter 'otelWebMvcFilter' configured for use
2025-08-21 14:52:21 DEBUG o.s.b.w.s.f.OrderedCharacterEncodingFilter - Filter 'characterEncodingFilter' configured for use
2025-08-21 14:52:21 DEBUG o.s.b.w.s.f.OrderedFormContentFilter - Filter 'formContentFilter' configured for use
2025-08-21 14:52:21 DEBUG o.s.b.f.s.DefaultListableBeanFactory - Creating shared instance of singleton bean 'dataSourceScriptDatabaseInitializer'
2025-08-21 14:52:21 DEBUG o.s.b.f.s.DefaultListableBeanFactory - Creating shared instance of singleton bean 'org.springframework.boot.autoconfigure.sql.init.DataSourceInitializationConfiguration'
2025-08-21 14:52:21 DEBUG o.s.b.f.s.DefaultListableBeanFactory - Creating shared instance of singleton bean 'dataSource'
2025-08-21 14:52:21 DEBUG o.s.b.f.s.DefaultListableBeanFactory - Creating shared instance of singleton bean 'org.springframework.boot.autoconfigure.jdbc.DataSourceConfiguration$Hikari'
2025-08-21 14:52:21 DEBUG o.s.b.f.s.DefaultListableBeanFactory - Creating shared instance of singleton bean 'spring.datasource-org.springframework.boot.autoconfigure.jdbc.DataSourceProperties'
2025-08-21 14:52:21 DEBUG o.s.b.f.s.DefaultListableBeanFactory - Creating shared instance of singleton bean 'jdbcConnectionDetails'
2025-08-21 14:52:21 DEBUG o.s.b.f.s.DefaultListableBeanFactory - Creating shared instance of singleton bean 'org.springframework.boot.autoconfigure.jdbc.DataSourceAutoConfiguration$PooledDataSourceConfiguration'
2025-08-21 14:52:21 DEBUG o.s.b.f.s.DefaultListableBeanFactory - Autowiring by type from bean name 'jdbcConnectionDetails' via factory method to bean named 'spring.datasource-org.springframework.boot.autoconfigure.jdbc.DataSourceProperties'
2025-08-21 14:52:21 DEBUG o.s.b.f.s.DefaultListableBeanFactory - Autowiring by type from bean name 'dataSource' via factory method to bean named 'spring.datasource-org.springframework.boot.autoconfigure.jdbc.DataSourceProperties'
2025-08-21 14:52:21 DEBUG o.s.b.f.s.DefaultListableBeanFactory - Autowiring by type from bean name 'dataSource' via factory method to bean named 'jdbcConnectionDetails'
2025-08-21 14:52:21 DEBUG o.s.b.f.s.DefaultListableBeanFactory - Autowiring by type from bean name 'dataSource' via factory method to bean named 'environment'
2025-08-21 14:52:22 DEBUG o.s.b.f.s.DefaultListableBeanFactory - Creating shared instance of singleton bean 'spring.sql.init-org.springframework.boot.autoconfigure.sql.init.SqlInitializationProperties'
2025-08-21 14:52:22 DEBUG o.s.b.f.s.DefaultListableBeanFactory - Autowiring by type from bean name 'dataSourceScriptDatabaseInitializer' via factory method to bean named 'dataSource'
2025-08-21 14:52:22 DEBUG o.s.b.f.s.DefaultListableBeanFactory - Autowiring by type from bean name 'dataSourceScriptDatabaseInitializer' via factory method to bean named 'spring.sql.init-org.springframework.boot.autoconfigure.sql.init.SqlInitializationProperties'
2025-08-21 14:52:22 DEBUG o.s.b.f.s.DefaultListableBeanFactory - Creating shared instance of singleton bean 'entityManagerFactory'
2025-08-21 14:52:22 DEBUG o.s.b.f.s.DefaultListableBeanFactory - Creating shared instance of singleton bean 'org.springframework.boot.autoconfigure.orm.jpa.HibernateJpaConfiguration'
2025-08-21 14:52:22 DEBUG o.s.b.f.s.DefaultListableBeanFactory - Creating shared instance of singleton bean 'spring.jpa-org.springframework.boot.autoconfigure.orm.jpa.JpaProperties'
2025-08-21 14:52:22 DEBUG o.s.b.f.s.DefaultListableBeanFactory - Creating shared instance of singleton bean 'spring.jpa.hibernate-org.springframework.boot.autoconfigure.orm.jpa.HibernateProperties'
2025-08-21 14:52:22 DEBUG o.s.b.f.s.DefaultListableBeanFactory - Autowiring by type from bean name 'org.springframework.boot.autoconfigure.orm.jpa.HibernateJpaConfiguration' via constructor to bean named 'dataSource'
2025-08-21 14:52:22 DEBUG o.s.b.f.s.DefaultListableBeanFactory - Autowiring by type from bean name 'org.springframework.boot.autoconfigure.orm.jpa.HibernateJpaConfiguration' via constructor to bean named 'spring.jpa-org.springframework.boot.autoconfigure.orm.jpa.JpaProperties'
2025-08-21 14:52:22 DEBUG o.s.b.f.s.DefaultListableBeanFactory - Autowiring by type from bean name 'org.springframework.boot.autoconfigure.orm.jpa.HibernateJpaConfiguration' via constructor to bean named 'org.springframework.beans.factory.support.DefaultListableBeanFactory@66b72664'
2025-08-21 14:52:22 DEBUG o.s.b.f.s.DefaultListableBeanFactory - Autowiring by type from bean name 'org.springframework.boot.autoconfigure.orm.jpa.HibernateJpaConfiguration' via constructor to bean named 'spring.jpa.hibernate-org.springframework.boot.autoconfigure.orm.jpa.HibernateProperties'
2025-08-21 14:52:22 DEBUG o.s.b.f.s.DefaultListableBeanFactory - Creating shared instance of singleton bean 'hikariPoolDataSourceMetadataProvider'
2025-08-21 14:52:22 DEBUG o.s.b.f.s.DefaultListableBeanFactory - Creating shared instance of singleton bean 'org.springframework.boot.autoconfigure.jdbc.metadata.DataSourcePoolMetadataProvidersConfiguration$HikariPoolDataSourceMetadataProviderConfiguration'
2025-08-21 14:52:24 DEBUG o.s.b.f.s.DefaultListableBeanFactory - Creating shared instance of singleton bean 'entityManagerFactoryBuilder'
2025-08-21 14:52:24 DEBUG o.s.b.f.s.DefaultListableBeanFactory - Creating shared instance of singleton bean 'jpaVendorAdapter'
2025-08-21 14:52:24 DEBUG o.s.b.f.s.DefaultListableBeanFactory - Autowiring by type from bean name 'entityManagerFactoryBuilder' via factory method to bean named 'jpaVendorAdapter'
2025-08-21 14:52:24 DEBUG o.s.b.f.s.DefaultListableBeanFactory - Creating shared instance of singleton bean 'persistenceManagedTypes'
2025-08-21 14:52:24 DEBUG o.s.b.f.s.DefaultListableBeanFactory - Autowiring by type from bean name 'persistenceManagedTypes' via factory method to bean named 'org.springframework.beans.factory.support.DefaultListableBeanFactory@66b72664'
2025-08-21 14:52:24 DEBUG o.s.b.f.s.DefaultListableBeanFactory - Autowiring by type from bean name 'persistenceManagedTypes' via factory method to bean named 'org.springframework.boot.web.servlet.context.AnnotationConfigServletWebServerApplicationContext@191ae03f'
2025-08-21 14:52:24 DEBUG o.s.b.f.s.DefaultListableBeanFactory - Autowiring by type from bean name 'entityManagerFactory' via factory method to bean named 'entityManagerFactoryBuilder'
2025-08-21 14:52:24 DEBUG o.s.b.f.s.DefaultListableBeanFactory - Autowiring by type from bean name 'entityManagerFactory' via factory method to bean named 'persistenceManagedTypes'
2025-08-21 14:52:24 DEBUG o.h.jpa.internal.util.LogHelper - PersistenceUnitInfo [
	name: default
	persistence provider classname: null
	classloader: jdk.internal.loader.ClassLoaders$AppClassLoader@70dea4e
	excludeUnlistedClasses: true
	JTA datasource: null
	Non JTA datasource: HikariDataSource (null)
	Transaction type: RESOURCE_LOCAL
	PU root URL: file:/C:/Users/aldo_/Documents/SIIE/POC/servicio_hector/micros1/build/classes/java/main/
	Shared Cache Mode: UNSPECIFIED
	Validation Mode: AUTO
	Jar files URLs []
	Managed classes names [
		com.company.micros1.model.Solicitud]
	Mapping files names []
	Properties []
2025-08-21 14:52:24 DEBUG o.h.i.internal.IntegratorServiceImpl - Adding Integrator [org.hibernate.boot.beanvalidation.BeanValidationIntegrator].
2025-08-21 14:52:24 DEBUG o.h.i.internal.IntegratorServiceImpl - Adding Integrator [org.hibernate.cache.internal.CollectionCacheInvalidator].
2025-08-21 14:52:25 INFO  org.hibernate.Version - HHH000412: Hibernate ORM core version 6.6.22.Final
2025-08-21 14:52:25 DEBUG org.hibernate.cfg.Environment - HHH000206: 'hibernate.properties' not found
2025-08-21 14:52:25 DEBUG org.hibernate.orm.idgen.factory - Registering IdentifierGenerator strategy [uuid2] -> [org.hibernate.id.UUIDGenerator]
2025-08-21 14:52:25 DEBUG org.hibernate.orm.idgen.factory - Registering IdentifierGenerator strategy [guid] -> [org.hibernate.id.GUIDGenerator]
2025-08-21 14:52:25 DEBUG org.hibernate.orm.idgen.factory - Registering IdentifierGenerator strategy [uuid] -> [org.hibernate.id.UUIDHexGenerator]
2025-08-21 14:52:25 DEBUG org.hibernate.orm.idgen.factory - Registering IdentifierGenerator strategy [uuid.hex] -> [org.hibernate.id.UUIDHexGenerator]
2025-08-21 14:52:25 DEBUG org.hibernate.orm.idgen.factory - Registering IdentifierGenerator strategy [assigned] -> [org.hibernate.id.Assigned]
2025-08-21 14:52:25 DEBUG org.hibernate.orm.idgen.factory - Registering IdentifierGenerator strategy [identity] -> [org.hibernate.id.IdentityGenerator]
2025-08-21 14:52:25 DEBUG org.hibernate.orm.idgen.factory - Registering IdentifierGenerator strategy [select] -> [org.hibernate.id.SelectGenerator]
2025-08-21 14:52:25 DEBUG org.hibernate.orm.idgen.factory - Registering IdentifierGenerator strategy [sequence] -> [org.hibernate.id.enhanced.SequenceStyleGenerator]
2025-08-21 14:52:25 DEBUG org.hibernate.orm.idgen.factory - Registering IdentifierGenerator strategy [increment] -> [org.hibernate.id.IncrementGenerator]
2025-08-21 14:52:25 DEBUG org.hibernate.orm.idgen.factory - Registering IdentifierGenerator strategy [foreign] -> [org.hibernate.id.ForeignGenerator]
2025-08-21 14:52:25 DEBUG org.hibernate.orm.idgen.factory - Registering IdentifierGenerator strategy [enhanced-sequence] -> [org.hibernate.id.enhanced.SequenceStyleGenerator]
2025-08-21 14:52:25 DEBUG org.hibernate.orm.idgen.factory - Registering IdentifierGenerator strategy [enhanced-table] -> [org.hibernate.id.enhanced.TableGenerator]
2025-08-21 14:52:25 DEBUG o.h.c.i.RegionFactoryInitiator - Cannot default RegionFactory based on registered strategies as `[]` RegionFactory strategies were registered
2025-08-21 14:52:25 INFO  o.h.c.i.RegionFactoryInitiator - HHH000026: Second-level cache disabled
2025-08-21 14:52:25 DEBUG o.hibernate.type.BasicTypeRegistry - Adding type registration boolean -> org.hibernate.type.BasicTypeReference@602c167e
2025-08-21 14:52:25 DEBUG o.hibernate.type.BasicTypeRegistry - Adding type registration boolean -> org.hibernate.type.BasicTypeReference@602c167e
2025-08-21 14:52:25 DEBUG o.hibernate.type.BasicTypeRegistry - Adding type registration java.lang.Boolean -> org.hibernate.type.BasicTypeReference@602c167e
2025-08-21 14:52:25 DEBUG o.hibernate.type.BasicTypeRegistry - Adding type registration numeric_boolean -> org.hibernate.type.BasicTypeReference@74c04377
2025-08-21 14:52:25 DEBUG o.hibernate.type.BasicTypeRegistry - Adding type registration org.hibernate.type.NumericBooleanConverter -> org.hibernate.type.BasicTypeReference@74c04377
2025-08-21 14:52:25 DEBUG o.hibernate.type.BasicTypeRegistry - Adding type registration true_false -> org.hibernate.type.BasicTypeReference@10d49900
2025-08-21 14:52:25 DEBUG o.hibernate.type.BasicTypeRegistry - Adding type registration org.hibernate.type.TrueFalseConverter -> org.hibernate.type.BasicTypeReference@10d49900
2025-08-21 14:52:25 DEBUG o.hibernate.type.BasicTypeRegistry - Adding type registration yes_no -> org.hibernate.type.BasicTypeReference@e645600
2025-08-21 14:52:25 DEBUG o.hibernate.type.BasicTypeRegistry - Adding type registration org.hibernate.type.YesNoConverter -> org.hibernate.type.BasicTypeReference@e645600
2025-08-21 14:52:25 DEBUG o.hibernate.type.BasicTypeRegistry - Adding type registration byte -> org.hibernate.type.BasicTypeReference@e7b3e54
2025-08-21 14:52:25 DEBUG o.hibernate.type.BasicTypeRegistry - Adding type registration byte -> org.hibernate.type.BasicTypeReference@e7b3e54
2025-08-21 14:52:25 DEBUG o.hibernate.type.BasicTypeRegistry - Adding type registration java.lang.Byte -> org.hibernate.type.BasicTypeReference@e7b3e54
2025-08-21 14:52:25 DEBUG o.hibernate.type.BasicTypeRegistry - Adding type registration binary -> org.hibernate.type.BasicTypeReference@78d61f17
2025-08-21 14:52:25 DEBUG o.hibernate.type.BasicTypeRegistry - Adding type registration byte[] -> org.hibernate.type.BasicTypeReference@78d61f17
2025-08-21 14:52:25 DEBUG o.hibernate.type.BasicTypeRegistry - Adding type registration [B -> org.hibernate.type.BasicTypeReference@78d61f17
2025-08-21 14:52:25 DEBUG o.hibernate.type.BasicTypeRegistry - Adding type registration binary_wrapper -> org.hibernate.type.BasicTypeReference@4cfe9594
2025-08-21 14:52:25 DEBUG o.hibernate.type.BasicTypeRegistry - Adding type registration wrapper-binary -> org.hibernate.type.BasicTypeReference@4cfe9594
2025-08-21 14:52:25 DEBUG o.hibernate.type.BasicTypeRegistry - Adding type registration image -> org.hibernate.type.BasicTypeReference@60861e5d
2025-08-21 14:52:25 DEBUG o.hibernate.type.BasicTypeRegistry - Adding type registration blob -> org.hibernate.type.BasicTypeReference@37d81587
2025-08-21 14:52:25 DEBUG o.hibernate.type.BasicTypeRegistry - Adding type registration java.sql.Blob -> org.hibernate.type.BasicTypeReference@37d81587
2025-08-21 14:52:25 DEBUG o.hibernate.type.BasicTypeRegistry - Adding type registration materialized_blob -> org.hibernate.type.BasicTypeReference@7f3e9acc
2025-08-21 14:52:25 DEBUG o.hibernate.type.BasicTypeRegistry - Adding type registration materialized_blob_wrapper -> org.hibernate.type.BasicTypeReference@47d4e28a
2025-08-21 14:52:25 DEBUG o.hibernate.type.BasicTypeRegistry - Adding type registration short -> org.hibernate.type.BasicTypeReference@177068db
2025-08-21 14:52:25 DEBUG o.hibernate.type.BasicTypeRegistry - Adding type registration short -> org.hibernate.type.BasicTypeReference@177068db
2025-08-21 14:52:25 DEBUG o.hibernate.type.BasicTypeRegistry - Adding type registration java.lang.Short -> org.hibernate.type.BasicTypeReference@177068db
2025-08-21 14:52:25 DEBUG o.hibernate.type.BasicTypeRegistry - Adding type registration integer -> org.hibernate.type.BasicTypeReference@60f3239f
2025-08-21 14:52:25 DEBUG o.hibernate.type.BasicTypeRegistry - Adding type registration int -> org.hibernate.type.BasicTypeReference@60f3239f
2025-08-21 14:52:25 DEBUG o.hibernate.type.BasicTypeRegistry - Adding type registration java.lang.Integer -> org.hibernate.type.BasicTypeReference@60f3239f
2025-08-21 14:52:25 DEBUG o.hibernate.type.BasicTypeRegistry - Adding type registration long -> org.hibernate.type.BasicTypeReference@6b103db7
2025-08-21 14:52:25 DEBUG o.hibernate.type.BasicTypeRegistry - Adding type registration long -> org.hibernate.type.BasicTypeReference@6b103db7
2025-08-21 14:52:25 DEBUG o.hibernate.type.BasicTypeRegistry - Adding type registration java.lang.Long -> org.hibernate.type.BasicTypeReference@6b103db7
2025-08-21 14:52:25 DEBUG o.hibernate.type.BasicTypeRegistry - Adding type registration float -> org.hibernate.type.BasicTypeReference@b3042ed
2025-08-21 14:52:25 DEBUG o.hibernate.type.BasicTypeRegistry - Adding type registration float -> org.hibernate.type.BasicTypeReference@b3042ed
2025-08-21 14:52:25 DEBUG o.hibernate.type.BasicTypeRegistry - Adding type registration java.lang.Float -> org.hibernate.type.BasicTypeReference@b3042ed
2025-08-21 14:52:25 DEBUG o.hibernate.type.BasicTypeRegistry - Adding type registration double -> org.hibernate.type.BasicTypeReference@1f12d5e0
2025-08-21 14:52:25 DEBUG o.hibernate.type.BasicTypeRegistry - Adding type registration double -> org.hibernate.type.BasicTypeReference@1f12d5e0
2025-08-21 14:52:25 DEBUG o.hibernate.type.BasicTypeRegistry - Adding type registration java.lang.Double -> org.hibernate.type.BasicTypeReference@1f12d5e0
2025-08-21 14:52:25 DEBUG o.hibernate.type.BasicTypeRegistry - Adding type registration big_integer -> org.hibernate.type.BasicTypeReference@6604f246
2025-08-21 14:52:25 DEBUG o.hibernate.type.BasicTypeRegistry - Adding type registration java.math.BigInteger -> org.hibernate.type.BasicTypeReference@6604f246
2025-08-21 14:52:25 DEBUG o.hibernate.type.BasicTypeRegistry - Adding type registration big_decimal -> org.hibernate.type.BasicTypeReference@c1386b4
2025-08-21 14:52:25 DEBUG o.hibernate.type.BasicTypeRegistry - Adding type registration java.math.BigDecimal -> org.hibernate.type.BasicTypeReference@c1386b4
2025-08-21 14:52:25 DEBUG o.hibernate.type.BasicTypeRegistry - Adding type registration character -> org.hibernate.type.BasicTypeReference@53d9af1
2025-08-21 14:52:25 DEBUG o.hibernate.type.BasicTypeRegistry - Adding type registration char -> org.hibernate.type.BasicTypeReference@53d9af1
2025-08-21 14:52:25 DEBUG o.hibernate.type.BasicTypeRegistry - Adding type registration java.lang.Character -> org.hibernate.type.BasicTypeReference@53d9af1
2025-08-21 14:52:25 DEBUG o.hibernate.type.BasicTypeRegistry - Adding type registration character_nchar -> org.hibernate.type.BasicTypeReference@c89e263
2025-08-21 14:52:25 DEBUG o.hibernate.type.BasicTypeRegistry - Adding type registration string -> org.hibernate.type.BasicTypeReference@4d5ea776
2025-08-21 14:52:25 DEBUG o.hibernate.type.BasicTypeRegistry - Adding type registration java.lang.String -> org.hibernate.type.BasicTypeReference@4d5ea776
2025-08-21 14:52:25 DEBUG o.hibernate.type.BasicTypeRegistry - Adding type registration nstring -> org.hibernate.type.BasicTypeReference@5d68be4f
2025-08-21 14:52:25 DEBUG o.hibernate.type.BasicTypeRegistry - Adding type registration characters -> org.hibernate.type.BasicTypeReference@34eb5d01
2025-08-21 14:52:25 DEBUG o.hibernate.type.BasicTypeRegistry - Adding type registration char[] -> org.hibernate.type.BasicTypeReference@34eb5d01
2025-08-21 14:52:25 DEBUG o.hibernate.type.BasicTypeRegistry - Adding type registration [C -> org.hibernate.type.BasicTypeReference@34eb5d01
2025-08-21 14:52:25 DEBUG o.hibernate.type.BasicTypeRegistry - Adding type registration wrapper-characters -> org.hibernate.type.BasicTypeReference@77b22b05
2025-08-21 14:52:25 DEBUG o.hibernate.type.BasicTypeRegistry - Adding type registration text -> org.hibernate.type.BasicTypeReference@4fef5792
2025-08-21 14:52:25 DEBUG o.hibernate.type.BasicTypeRegistry - Adding type registration ntext -> org.hibernate.type.BasicTypeReference@57ed02e6
2025-08-21 14:52:25 DEBUG o.hibernate.type.BasicTypeRegistry - Adding type registration clob -> org.hibernate.type.BasicTypeReference@39004e4f
2025-08-21 14:52:25 DEBUG o.hibernate.type.BasicTypeRegistry - Adding type registration java.sql.Clob -> org.hibernate.type.BasicTypeReference@39004e4f
2025-08-21 14:52:25 DEBUG o.hibernate.type.BasicTypeRegistry - Adding type registration nclob -> org.hibernate.type.BasicTypeReference@5f0ca069
2025-08-21 14:52:25 DEBUG o.hibernate.type.BasicTypeRegistry - Adding type registration java.sql.NClob -> org.hibernate.type.BasicTypeReference@5f0ca069
2025-08-21 14:52:25 DEBUG o.hibernate.type.BasicTypeRegistry - Adding type registration materialized_clob -> org.hibernate.type.BasicTypeReference@6a6a2fdd
2025-08-21 14:52:25 DEBUG o.hibernate.type.BasicTypeRegistry - Adding type registration materialized_clob_char_array -> org.hibernate.type.BasicTypeReference@552ffa44
2025-08-21 14:52:25 DEBUG o.hibernate.type.BasicTypeRegistry - Adding type registration materialized_clob_character_array -> org.hibernate.type.BasicTypeReference@6e66b498
2025-08-21 14:52:25 DEBUG o.hibernate.type.BasicTypeRegistry - Adding type registration materialized_nclob -> org.hibernate.type.BasicTypeReference@54d35ed5
2025-08-21 14:52:25 DEBUG o.hibernate.type.BasicTypeRegistry - Adding type registration materialized_nclob_character_array -> org.hibernate.type.BasicTypeReference@6f7c9755
2025-08-21 14:52:25 DEBUG o.hibernate.type.BasicTypeRegistry - Adding type registration materialized_nclob_char_array -> org.hibernate.type.BasicTypeReference@45abbd24
2025-08-21 14:52:25 DEBUG o.hibernate.type.BasicTypeRegistry - Adding type registration Duration -> org.hibernate.type.BasicTypeReference@1e32037d
2025-08-21 14:52:25 DEBUG o.hibernate.type.BasicTypeRegistry - Adding type registration java.time.Duration -> org.hibernate.type.BasicTypeReference@1e32037d
2025-08-21 14:52:25 DEBUG o.hibernate.type.BasicTypeRegistry - Adding type registration LocalDateTime -> org.hibernate.type.BasicTypeReference@5059d398
2025-08-21 14:52:25 DEBUG o.hibernate.type.BasicTypeRegistry - Adding type registration java.time.LocalDateTime -> org.hibernate.type.BasicTypeReference@5059d398
2025-08-21 14:52:25 DEBUG o.hibernate.type.BasicTypeRegistry - Adding type registration LocalDate -> org.hibernate.type.BasicTypeReference@5b1420f9
2025-08-21 14:52:25 DEBUG o.hibernate.type.BasicTypeRegistry - Adding type registration java.time.LocalDate -> org.hibernate.type.BasicTypeReference@5b1420f9
2025-08-21 14:52:25 DEBUG o.hibernate.type.BasicTypeRegistry - Adding type registration LocalTime -> org.hibernate.type.BasicTypeReference@434ee422
2025-08-21 14:52:25 DEBUG o.hibernate.type.BasicTypeRegistry - Adding type registration java.time.LocalTime -> org.hibernate.type.BasicTypeReference@434ee422
2025-08-21 14:52:25 DEBUG o.hibernate.type.BasicTypeRegistry - Adding type registration OffsetDateTime -> org.hibernate.type.BasicTypeReference@4de93edd
2025-08-21 14:52:25 DEBUG o.hibernate.type.BasicTypeRegistry - Adding type registration java.time.OffsetDateTime -> org.hibernate.type.BasicTypeReference@4de93edd
2025-08-21 14:52:25 DEBUG o.hibernate.type.BasicTypeRegistry - Adding type registration OffsetDateTimeWithTimezone -> org.hibernate.type.BasicTypeReference@53b2e1eb
2025-08-21 14:52:25 DEBUG o.hibernate.type.BasicTypeRegistry - Adding type registration OffsetDateTimeWithoutTimezone -> org.hibernate.type.BasicTypeReference@29db008c
2025-08-21 14:52:25 DEBUG o.hibernate.type.BasicTypeRegistry - Adding type registration OffsetTime -> org.hibernate.type.BasicTypeReference@1d008e61
2025-08-21 14:52:25 DEBUG o.hibernate.type.BasicTypeRegistry - Adding type registration java.time.OffsetTime -> org.hibernate.type.BasicTypeReference@1d008e61
2025-08-21 14:52:25 DEBUG o.hibernate.type.BasicTypeRegistry - Adding type registration OffsetTimeUtc -> org.hibernate.type.BasicTypeReference@191b44ca
2025-08-21 14:52:25 DEBUG o.hibernate.type.BasicTypeRegistry - Adding type registration OffsetTimeWithTimezone -> org.hibernate.type.BasicTypeReference@5de243bb
2025-08-21 14:52:25 DEBUG o.hibernate.type.BasicTypeRegistry - Adding type registration OffsetTimeWithoutTimezone -> org.hibernate.type.BasicTypeReference@2c4cf7eb
2025-08-21 14:52:25 DEBUG o.hibernate.type.BasicTypeRegistry - Adding type registration ZonedDateTime -> org.hibernate.type.BasicTypeReference@35260785
2025-08-21 14:52:25 DEBUG o.hibernate.type.BasicTypeRegistry - Adding type registration java.time.ZonedDateTime -> org.hibernate.type.BasicTypeReference@35260785
2025-08-21 14:52:25 DEBUG o.hibernate.type.BasicTypeRegistry - Adding type registration ZonedDateTimeWithTimezone -> org.hibernate.type.BasicTypeReference@76d828ff
2025-08-21 14:52:25 DEBUG o.hibernate.type.BasicTypeRegistry - Adding type registration ZonedDateTimeWithoutTimezone -> org.hibernate.type.BasicTypeReference@39685204
2025-08-21 14:52:25 DEBUG o.hibernate.type.BasicTypeRegistry - Adding type registration date -> org.hibernate.type.BasicTypeReference@72d0196d
2025-08-21 14:52:25 DEBUG o.hibernate.type.BasicTypeRegistry - Adding type registration java.sql.Date -> org.hibernate.type.BasicTypeReference@72d0196d
2025-08-21 14:52:25 DEBUG o.hibernate.type.BasicTypeRegistry - Adding type registration time -> org.hibernate.type.BasicTypeReference@77cf329d
2025-08-21 14:52:25 DEBUG o.hibernate.type.BasicTypeRegistry - Adding type registration java.sql.Time -> org.hibernate.type.BasicTypeReference@77cf329d
2025-08-21 14:52:25 DEBUG o.hibernate.type.BasicTypeRegistry - Adding type registration timestamp -> org.hibernate.type.BasicTypeReference@4067634b
2025-08-21 14:52:25 DEBUG o.hibernate.type.BasicTypeRegistry - Adding type registration java.sql.Timestamp -> org.hibernate.type.BasicTypeReference@4067634b
2025-08-21 14:52:25 DEBUG o.hibernate.type.BasicTypeRegistry - Adding type registration java.util.Date -> org.hibernate.type.BasicTypeReference@4067634b
2025-08-21 14:52:25 DEBUG o.hibernate.type.BasicTypeRegistry - Adding type registration calendar -> org.hibernate.type.BasicTypeReference@3b64f131
2025-08-21 14:52:25 DEBUG o.hibernate.type.BasicTypeRegistry - Adding type registration java.util.Calendar -> org.hibernate.type.BasicTypeReference@3b64f131
2025-08-21 14:52:25 DEBUG o.hibernate.type.BasicTypeRegistry - Adding type registration java.util.GregorianCalendar -> org.hibernate.type.BasicTypeReference@3b64f131
2025-08-21 14:52:25 DEBUG o.hibernate.type.BasicTypeRegistry - Adding type registration calendar_date -> org.hibernate.type.BasicTypeReference@490d9c41
2025-08-21 14:52:25 DEBUG o.hibernate.type.BasicTypeRegistry - Adding type registration calendar_time -> org.hibernate.type.BasicTypeReference@47d81427
2025-08-21 14:52:25 DEBUG o.hibernate.type.BasicTypeRegistry - Adding type registration instant -> org.hibernate.type.BasicTypeReference@3c5e4aac
2025-08-21 14:52:25 DEBUG o.hibernate.type.BasicTypeRegistry - Adding type registration java.time.Instant -> org.hibernate.type.BasicTypeReference@3c5e4aac
2025-08-21 14:52:25 DEBUG o.hibernate.type.BasicTypeRegistry - Adding type registration uuid -> org.hibernate.type.BasicTypeReference@20afd96f
2025-08-21 14:52:25 DEBUG o.hibernate.type.BasicTypeRegistry - Adding type registration java.util.UUID -> org.hibernate.type.BasicTypeReference@20afd96f
2025-08-21 14:52:25 DEBUG o.hibernate.type.BasicTypeRegistry - Adding type registration pg-uuid -> org.hibernate.type.BasicTypeReference@20afd96f
2025-08-21 14:52:25 DEBUG o.hibernate.type.BasicTypeRegistry - Adding type registration uuid-binary -> org.hibernate.type.BasicTypeReference@565a6af
2025-08-21 14:52:25 DEBUG o.hibernate.type.BasicTypeRegistry - Adding type registration uuid-char -> org.hibernate.type.BasicTypeReference@21bf308
2025-08-21 14:52:25 DEBUG o.hibernate.type.BasicTypeRegistry - Adding type registration class -> org.hibernate.type.BasicTypeReference@4cded2cd
2025-08-21 14:52:25 DEBUG o.hibernate.type.BasicTypeRegistry - Adding type registration java.lang.Class -> org.hibernate.type.BasicTypeReference@4cded2cd
2025-08-21 14:52:25 DEBUG o.hibernate.type.BasicTypeRegistry - Adding type registration currency -> org.hibernate.type.BasicTypeReference@12e40e98
2025-08-21 14:52:25 DEBUG o.hibernate.type.BasicTypeRegistry - Adding type registration Currency -> org.hibernate.type.BasicTypeReference@12e40e98
2025-08-21 14:52:25 DEBUG o.hibernate.type.BasicTypeRegistry - Adding type registration java.util.Currency -> org.hibernate.type.BasicTypeReference@12e40e98
2025-08-21 14:52:25 DEBUG o.hibernate.type.BasicTypeRegistry - Adding type registration locale -> org.hibernate.type.BasicTypeReference@67c2b55d
2025-08-21 14:52:25 DEBUG o.hibernate.type.BasicTypeRegistry - Adding type registration java.util.Locale -> org.hibernate.type.BasicTypeReference@67c2b55d
2025-08-21 14:52:25 DEBUG o.hibernate.type.BasicTypeRegistry - Adding type registration serializable -> org.hibernate.type.BasicTypeReference@5db04bd2
2025-08-21 14:52:25 DEBUG o.hibernate.type.BasicTypeRegistry - Adding type registration java.io.Serializable -> org.hibernate.type.BasicTypeReference@5db04bd2
2025-08-21 14:52:25 DEBUG o.hibernate.type.BasicTypeRegistry - Adding type registration timezone -> org.hibernate.type.BasicTypeReference@6f921e32
2025-08-21 14:52:25 DEBUG o.hibernate.type.BasicTypeRegistry - Adding type registration java.util.TimeZone -> org.hibernate.type.BasicTypeReference@6f921e32
2025-08-21 14:52:25 DEBUG o.hibernate.type.BasicTypeRegistry - Adding type registration ZoneOffset -> org.hibernate.type.BasicTypeReference@31c5304f
2025-08-21 14:52:25 DEBUG o.hibernate.type.BasicTypeRegistry - Adding type registration java.time.ZoneOffset -> org.hibernate.type.BasicTypeReference@31c5304f
2025-08-21 14:52:25 DEBUG o.hibernate.type.BasicTypeRegistry - Adding type registration url -> org.hibernate.type.BasicTypeReference@43df1377
2025-08-21 14:52:25 DEBUG o.hibernate.type.BasicTypeRegistry - Adding type registration java.net.URL -> org.hibernate.type.BasicTypeReference@43df1377
2025-08-21 14:52:25 DEBUG o.hibernate.type.BasicTypeRegistry - Adding type registration vector -> org.hibernate.type.BasicTypeReference@1cee3e05
2025-08-21 14:52:25 DEBUG o.hibernate.type.BasicTypeRegistry - Adding type registration float_vector -> org.hibernate.type.BasicTypeReference@63f2d024
2025-08-21 14:52:25 DEBUG o.hibernate.type.BasicTypeRegistry - Adding type registration double_vector -> org.hibernate.type.BasicTypeReference@7b2dd35d
2025-08-21 14:52:25 DEBUG o.hibernate.type.BasicTypeRegistry - Adding type registration byte_vector -> org.hibernate.type.BasicTypeReference@405223e4
2025-08-21 14:52:25 DEBUG o.hibernate.type.BasicTypeRegistry - Adding type registration row_version -> org.hibernate.type.BasicTypeReference@2d2133fd
2025-08-21 14:52:25 DEBUG o.hibernate.type.BasicTypeRegistry - Adding type registration object -> org.hibernate.type.JavaObjectType@24cbf894
2025-08-21 14:52:25 DEBUG o.hibernate.type.BasicTypeRegistry - Adding type registration java.lang.Object -> org.hibernate.type.JavaObjectType@24cbf894
2025-08-21 14:52:25 DEBUG o.hibernate.type.BasicTypeRegistry - Adding type registration null -> org.hibernate.type.NullType@3dee3a6c
2025-08-21 14:52:25 DEBUG o.hibernate.type.BasicTypeRegistry - Adding type registration imm_date -> org.hibernate.type.BasicTypeReference@62de20d3
2025-08-21 14:52:25 DEBUG o.hibernate.type.BasicTypeRegistry - Adding type registration imm_time -> org.hibernate.type.BasicTypeReference@6109d880
2025-08-21 14:52:25 DEBUG o.hibernate.type.BasicTypeRegistry - Adding type registration imm_timestamp -> org.hibernate.type.BasicTypeReference@4c9ef9c9
2025-08-21 14:52:25 DEBUG o.hibernate.type.BasicTypeRegistry - Adding type registration imm_calendar -> org.hibernate.type.BasicTypeReference@6f976c
2025-08-21 14:52:25 DEBUG o.hibernate.type.BasicTypeRegistry - Adding type registration imm_calendar_date -> org.hibernate.type.BasicTypeReference@1324e70a
2025-08-21 14:52:25 DEBUG o.hibernate.type.BasicTypeRegistry - Adding type registration imm_calendar_time -> org.hibernate.type.BasicTypeReference@3cc6f036
2025-08-21 14:52:25 DEBUG o.hibernate.type.BasicTypeRegistry - Adding type registration imm_binary -> org.hibernate.type.BasicTypeReference@72d16d6
2025-08-21 14:52:25 DEBUG o.hibernate.type.BasicTypeRegistry - Adding type registration imm_serializable -> org.hibernate.type.BasicTypeReference@7b0525a8
2025-08-21 14:52:25 DEBUG o.h.b.internal.BootstrapContextImpl - Injecting JPA temp ClassLoader [org.springframework.instrument.classloading.SimpleThrowawayClassLoader@2b1a1a37] into BootstrapContext; was [null]
2025-08-21 14:52:25 DEBUG o.h.b.internal.ClassLoaderAccessImpl - ClassLoaderAccessImpl#injectTempClassLoader(org.springframework.instrument.classloading.SimpleThrowawayClassLoader@2b1a1a37) [was null]
2025-08-21 14:52:25 DEBUG o.h.b.internal.BootstrapContextImpl - Injecting ScanEnvironment [org.hibernate.jpa.boot.internal.StandardJpaScanEnvironmentImpl@119f072c] into BootstrapContext; was [null]
2025-08-21 14:52:25 DEBUG o.h.b.internal.BootstrapContextImpl - Injecting ScanOptions [org.hibernate.boot.archive.scan.internal.StandardScanOptions@66456506] into BootstrapContext; was [org.hibernate.boot.archive.scan.internal.StandardScanOptions@69944a90]
2025-08-21 14:52:30 DEBUG o.h.j.b.i.PersistenceUnitInfoDescriptor - Pushing class transformers for PU named 'default' on loading classloader jdk.internal.loader.ClassLoaders$AppClassLoader@70dea4e
2025-08-21 14:52:30 INFO  o.s.o.j.p.SpringPersistenceUnitInfo - No LoadTimeWeaver setup: ignoring JPA class transformer
2025-08-21 14:52:30 DEBUG o.h.b.internal.BootstrapContextImpl - Injecting JPA temp ClassLoader [null] into BootstrapContext; was [org.springframework.instrument.classloading.SimpleThrowawayClassLoader@2b1a1a37]
2025-08-21 14:52:30 DEBUG o.h.b.internal.ClassLoaderAccessImpl - ClassLoaderAccessImpl#injectTempClassLoader(null) [was org.springframework.instrument.classloading.SimpleThrowawayClassLoader@2b1a1a37]
2025-08-21 14:52:30 INFO  com.zaxxer.hikari.HikariDataSource - HikariPool-1 - Starting...
2025-08-21 14:52:31 INFO  com.zaxxer.hikari.pool.HikariPool - HikariPool-1 - Added connection org.mariadb.jdbc.Connection@6a2057e
2025-08-21 14:52:31 INFO  com.zaxxer.hikari.HikariDataSource - HikariPool-1 - Start completed.
2025-08-21 14:52:31 DEBUG o.h.e.j.e.i.JdbcEnvironmentInitiator - Database ->
	   name : MariaDB
	version : 10.6.3-MariaDB
	  major : 10
	  minor : 6
2025-08-21 14:52:31 DEBUG o.h.e.j.e.i.JdbcEnvironmentInitiator - Driver ->
	   name : MariaDB Connector/J
	version : 3.5.4
	  major : 3
	  minor : 5
2025-08-21 14:52:31 DEBUG o.h.e.j.e.i.JdbcEnvironmentInitiator - JDBC version : 4.2
2025-08-21 14:52:31 WARN  org.hibernate.orm.deprecation - HHH90000025: MariaDBDialect does not need to be specified explicitly using 'hibernate.dialect' (remove the property setting and it will be selected by default)
2025-08-21 14:52:31 DEBUG org.hibernate.orm.dialect - HHH035001: Using dialect: org.hibernate.dialect.MariaDBDialect, version: 10.6.3
2025-08-21 14:52:31 DEBUG o.h.e.j.e.s.IdentifierHelperBuilder - IdentifierCaseStrategy for both quoted and unquoted identifiers was set to the same strategy [LOWER]; that will likely lead to problems in schema update and validation if using quoted identifiers
2025-08-21 14:52:31 INFO  o.hibernate.orm.connections.pooling - HHH10001005: Database info:
	Database JDBC URL [Connecting through datasource 'HikariDataSource (HikariPool-1)']
	Database driver: undefined/unknown
	Database version: 10.6.3
	Autocommit mode: undefined/unknown
	Isolation level: undefined/unknown
	Minimum pool size: undefined/unknown
	Maximum pool size: undefined/unknown
2025-08-21 14:52:31 DEBUG o.h.t.d.sql.spi.DdlTypeRegistry - addDescriptor(12, org.hibernate.type.descriptor.sql.internal.CapacityDependentDdlType@12811f95) replaced previous registration(org.hibernate.type.descriptor.sql.internal.CapacityDependentDdlType@68f1b89)
2025-08-21 14:52:31 DEBUG o.h.t.d.sql.spi.DdlTypeRegistry - addDescriptor(-9, org.hibernate.type.descriptor.sql.internal.CapacityDependentDdlType@2d1f3639) replaced previous registration(org.hibernate.type.descriptor.sql.internal.CapacityDependentDdlType@6e5b3642)
2025-08-21 14:52:31 DEBUG o.h.t.d.sql.spi.DdlTypeRegistry - addDescriptor(-3, org.hibernate.type.descriptor.sql.internal.CapacityDependentDdlType@74bcf1ab) replaced previous registration(org.hibernate.type.descriptor.sql.internal.CapacityDependentDdlType@a11efe6)
2025-08-21 14:52:31 DEBUG o.h.t.d.sql.spi.DdlTypeRegistry - addDescriptor(4003, org.hibernate.type.descriptor.sql.internal.DdlTypeImpl@5e6bbe63) replaced previous registration(org.hibernate.type.descriptor.sql.internal.DdlTypeImpl@69356aca)
2025-08-21 14:52:31 DEBUG o.h.t.d.sql.spi.DdlTypeRegistry - addDescriptor(4001, org.hibernate.type.descriptor.sql.internal.DdlTypeImpl@7a17ffee) replaced previous registration(org.hibernate.type.descriptor.sql.internal.DdlTypeImpl@7ffc4195)
2025-08-21 14:52:31 DEBUG o.h.t.d.sql.spi.DdlTypeRegistry - addDescriptor(4002, org.hibernate.type.descriptor.sql.internal.DdlTypeImpl@7ce760af) replaced previous registration(org.hibernate.type.descriptor.sql.internal.DdlTypeImpl@3e4636c3)
2025-08-21 14:52:31 DEBUG o.h.t.d.sql.spi.DdlTypeRegistry - addDescriptor(2004, org.hibernate.type.descriptor.sql.internal.CapacityDependentDdlType@7b6b466a) replaced previous registration(org.hibernate.type.descriptor.sql.internal.DdlTypeImpl@6686507b)
2025-08-21 14:52:31 DEBUG o.h.t.d.sql.spi.DdlTypeRegistry - addDescriptor(2005, org.hibernate.type.descriptor.sql.internal.CapacityDependentDdlType@2123a61c) replaced previous registration(org.hibernate.type.descriptor.sql.internal.DdlTypeImpl@2e5c7cd5)
2025-08-21 14:52:31 DEBUG o.h.t.d.sql.spi.DdlTypeRegistry - addDescriptor(2011, org.hibernate.type.descriptor.sql.internal.CapacityDependentDdlType@f252762) replaced previous registration(org.hibernate.type.descriptor.sql.internal.DdlTypeImpl@5b74bb75)
2025-08-21 14:52:31 DEBUG o.hibernate.type.BasicTypeRegistry - Adding type registration null -> org.hibernate.type.NullType@417b3642
2025-08-21 14:52:31 DEBUG o.hibernate.type.BasicTypeRegistry - Type registration key [null] overrode previous entry : `org.hibernate.type.NullType@3dee3a6c`
2025-08-21 14:52:31 DEBUG o.hibernate.type.BasicTypeRegistry - Adding type registration org.hibernate.type.DurationType -> basicType@1(java.time.Duration,3015)
2025-08-21 14:52:31 DEBUG o.hibernate.type.BasicTypeRegistry - Adding type registration Duration -> basicType@1(java.time.Duration,3015)
2025-08-21 14:52:31 DEBUG o.hibernate.type.BasicTypeRegistry - Adding type registration java.time.Duration -> basicType@1(java.time.Duration,3015)
2025-08-21 14:52:31 DEBUG o.hibernate.type.BasicTypeRegistry - Adding type registration org.hibernate.type.OffsetDateTimeType -> basicType@2(java.time.OffsetDateTime,3003)
2025-08-21 14:52:31 DEBUG o.hibernate.type.BasicTypeRegistry - Adding type registration OffsetDateTime -> basicType@2(java.time.OffsetDateTime,3003)
2025-08-21 14:52:31 DEBUG o.hibernate.type.BasicTypeRegistry - Adding type registration java.time.OffsetDateTime -> basicType@2(java.time.OffsetDateTime,3003)
2025-08-21 14:52:31 DEBUG o.hibernate.type.BasicTypeRegistry - Adding type registration org.hibernate.type.ZonedDateTimeType -> basicType@3(java.time.ZonedDateTime,3003)
2025-08-21 14:52:31 DEBUG o.hibernate.type.BasicTypeRegistry - Adding type registration ZonedDateTime -> basicType@3(java.time.ZonedDateTime,3003)
2025-08-21 14:52:31 DEBUG o.hibernate.type.BasicTypeRegistry - Adding type registration java.time.ZonedDateTime -> basicType@3(java.time.ZonedDateTime,3003)
2025-08-21 14:52:31 DEBUG o.hibernate.type.BasicTypeRegistry - Adding type registration org.hibernate.type.OffsetTimeType -> basicType@4(java.time.OffsetTime,3007)
2025-08-21 14:52:31 DEBUG o.hibernate.type.BasicTypeRegistry - Adding type registration OffsetTime -> basicType@4(java.time.OffsetTime,3007)
2025-08-21 14:52:31 DEBUG o.hibernate.type.BasicTypeRegistry - Adding type registration java.time.OffsetTime -> basicType@4(java.time.OffsetTime,3007)
2025-08-21 14:52:31 DEBUG o.h.type.spi.TypeConfiguration$Scope - Scoping TypeConfiguration [org.hibernate.type.spi.TypeConfiguration@6e22d6bf] to MetadataBuildingContext [org.hibernate.boot.internal.MetadataBuildingContextRootImpl@32121140]
2025-08-21 14:52:31 DEBUG o.h.boot.model.relational.Namespace - Created database namespace [logicalName=Name{catalog=null, schema=null}, physicalName=Name{catalog=null, schema=null}]
2025-08-21 14:52:31 DEBUG o.h.boot.model.internal.EntityBinder - Binding entity from annotated class: com.company.micros1.model.Solicitud
2025-08-21 14:52:31 DEBUG o.h.boot.model.internal.EntityBinder - Import with entity name Solicitud
2025-08-21 14:52:31 DEBUG o.h.boot.model.internal.EntityBinder - Bind entity com.company.micros1.model.Solicitud on table solicitudes
2025-08-21 14:52:31 DEBUG o.h.b.model.internal.AnnotatedColumn - Binding column: AnnotatedDiscriminatorColumn(column='DTYPE')
2025-08-21 14:52:31 DEBUG o.h.b.model.internal.AnnotatedColumn - Binding column: AnnotatedColumn(column='id_solicitud')
2025-08-21 14:52:31 DEBUG o.h.b.internal.ClassLoaderAccessImpl - Not known whether passed class name [com.company.micros1.model.Solicitud] is safe
2025-08-21 14:52:31 DEBUG o.h.b.internal.ClassLoaderAccessImpl - No temp ClassLoader provided; using live ClassLoader for loading potentially unsafe class : com.company.micros1.model.Solicitud
2025-08-21 14:52:31 DEBUG o.h.b.model.internal.PropertyBinder - MetadataSourceProcessor property idSolicitud with lazy=false
2025-08-21 14:52:31 DEBUG o.h.b.m.i.AbstractPropertyHolder - Attempting to locate auto-apply AttributeConverter for property [com.company.micros1.model.Solicitud:idSolicitud]
2025-08-21 14:52:31 DEBUG o.h.b.m.internal.BasicValueBinder - building BasicValue for idSolicitud
2025-08-21 14:52:31 DEBUG org.hibernate.mapping.BasicValue - Skipping column re-registration: solicitudes.id_solicitud
2025-08-21 14:52:31 DEBUG o.h.b.model.internal.PropertyBinder - Building property idSolicitud
2025-08-21 14:52:32 DEBUG o.h.boot.model.internal.BinderHelper - #makeIdGenerator(BasicValue([Column(id_solicitud)]), idSolicitud, identity, , ...)
2025-08-21 14:52:32 DEBUG o.h.b.model.internal.AnnotatedColumn - Binding column: AnnotatedColumn(column='fecha_actualizacion')
2025-08-21 14:52:32 DEBUG o.h.b.model.internal.PropertyBinder - MetadataSourceProcessor property fechaActualizacion with lazy=false
2025-08-21 14:52:32 DEBUG o.h.b.m.i.AbstractPropertyHolder - Attempting to locate auto-apply AttributeConverter for property [com.company.micros1.model.Solicitud:fechaActualizacion]
2025-08-21 14:52:32 DEBUG o.h.b.m.internal.BasicValueBinder - building BasicValue for fechaActualizacion
2025-08-21 14:52:32 DEBUG org.hibernate.mapping.BasicValue - Skipping column re-registration: solicitudes.fecha_actualizacion
2025-08-21 14:52:32 DEBUG o.h.b.model.internal.PropertyBinder - Building property fechaActualizacion
2025-08-21 14:52:32 DEBUG o.h.b.model.internal.AnnotatedColumn - Binding column: AnnotatedColumn(column='fecha_creacion')
2025-08-21 14:52:32 DEBUG o.h.b.model.internal.PropertyBinder - MetadataSourceProcessor property fechaCreacion with lazy=false
2025-08-21 14:52:32 DEBUG o.h.b.m.i.AbstractPropertyHolder - Attempting to locate auto-apply AttributeConverter for property [com.company.micros1.model.Solicitud:fechaCreacion]
2025-08-21 14:52:32 DEBUG o.h.b.m.internal.BasicValueBinder - building BasicValue for fechaCreacion
2025-08-21 14:52:32 DEBUG org.hibernate.mapping.BasicValue - Skipping column re-registration: solicitudes.fecha_creacion
2025-08-21 14:52:32 DEBUG o.h.b.model.internal.PropertyBinder - Building property fechaCreacion
2025-08-21 14:52:32 DEBUG o.h.b.model.internal.AnnotatedColumn - Binding column: AnnotatedColumn(column='fecha_envio_s1')
2025-08-21 14:52:32 DEBUG o.h.b.model.internal.PropertyBinder - MetadataSourceProcessor property fechaEnvioS1 with lazy=false
2025-08-21 14:52:32 DEBUG o.h.b.m.i.AbstractPropertyHolder - Attempting to locate auto-apply AttributeConverter for property [com.company.micros1.model.Solicitud:fechaEnvioS1]
2025-08-21 14:52:32 DEBUG o.h.b.m.internal.BasicValueBinder - building BasicValue for fechaEnvioS1
2025-08-21 14:52:32 DEBUG org.hibernate.mapping.BasicValue - Skipping column re-registration: solicitudes.fecha_envio_s1
2025-08-21 14:52:32 DEBUG o.h.b.model.internal.PropertyBinder - Building property fechaEnvioS1
2025-08-21 14:52:32 DEBUG o.h.b.model.internal.AnnotatedColumn - Binding column: AnnotatedColumn(column='fecha_envio_s2')
2025-08-21 14:52:32 DEBUG o.h.b.model.internal.PropertyBinder - MetadataSourceProcessor property fechaEnvioS2 with lazy=false
2025-08-21 14:52:32 DEBUG o.h.b.m.i.AbstractPropertyHolder - Attempting to locate auto-apply AttributeConverter for property [com.company.micros1.model.Solicitud:fechaEnvioS2]
2025-08-21 14:52:32 DEBUG o.h.b.m.internal.BasicValueBinder - building BasicValue for fechaEnvioS2
2025-08-21 14:52:32 DEBUG org.hibernate.mapping.BasicValue - Skipping column re-registration: solicitudes.fecha_envio_s2
2025-08-21 14:52:32 DEBUG o.h.b.model.internal.PropertyBinder - Building property fechaEnvioS2
2025-08-21 14:52:32 DEBUG o.h.b.model.internal.AnnotatedColumn - Binding column: AnnotatedColumn(column='fecha_respuesta_s1')
2025-08-21 14:52:32 DEBUG o.h.b.model.internal.PropertyBinder - MetadataSourceProcessor property fechaRespuestaS1 with lazy=false
2025-08-21 14:52:32 DEBUG o.h.b.m.i.AbstractPropertyHolder - Attempting to locate auto-apply AttributeConverter for property [com.company.micros1.model.Solicitud:fechaRespuestaS1]
2025-08-21 14:52:32 DEBUG o.h.b.m.internal.BasicValueBinder - building BasicValue for fechaRespuestaS1
2025-08-21 14:52:32 DEBUG org.hibernate.mapping.BasicValue - Skipping column re-registration: solicitudes.fecha_respuesta_s1
2025-08-21 14:52:32 DEBUG o.h.b.model.internal.PropertyBinder - Building property fechaRespuestaS1
2025-08-21 14:52:32 DEBUG o.h.b.model.internal.AnnotatedColumn - Binding column: AnnotatedColumn(column='fecha_respuesta_s2')
2025-08-21 14:52:32 DEBUG o.h.b.model.internal.PropertyBinder - MetadataSourceProcessor property fechaRespuestaS2 with lazy=false
2025-08-21 14:52:32 DEBUG o.h.b.m.i.AbstractPropertyHolder - Attempting to locate auto-apply AttributeConverter for property [com.company.micros1.model.Solicitud:fechaRespuestaS2]
2025-08-21 14:52:32 DEBUG o.h.b.m.internal.BasicValueBinder - building BasicValue for fechaRespuestaS2
2025-08-21 14:52:32 DEBUG org.hibernate.mapping.BasicValue - Skipping column re-registration: solicitudes.fecha_respuesta_s2
2025-08-21 14:52:32 DEBUG o.h.b.model.internal.PropertyBinder - Building property fechaRespuestaS2
2025-08-21 14:52:32 DEBUG o.h.b.model.internal.AnnotatedColumn - Binding column: AnnotatedColumn(column='mensaje')
2025-08-21 14:52:32 DEBUG o.h.b.model.internal.PropertyBinder - MetadataSourceProcessor property mensaje with lazy=false
2025-08-21 14:52:32 DEBUG o.h.b.m.i.AbstractPropertyHolder - Attempting to locate auto-apply AttributeConverter for property [com.company.micros1.model.Solicitud:mensaje]
2025-08-21 14:52:32 DEBUG o.h.b.m.internal.BasicValueBinder - building BasicValue for mensaje
2025-08-21 14:52:32 DEBUG org.hibernate.mapping.BasicValue - Skipping column re-registration: solicitudes.mensaje
2025-08-21 14:52:32 DEBUG o.h.b.model.internal.PropertyBinder - Building property mensaje
2025-08-21 14:52:32 DEBUG o.h.b.model.internal.AnnotatedColumn - Binding column: AnnotatedColumn(column='sistema_destino')
2025-08-21 14:52:32 DEBUG o.h.b.model.internal.PropertyBinder - MetadataSourceProcessor property sistemaDestino with lazy=false
2025-08-21 14:52:32 DEBUG o.h.b.m.i.AbstractPropertyHolder - Attempting to locate auto-apply AttributeConverter for property [com.company.micros1.model.Solicitud:sistemaDestino]
2025-08-21 14:52:32 DEBUG o.h.b.m.internal.BasicValueBinder - building BasicValue for sistemaDestino
2025-08-21 14:52:32 DEBUG org.hibernate.mapping.BasicValue - Skipping column re-registration: solicitudes.sistema_destino
2025-08-21 14:52:32 DEBUG o.h.b.model.internal.PropertyBinder - Building property sistemaDestino
2025-08-21 14:52:32 DEBUG o.h.b.model.internal.AnnotatedColumn - Binding column: AnnotatedColumn(column='sistema_destino2')
2025-08-21 14:52:32 DEBUG o.h.b.model.internal.PropertyBinder - MetadataSourceProcessor property sistemaDestino2 with lazy=false
2025-08-21 14:52:32 DEBUG o.h.b.m.i.AbstractPropertyHolder - Attempting to locate auto-apply AttributeConverter for property [com.company.micros1.model.Solicitud:sistemaDestino2]
2025-08-21 14:52:32 DEBUG o.h.b.m.internal.BasicValueBinder - building BasicValue for sistemaDestino2
2025-08-21 14:52:32 DEBUG org.hibernate.mapping.BasicValue - Skipping column re-registration: solicitudes.sistema_destino2
2025-08-21 14:52:32 DEBUG o.h.b.model.internal.PropertyBinder - Building property sistemaDestino2
2025-08-21 14:52:32 DEBUG o.h.b.model.internal.AnnotatedColumn - Binding column: AnnotatedColumn(column='status')
2025-08-21 14:52:32 DEBUG o.h.b.model.internal.PropertyBinder - MetadataSourceProcessor property status with lazy=false
2025-08-21 14:52:32 DEBUG o.h.b.m.i.AbstractPropertyHolder - Attempting to locate auto-apply AttributeConverter for property [com.company.micros1.model.Solicitud:status]
2025-08-21 14:52:32 DEBUG o.h.b.m.internal.BasicValueBinder - building BasicValue for status
2025-08-21 14:52:32 DEBUG org.hibernate.mapping.BasicValue - Skipping column re-registration: solicitudes.status
2025-08-21 14:52:32 DEBUG o.h.b.model.internal.PropertyBinder - Building property status
2025-08-21 14:52:32 DEBUG o.h.b.model.internal.AnnotatedColumn - Binding column: AnnotatedColumn(column='status_string')
2025-08-21 14:52:32 DEBUG o.h.b.model.internal.PropertyBinder - MetadataSourceProcessor property statusString with lazy=false
2025-08-21 14:52:32 DEBUG o.h.b.m.i.AbstractPropertyHolder - Attempting to locate auto-apply AttributeConverter for property [com.company.micros1.model.Solicitud:statusString]
2025-08-21 14:52:32 DEBUG o.h.b.m.internal.BasicValueBinder - building BasicValue for statusString
2025-08-21 14:52:32 DEBUG org.hibernate.mapping.BasicValue - Skipping column re-registration: solicitudes.status_string
2025-08-21 14:52:32 DEBUG o.h.b.model.internal.PropertyBinder - Building property statusString
2025-08-21 14:52:32 DEBUG o.h.b.r.c.i.ClassLoaderServiceImpl - HHH000194: Package not found or no package-info.java: com.company.micros1.model
2025-08-21 14:52:32 DEBUG o.h.b.m.internal.BasicValueBinder - Starting `BasicValueBinder#fillSimpleValue` for idSolicitud
2025-08-21 14:52:32 DEBUG o.h.b.m.internal.BasicValueBinder - Starting `BasicValueBinder#fillSimpleValue` for fechaActualizacion
2025-08-21 14:52:32 DEBUG o.h.b.m.internal.BasicValueBinder - Starting `BasicValueBinder#fillSimpleValue` for fechaCreacion
2025-08-21 14:52:32 DEBUG o.h.b.m.internal.BasicValueBinder - Starting `BasicValueBinder#fillSimpleValue` for fechaEnvioS1
2025-08-21 14:52:32 DEBUG o.h.b.m.internal.BasicValueBinder - Starting `BasicValueBinder#fillSimpleValue` for fechaEnvioS2
2025-08-21 14:52:32 DEBUG o.h.b.m.internal.BasicValueBinder - Starting `BasicValueBinder#fillSimpleValue` for fechaRespuestaS1
2025-08-21 14:52:32 DEBUG o.h.b.m.internal.BasicValueBinder - Starting `BasicValueBinder#fillSimpleValue` for fechaRespuestaS2
2025-08-21 14:52:32 DEBUG o.h.b.m.internal.BasicValueBinder - Starting `BasicValueBinder#fillSimpleValue` for mensaje
2025-08-21 14:52:32 DEBUG o.h.b.m.internal.BasicValueBinder - Starting `BasicValueBinder#fillSimpleValue` for sistemaDestino
2025-08-21 14:52:32 DEBUG o.h.b.m.internal.BasicValueBinder - Starting `BasicValueBinder#fillSimpleValue` for sistemaDestino2
2025-08-21 14:52:32 DEBUG o.h.b.m.internal.BasicValueBinder - Starting `BasicValueBinder#fillSimpleValue` for status
2025-08-21 14:52:32 DEBUG o.h.b.m.internal.BasicValueBinder - Starting `BasicValueBinder#fillSimpleValue` for statusString
2025-08-21 14:52:32 DEBUG org.hibernate.mapping.PrimaryKey - Forcing column [id_solicitud] to be non-null as it is part of the primary key for table [solicitudes]
2025-08-21 14:52:32 DEBUG o.h.internal.SessionFactoryImpl - Building session factory
2025-08-21 14:52:32 DEBUG o.h.s.i.SessionFactoryServiceRegistryImpl - EventListenerRegistry access via ServiceRegistry is deprecated.  Use `sessionFactory.getEventEngine().getListenerRegistry()` instead
2025-08-21 14:52:32 DEBUG o.h.internal.SessionFactoryImpl - Instantiating SessionFactory with settings: {hibernate.format_sql=true, java.specification.version=21, sun.cpu.isalist=amd64, hibernate.resource.beans.container=org.springframework.orm.hibernate5.SpringBeanContainer@5e94947e, hibernate.connection.handling_mode=DELAYED_ACQUISITION_AND_HOLD, sun.jnu.encoding=Cp1252, hibernate.dialect=org.hibernate.dialect.MariaDBDialect, hibernate.implicit_naming_strategy=org.springframework.boot.orm.jpa.hibernate.SpringImplicitNamingStrategy, java.class.path=C:\Users\aldo_\Documents\SIIE\POC\servicio_hector\micros1\build\classes\java\main;C:\Users\aldo_\Documents\SIIE\POC\servicio_hector\micros1\build\resources\main;C:\Users\aldo_\.gradle\caches\modules-2\files-2.1\org.mapstruct\mapstruct\1.5.5.Final\2ca3cbe39b6e9ea8d5ea521965a89bef2a1e8eeb\mapstruct-1.5.5.Final.jar;C:\Users\aldo_\.gradle\caches\modules-2\files-2.1\net.devh\grpc-server-spring-boot-starter\3.0.0.RELEASE\e2b4db90a595139e0b09b70e7f340b88fbdcf5b6\grpc-server-spring-boot-starter-3.0.0.RELEASE.jar;C:\Users\aldo_\.gradle\caches\modules-2\files-2.1\io.grpc\grpc-netty-shaded\1.58.0\942622d5b4d908f9474ce5dbbdaa587e606cd9ed\grpc-netty-shaded-1.58.0.jar;C:\Users\aldo_\.gradle\caches\modules-2\files-2.1\io.grpc\grpc-services\1.60.1\7535fc92130476a8c78e77f95c63d649021ff169\grpc-services-1.60.1.jar;C:\Users\aldo_\.gradle\caches\modules-2\files-2.1\io.grpc\grpc-protobuf\1.58.0\2e16536d0b9c27e7b28bf916a528aa92e9ea872d\grpc-protobuf-1.58.0.jar;C:\Users\aldo_\.gradle\caches\modules-2\files-2.1\io.grpc\grpc-stub\1.58.0\6bba82c4e3298ffbc2faa182821c98f6e3903d77\grpc-stub-1.58.0.jar;C:\Users\aldo_\.gradle\caches\modules-2\files-2.1\net.devh\grpc-common-spring-boot\3.0.0.RELEASE\d82f1949260764f65b93de95ac83d06c1813cd11\grpc-common-spring-boot-3.0.0.RELEASE.jar;C:\Users\aldo_\.gradle\caches\modules-2\files-2.1\io.grpc\grpc-inprocess\1.60.1\9bf89e77028f35de5bc5b4b449385efb6e75e592\grpc-inprocess-1.60.1.jar;C:\Users\aldo_\.gradle\caches\modules-2\files-2.1\io.grpc\grpc-core\1.58.0\5a0fa4249397504443f7609754bf0acb50e0a0c5\grpc-core-1.58.0.jar;C:\Users\aldo_\.gradle\caches\modules-2\files-2.1\com.google.api.grpc\proto-google-common-protos\2.22.0\627126f6a05085dab0caba68dcdad118512975ef\proto-google-common-protos-2.22.0.jar;C:\Users\aldo_\.gradle\caches\modules-2\files-2.1\com.google.protobuf\protobuf-java-util\3.24.0\3008d814776133a4312e4ba25eb9e28ea56990e8\protobuf-java-util-3.24.0.jar;C:\Users\aldo_\.gradle\caches\modules-2\files-2.1\com.google.protobuf\protobuf-java\3.24.4\a773e5a3845e6baa5c4ede5532c426ebe6c53330\protobuf-java-3.24.4.jar;C:\Users\aldo_\.gradle\caches\modules-2\files-2.1\javax.annotation\javax.annotation-api\1.3.2\934c04d3cfef185a8008e7bf34331b79730a9d43\javax.annotation-api-1.3.2.jar;C:\Users\aldo_\.gradle\caches\modules-2\files-2.1\io.opentelemetry.instrumentation\opentelemetry-spring-boot-starter\2.0.0-alpha\3ca5b2f638da1183bc51d20c496a20d093ea46ee\opentelemetry-spring-boot-starter-2.0.0-alpha.jar;C:\Users\aldo_\.gradle\caches\modules-2\files-2.1\io.micrometer\micrometer-tracing-bridge-otel\1.2.0\3aa1aa2ff59c8ba0963744e81ca14bc3b5d078ed\micrometer-tracing-bridge-otel-1.2.0.jar;C:\Users\aldo_\.gradle\caches\modules-2\files-2.1\io.micrometer\micrometer-tracing\1.5.2\90d10b24f716b1e9dedc19a0f92c4630fbf5021a\micrometer-tracing-1.5.2.jar;C:\Users\aldo_\.gradle\caches\modules-2\files-2.1\io.opentelemetry.instrumentation\opentelemetry-instrumentation-api-semconv\1.31.0-alpha\70c53e7684c8458d85a31f0fa6396a9ca3d94d1d\opentelemetry-instrumentation-api-semconv-1.31.0-alpha.jar;C:\Users\aldo_\.gradle\caches\modules-2\files-2.1\io.opentelemetry.instrumentation\opentelemetry-grpc-1.6\2.0.0-alpha\ba5292d10548817c44a15e5ca5a9957b7177af33\opentelemetry-grpc-1.6-2.0.0-alpha.jar;C:\Users\aldo_\.gradle\caches\modules-2\files-2.1\io.opentelemetry.instrumentation\opentelemetry-spring-boot\2.0.0-alpha\838b3c21b2288122bc6e4de01cf22e6e5c3f17eb\opentelemetry-spring-boot-2.0.0-alpha.jar;C:\Users\aldo_\.gradle\caches\modules-2\files-2.1\io.opentelemetry.instrumentation\opentelemetry-kafka-clients-2.6\2.0.0-alpha\82242c5e2b77ab98601a802897b0f70fb8d66712\opentelemetry-kafka-clients-2.6-2.0.0-alpha.jar;C:\Users\aldo_\.gradle\caches\modules-2\files-2.1\io.opentelemetry.instrumentation\opentelemetry-spring-kafka-2.7\2.0.0-alpha\a779a70a6b7d353ec2c606081b92f157e24eeeda\opentelemetry-spring-kafka-2.7-2.0.0-alpha.jar;C:\Users\aldo_\.gradle\caches\modules-2\files-2.1\io.opentelemetry.instrumentation\opentelemetry-spring-web-3.1\2.0.0-alpha\b6d3646b5f7894904b274a3c48b9f9cd0f4beb\opentelemetry-spring-web-3.1-2.0.0-alpha.jar;C:\Users\aldo_\.gradle\caches\modules-2\files-2.1\io.opentelemetry.instrumentation\opentelemetry-spring-webmvc-5.3\2.0.0-alpha\60dfd7300840369d449b08bcf33970a978a55e87\opentelemetry-spring-webmvc-5.3-2.0.0-alpha.jar;C:\Users\aldo_\.gradle\caches\modules-2\files-2.1\io.opentelemetry.instrumentation\opentelemetry-spring-webmvc-6.0\2.0.0-alpha\68e8f5e3d055a8ccf4ce1ff13ba13307c386e058\opentelemetry-spring-webmvc-6.0-2.0.0-alpha.jar;C:\Users\aldo_\.gradle\caches\modules-2\files-2.1\io.opentelemetry.instrumentation\opentelemetry-spring-webflux-5.3\2.0.0-alpha\298735b8573eef99d895048bde478e04ae36cc3f\opentelemetry-spring-webflux-5.3-2.0.0-alpha.jar;C:\Users\aldo_\.gradle\caches\modules-2\files-2.1\io.opentelemetry.instrumentation\opentelemetry-micrometer-1.5\2.0.0-alpha\262fff1bee28be767b8db17b2c379974ce686f2d\opentelemetry-micrometer-1.5-2.0.0-alpha.jar;C:\Users\aldo_\.gradle\caches\modules-2\files-2.1\io.opentelemetry.instrumentation\opentelemetry-log4j-appender-2.17\2.0.0-alpha\836ff0d34f644d2df20a0a64eaa823195f6f792\opentelemetry-log4j-appender-2.17-2.0.0-alpha.jar;C:\Users\aldo_\.gradle\caches\modules-2\files-2.1\io.opentelemetry.instrumentation\opentelemetry-logback-appender-1.0\2.0.0-alpha\e3507e3d9b9b469ef77145f660f32d9da5bc1847\opentelemetry-logback-appender-1.0-2.0.0-alpha.jar;C:\Users\aldo_\.gradle\caches\modules-2\files-2.1\io.opentelemetry.instrumentation\opentelemetry-jdbc\2.0.0-alpha\8a6ccc1698a30d34f49a3bc6a31aba0fb10d0184\opentelemetry-jdbc-2.0.0-alpha.jar;C:\Users\aldo_\.gradle\caches\modules-2\files-2.1\io.opentelemetry.instrumentation\opentelemetry-kafka-clients-common\2.0.0-alpha\bb5ba2971ce9d53e2acd136913b36a4766f62f37\opentelemetry-kafka-clients-common-2.0.0-alpha.jar;C:\Users\aldo_\.gradle\caches\modules-2\files-2.1\io.opentelemetry.instrumentation\opentelemetry-reactor-3.1\2.0.0-alpha\654fe63175f81438f8f393edaccb487d893345aa\opentelemetry-reactor-3.1-2.0.0-alpha.jar;C:\Users\aldo_\.gradle\caches\modules-2\files-2.1\io.opentelemetry.instrumentation\opentelemetry-instrumentation-api-incubator\2.0.0-alpha\3afbf8367ca65703d6c0552bc59f26af04513929\opentelemetry-instrumentation-api-incubator-2.0.0-alpha.jar;C:\Users\aldo_\.gradle\caches\modules-2\files-2.1\io.opentelemetry.instrumentation\opentelemetry-instrumentation-annotations-support\2.0.0-alpha\679fec3d74fc69409e2572b5fd580399a25245e0\opentelemetry-instrumentation-annotations-support-2.0.0-alpha.jar;C:\Users\aldo_\.gradle\caches\modules-2\files-2.1\io.opentelemetry.instrumentation\opentelemetry-instrumentation-api\2.0.0\6c2ef87641999471f14cad4c2deaf0bc923d14ff\opentelemetry-instrumentation-api-2.0.0.jar;C:\Users\aldo_\.gradle\caches\modules-2\files-2.1\io.opentelemetry.semconv\opentelemetry-semconv\1.21.0-alpha\207660e74d1e155272e9559fd4d27854b92fc6ac\opentelemetry-semconv-1.21.0-alpha.jar;C:\Users\aldo_\.gradle\caches\modules-2\files-2.1\io.opentelemetry\opentelemetry-exporter-otlp\1.34.1\af68f90f0410b7b3a1900d3e0a15ad51b10ffd5b\opentelemetry-exporter-otlp-1.34.1.jar;C:\Users\aldo_\.gradle\caches\modules-2\files-2.1\io.micrometer\micrometer-registry-prometheus\1.15.2\995d5a871d75bd862cf21336eee1c3b3f070f497\micrometer-registry-prometheus-1.15.2.jar;C:\Users\aldo_\.gradle\caches\modules-2\files-2.1\net.logstash.logback\logstash-logback-encoder\7.4\4573c7882277096adf58dd6485f38400b028aa93\logstash-logback-encoder-7.4.jar;C:\Users\aldo_\.gradle\caches\modules-2\files-2.1\org.mariadb.jdbc\mariadb-java-client\3.5.4\94779b1059dd4bf6c5ebbfe30e0d8d9738322deb\mariadb-java-client-3.5.4.jar;C:\Users\aldo_\.gradle\caches\modules-2\files-2.1\io.grpc\grpc-protobuf-lite\1.58.0\60498c6688075a698ea3285587ed318aaf18d9db\grpc-protobuf-lite-1.58.0.jar;C:\Users\aldo_\.gradle\caches\modules-2\files-2.1\io.grpc\grpc-context\1.58.0\eae1e3ed15e40e3bd5c080a9bbb9a8eb1770afb7\grpc-context-1.58.0.jar;C:\Users\aldo_\.gradle\caches\modules-2\files-2.1\io.grpc\grpc-api\1.60.1\b1bc16a34a937c21cbb82cb0619efa7354958567\grpc-api-1.60.1.jar;C:\Users\aldo_\.gradle\caches\modules-2\files-2.1\io.grpc\grpc-util\1.60.1\76312d3c8f4df635ca75c6c1dd13df669e4940ca\grpc-util-1.60.1.jar;C:\Users\aldo_\.gradle\caches\modules-2\files-2.1\com.google.guava\guava\32.0.1-jre\6e5d51a72d142f2d40a57dfb897188b36a95b489\guava-32.0.1-jre.jar;C:\Users\aldo_\.gradle\caches\modules-2\files-2.1\com.google.code.gson\gson\2.13.1\853ce06c11316b33a8eae5e9095da096a9528b8f\gson-2.13.1.jar;C:\Users\aldo_\.gradle\caches\modules-2\files-2.1\com.google.errorprone\error_prone_annotations\2.38.0\fc0ae991433e8590ba51cd558421478318a74c8c\error_prone_annotations-2.38.0.jar;C:\Users\aldo_\.gradle\caches\modules-2\files-2.1\io.perfmark\perfmark-api\0.26.0\ef65452adaf20bf7d12ef55913aba24037b82738\perfmark-api-0.26.0.jar;C:\Users\aldo_\.gradle\caches\modules-2\files-2.1\com.google.code.findbugs\jsr305\3.0.2\25ea2e8b0c338a877313bd4672d3fe056ea78f0d\jsr305-3.0.2.jar;C:\Users\aldo_\.gradle\caches\modules-2\files-2.1\com.google.android\annotations\4.1.1.4\a1678ba907bf92691d879fef34e1a187038f9259\annotations-4.1.1.4.jar;C:\Users\aldo_\.gradle\caches\modules-2\files-2.1\org.codehaus.mojo\animal-sniffer-annotations\1.23\3c0daebd5f0e1ce72cc50c818321ac957aeb5d70\animal-sniffer-annotations-1.23.jar;C:\Users\aldo_\.gradle\caches\modules-2\files-2.1\org.hibernate.orm\hibernate-core\6.6.22.Final\6588dca0d86f402ae041ab482deabb74a46b8772\hibernate-core-6.6.22.Final.jar;C:\Users\aldo_\.gradle\caches\modules-2\files-2.1\org.springframework.data\spring-data-jpa\3.5.2\bf10cfac6bf849ac93c7888f8fd3340feee156de\spring-data-jpa-3.5.2.jar;C:\Users\aldo_\.gradle\caches\modules-2\files-2.1\org.springframework\spring-aspects\6.2.9\6de0395ee57dd21639dab88e855f01855eb7e750\spring-aspects-6.2.9.jar;C:\Users\aldo_\.gradle\caches\modules-2\files-2.1\org.springframework\spring-webmvc\6.2.9\622208b4388c0f1f6cdadd5f477facf4b30e13d3\spring-webmvc-6.2.9.jar;C:\Users\aldo_\.gradle\caches\modules-2\files-2.1\org.springframework\spring-web\6.2.9\ff0c61246f4abadc5a4ac2c1b2321d374a476254\spring-web-6.2.9.jar;C:\Users\aldo_\.gradle\caches\modules-2\files-2.1\org.springframework.boot\spring-boot-actuator-autoconfigure\3.5.4\a1b17f1369f5ef82f82c3bdfefcd89e4d4cfe915\spring-boot-actuator-autoconfigure-3.5.4.jar;C:\Users\aldo_\.gradle\caches\modules-2\files-2.1\io.micrometer\micrometer-jakarta9\1.15.2\9f5a509769cc24653b6608222f65b586c48c2e73\micrometer-jakarta9-1.15.2.jar;C:\Users\aldo_\.gradle\caches\modules-2\files-2.1\io.micrometer\micrometer-core\1.15.2\7cef62615c07670ed7a60d07f0d9bb8f65bea53b\micrometer-core-1.15.2.jar;C:\Users\aldo_\.gradle\caches\modules-2\files-2.1\org.springframework.boot\spring-boot-autoconfigure\3.5.4\3039bcc94e4cb32faf9306df982e5b8cd1d95eca\spring-boot-autoconfigure-3.5.4.jar;C:\Users\aldo_\.gradle\caches\modules-2\files-2.1\org.springframework.boot\spring-boot-actuator\3.5.4\a172c0667120e794539c258264f5988c666a1f00\spring-boot-actuator-3.5.4.jar;C:\Users\aldo_\.gradle\caches\modules-2\files-2.1\org.springframework.boot\spring-boot\3.5.4\a6fedec8de3c937fc7ea9dd47340bdee29c94af\spring-boot-3.5.4.jar;C:\Users\aldo_\.gradle\caches\modules-2\files-2.1\org.springframework\spring-context\6.2.9\6a138a66f3ba69d2234e731d6fb10061d28977e\spring-context-6.2.9.jar;C:\Users\aldo_\.gradle\caches\modules-2\files-2.1\io.micrometer\micrometer-observation\1.15.2\43a0e4b9dad3f03d6dbcaa87b6e3714c4b97cd99\micrometer-observation-1.15.2.jar;C:\Users\aldo_\.gradle\caches\modules-2\files-2.1\io.opentelemetry\opentelemetry-exporter-logging\1.34.1\b3e74d5b8cf5e60d9965042fa284085bbe081ce3\opentelemetry-exporter-logging-1.34.1.jar;C:\Users\aldo_\.gradle\caches\modules-2\files-2.1\io.opentelemetry\opentelemetry-sdk-extension-autoconfigure-spi\1.34.1\4a51e8ebed2e8948af761f7d6bf69048f674d5ac\opentelemetry-sdk-extension-autoconfigure-spi-1.34.1.jar;C:\Users\aldo_\.gradle\caches\modules-2\files-2.1\io.opentelemetry\opentelemetry-sdk\1.34.1\ab49eb621d6d01f0ad2f016989d0352ef18ea9a2\opentelemetry-sdk-1.34.1.jar;C:\Users\aldo_\.gradle\caches\modules-2\files-2.1\io.opentelemetry.instrumentation\opentelemetry-instrumentation-annotations\2.0.0\b2d84deaf61b4221e7de142df5fb8c86a6a8e31f\opentelemetry-instrumentation-annotations-2.0.0.jar;C:\Users\aldo_\.gradle\caches\modules-2\files-2.1\io.opentelemetry\opentelemetry-sdk-trace\1.34.1\121a75c2ba9ed8b80f5ff131c2411a5d460f38d0\opentelemetry-sdk-trace-1.34.1.jar;C:\Users\aldo_\.gradle\caches\modules-2\files-2.1\io.opentelemetry\opentelemetry-exporter-sender-okhttp\1.34.1\9f07e1764389e076a36fb7d9e5769e29f3dab950\opentelemetry-exporter-sender-okhttp-1.34.1.jar;C:\Users\aldo_\.gradle\caches\modules-2\files-2.1\io.opentelemetry\opentelemetry-sdk-metrics\1.34.1\d88407ae475e5f4e859a81e4f61e362e939f7bc2\opentelemetry-sdk-metrics-1.34.1.jar;C:\Users\aldo_\.gradle\caches\modules-2\files-2.1\io.opentelemetry\opentelemetry-sdk-logs\1.34.1\abad9abc80dfe6118a60413afa161696bbf8dd43\opentelemetry-sdk-logs-1.34.1.jar;C:\Users\aldo_\.gradle\caches\modules-2\files-2.1\io.opentelemetry\opentelemetry-sdk-common\1.34.1\1fcd8bad38d7b8987f6fc93bd7e933240eb727e\opentelemetry-sdk-common-1.34.1.jar;C:\Users\aldo_\.gradle\caches\modules-2\files-2.1\io.opentelemetry\opentelemetry-extension-trace-propagators\1.34.1\b9de377f99fd0a66805463184772527cc08f2db7\opentelemetry-extension-trace-propagators-1.34.1.jar;C:\Users\aldo_\.gradle\caches\modules-2\files-2.1\io.opentelemetry\opentelemetry-exporter-otlp-common\1.34.1\4acab18052267e280d1f9de22c591a5c88bed3a6\opentelemetry-exporter-otlp-common-1.34.1.jar;C:\Users\aldo_\.gradle\caches\modules-2\files-2.1\io.opentelemetry\opentelemetry-extension-incubator\1.34.1-alpha\9201e6a43a0a89515626f7516c7d1b2c349f76df\opentelemetry-extension-incubator-1.34.1-alpha.jar;C:\Users\aldo_\.gradle\caches\modules-2\files-2.1\io.opentelemetry\opentelemetry-exporter-common\1.34.1\19c9a3f52851a1333b648ed83c82d16eb4c64afd\opentelemetry-exporter-common-1.34.1.jar;C:\Users\aldo_\.gradle\caches\modules-2\files-2.1\io.opentelemetry\opentelemetry-api-events\1.34.1-alpha\dd49a639a9d6fa8a88083681ecb1b55903b1db1f\opentelemetry-api-events-1.34.1-alpha.jar;C:\Users\aldo_\.gradle\caches\modules-2\files-2.1\io.opentelemetry\opentelemetry-api\1.34.1\b4aea155f6d6b1032eba85378564431cfd86f562\opentelemetry-api-1.34.1.jar;C:\Users\aldo_\.gradle\caches\modules-2\files-2.1\com.zaxxer\HikariCP\6.3.1\411b6c8ae6eb4e2bae7f1b52ec5df58b29dd7905\HikariCP-6.3.1.jar;C:\Users\aldo_\.gradle\caches\modules-2\files-2.1\org.springframework.data\spring-data-commons\3.5.2\37a68fd8dfda423ce55d5cb0941cba7d9ba023ce\spring-data-commons-3.5.2.jar;C:\Users\aldo_\.gradle\caches\modules-2\files-2.1\ch.qos.logback\logback-classic\1.5.18\fc371f3fc97a639de2d67947cffb7518ec5e3d40\logback-classic-1.5.18.jar;C:\Users\aldo_\.gradle\caches\modules-2\files-2.1\org.apache.logging.log4j\log4j-to-slf4j\2.24.3\da1143e2a2531ee1c2d90baa98eb50a28a39d5a7\log4j-to-slf4j-2.24.3.jar;C:\Users\aldo_\.gradle\caches\modules-2\files-2.1\org.slf4j\jul-to-slf4j\2.0.17\524cb6ccc2b68a57604750e1ab8b13b5a786a6aa\jul-to-slf4j-2.0.17.jar;C:\Users\aldo_\.gradle\caches\modules-2\files-2.1\org.slf4j\slf4j-api\2.0.17\d9e58ac9c7779ba3bf8142aff6c830617a7fe60f\slf4j-api-2.0.17.jar;C:\Users\aldo_\.gradle\caches\modules-2\files-2.1\io.micrometer\context-propagation\1.1.3\19cea055eed20e80875705fcf9943ca8e978cf92\context-propagation-1.1.3.jar;C:\Users\aldo_\.gradle\caches\modules-2\files-2.1\aopalliance\aopalliance\1.0\235ba8b489512805ac13a8f9ea77a1ca5ebe3e8\aopalliance-1.0.jar;C:\Users\aldo_\.gradle\caches\modules-2\files-2.1\io.prometheus\prometheus-metrics-core\1.3.10\30c645782bc458a4868f59a9218c8395250a9f69\prometheus-metrics-core-1.3.10.jar;C:\Users\aldo_\.gradle\caches\modules-2\files-2.1\io.prometheus\prometheus-metrics-tracer-common\1.3.10\abf6e4d1a41d96e37b200606e121697751794a45\prometheus-metrics-tracer-common-1.3.10.jar;C:\Users\aldo_\.gradle\caches\modules-2\files-2.1\io.prometheus\prometheus-metrics-exposition-formats\1.3.10\9f8433c962ff720dc2c83f6c2e8af069dd36a898\prometheus-metrics-exposition-formats-1.3.10.jar;C:\Users\aldo_\.gradle\caches\modules-2\files-2.1\com.fasterxml.jackson.datatype\jackson-datatype-jsr310\2.19.2\72e73f048b36d9df82aef146bf8b2ae63b2e28e2\jackson-datatype-jsr310-2.19.2.jar;C:\Users\aldo_\.gradle\caches\modules-2\files-2.1\com.fasterxml.jackson.module\jackson-module-parameter-names\2.19.2\3c4ce467c11364c72ec4967c570fd5a2d1be1d0b\jackson-module-parameter-names-2.19.2.jar;C:\Users\aldo_\.gradle\caches\modules-2\files-2.1\com.fasterxml.jackson.core\jackson-annotations\2.19.2\c5381f11988ae3d424b197a26087d86067b6d7d\jackson-annotations-2.19.2.jar;C:\Users\aldo_\.gradle\caches\modules-2\files-2.1\com.fasterxml.jackson.core\jackson-core\2.19.2\50f3b4bd59b9ff51a0ed493e7b5abaf5c39709bf\jackson-core-2.19.2.jar;C:\Users\aldo_\.gradle\caches\modules-2\files-2.1\com.fasterxml.jackson.datatype\jackson-datatype-jdk8\2.19.2\a720d3946c3a1ab04b780f3b3163d62eee6948a0\jackson-datatype-jdk8-2.19.2.jar;C:\Users\aldo_\.gradle\caches\modules-2\files-2.1\com.fasterxml.jackson.core\jackson-databind\2.19.2\46509399d28f57ca32c6bb4b0d4e10e8f062051e\jackson-databind-2.19.2.jar;C:\Users\aldo_\.gradle\caches\modules-2\files-2.1\com.google.guava\failureaccess\1.0.1\1dcf1de382a0bf95a3d8b0849546c88bac1292c9\failureaccess-1.0.1.jar;C:\Users\aldo_\.gradle\caches\modules-2\files-2.1\com.google.guava\listenablefuture\9999.0-empty-to-avoid-conflict-with-guava\b421526c5f297295adef1c886e5246c39d4ac629\listenablefuture-9999.0-empty-to-avoid-conflict-with-guava.jar;C:\Users\aldo_\.gradle\caches\modules-2\files-2.1\org.checkerframework\checker-qual\3.33.0\de2b60b62da487644fc11f734e73c8b0b431238f\checker-qual-3.33.0.jar;C:\Users\aldo_\.gradle\caches\modules-2\files-2.1\com.google.j2objc\j2objc-annotations\2.8\c85270e307e7b822f1086b93689124b89768e273\j2objc-annotations-2.8.jar;C:\Users\aldo_\.gradle\caches\modules-2\files-2.1\jakarta.annotation\jakarta.annotation-api\2.1.1\48b9bda22b091b1f48b13af03fe36db3be6e1ae3\jakarta.annotation-api-2.1.1.jar;C:\Users\aldo_\.gradle\caches\modules-2\files-2.1\org.springframework\spring-orm\6.2.9\addd0ffdc72c37ad13b49738fe095dafd2364edd\spring-orm-6.2.9.jar;C:\Users\aldo_\.gradle\caches\modules-2\files-2.1\org.springframework\spring-jdbc\6.2.9\a5e8d3e8be846a02b398d023e3658e5278972e51\spring-jdbc-6.2.9.jar;C:\Users\aldo_\.gradle\caches\modules-2\files-2.1\org.springframework\spring-aop\6.2.9\9a4c4a61dd560bf8749aea283ce67f2e255bb286\spring-aop-6.2.9.jar;C:\Users\aldo_\.gradle\caches\modules-2\files-2.1\org.springframework\spring-tx\6.2.9\c2acdd50e5d1aefc07136f1e5551c9a54310bb06\spring-tx-6.2.9.jar;C:\Users\aldo_\.gradle\caches\modules-2\files-2.1\org.springframework\spring-beans\6.2.9\e3b86115a856789c654eafe5e625f95679f8035f\spring-beans-6.2.9.jar;C:\Users\aldo_\.gradle\caches\modules-2\files-2.1\org.springframework\spring-expression\6.2.9\e931accc74e2b3b51d44423524a4a3a295254c4a\spring-expression-6.2.9.jar;C:\Users\aldo_\.gradle\caches\modules-2\files-2.1\org.springframework\spring-core\6.2.9\91f5fd4cc7f0bfd27d7b2a5f51b0193ec22c8712\spring-core-6.2.9.jar;C:\Users\aldo_\.gradle\caches\modules-2\files-2.1\org.yaml\snakeyaml\2.4\e0666b825b796f85521f02360e77f4c92c5a7a07\snakeyaml-2.4.jar;C:\Users\aldo_\.gradle\caches\modules-2\files-2.1\jakarta.persistence\jakarta.persistence-api\3.1.0\66901fa1c373c6aff65c13791cc11da72060a8d6\jakarta.persistence-api-3.1.0.jar;C:\Users\aldo_\.gradle\caches\modules-2\files-2.1\jakarta.transaction\jakarta.transaction-api\2.0.1\51a520e3fae406abb84e2e1148e6746ce3f80a1a\jakarta.transaction-api-2.0.1.jar;C:\Users\aldo_\.gradle\caches\modules-2\files-2.1\org.jboss.logging\jboss-logging\3.6.1.Final\886afbb445b4016a37c8960a7aef6ebd769ce7e5\jboss-logging-3.6.1.Final.jar;C:\Users\aldo_\.gradle\caches\modules-2\files-2.1\org.hibernate.common\hibernate-commons-annotations\7.0.3.Final\e183c4be8bb41d12e9f19b374e00c34a0a85f439\hibernate-commons-annotations-7.0.3.Final.jar;C:\Users\aldo_\.gradle\caches\modules-2\files-2.1\io.smallrye\jandex\3.2.0\f17ad860f62a08487b9edabde608f8ac55c62fa7\jandex-3.2.0.jar;C:\Users\aldo_\.gradle\caches\modules-2\files-2.1\com.fasterxml\classmate\1.7.0\e98374da1f2143ac8e6e0a95036994bb19137a3\classmate-1.7.0.jar;C:\Users\aldo_\.gradle\caches\modules-2\files-2.1\net.bytebuddy\byte-buddy\1.17.6\8c70cbc6950b2ae5291a98d5003e06406d633803\byte-buddy-1.17.6.jar;C:\Users\aldo_\.gradle\caches\modules-2\files-2.1\org.glassfish.jaxb\jaxb-runtime\4.0.5\ca84c2a7169b5293e232b9d00d1e4e36d4c3914a\jaxb-runtime-4.0.5.jar;C:\Users\aldo_\.gradle\caches\modules-2\files-2.1\org.glassfish.jaxb\jaxb-core\4.0.5\7b4b11ea5542eea4ad55e1080b23be436795b3\jaxb-core-4.0.5.jar;C:\Users\aldo_\.gradle\caches\modules-2\files-2.1\jakarta.xml.bind\jakarta.xml.bind-api\4.0.2\6cd5a999b834b63238005b7144136379dc36cad2\jakarta.xml.bind-api-4.0.2.jar;C:\Users\aldo_\.gradle\caches\modules-2\files-2.1\jakarta.inject\jakarta.inject-api\2.0.1\4c28afe1991a941d7702fe1362c365f0a8641d1e\jakarta.inject-api-2.0.1.jar;C:\Users\aldo_\.gradle\caches\modules-2\files-2.1\org.antlr\antlr4-runtime\4.13.0\5a02e48521624faaf5ff4d99afc88b01686af655\antlr4-runtime-4.13.0.jar;C:\Users\aldo_\.gradle\caches\modules-2\files-2.1\org.aspectj\aspectjweaver\1.9.24\9b5aeb0cea9f958b9c57fb80e62996e95a3e9379\aspectjweaver-1.9.24.jar;C:\Users\aldo_\.gradle\caches\modules-2\files-2.1\org.apache.tomcat.embed\tomcat-embed-websocket\10.1.43\275ae1e1d3b13cfb7749b143e585837e7cd1f66d\tomcat-embed-websocket-10.1.43.jar;C:\Users\aldo_\.gradle\caches\modules-2\files-2.1\org.apache.tomcat.embed\tomcat-embed-core\10.1.43\cfccfd242d640e9a1c0c8a4d6926ca5b4d9c714b\tomcat-embed-core-10.1.43.jar;C:\Users\aldo_\.gradle\caches\modules-2\files-2.1\org.apache.tomcat.embed\tomcat-embed-el\10.1.43\9c045c72e99ff21be55768e5ceeb8869f9c3f24c\tomcat-embed-el-10.1.43.jar;C:\Users\aldo_\.gradle\caches\modules-2\files-2.1\io.micrometer\micrometer-commons\1.15.2\98e1ce7efa22b82e012d781db74ca54e5fbc730a\micrometer-commons-1.15.2.jar;C:\Users\aldo_\.gradle\caches\modules-2\files-2.1\javax.validation\validation-api\2.0.1.Final\cb855558e6271b1b32e716d24cb85c7f583ce09e\validation-api-2.0.1.Final.jar;C:\Users\aldo_\.gradle\caches\modules-2\files-2.1\io.opentelemetry\opentelemetry-context\1.34.1\3fcc87f3d810ce49d865ee54b40831559c5e129b\opentelemetry-context-1.34.1.jar;C:\Users\aldo_\.gradle\caches\modules-2\files-2.1\com.squareup.okhttp3\okhttp\4.12.0\2f4525d4a200e97e1b87449c2cd9bd2e25b7e8cd\okhttp-4.12.0.jar;C:\Users\aldo_\.gradle\caches\modules-2\files-2.1\org.hdrhistogram\HdrHistogram\2.2.2\7959933ebcc0f05b2eaa5af0a0c8689fa257b15c\HdrHistogram-2.2.2.jar;C:\Users\aldo_\.gradle\caches\modules-2\files-2.1\org.latencyutils\LatencyUtils\2.0.3\769c0b82cb2421c8256300e907298a9410a2a3d3\LatencyUtils-2.0.3.jar;C:\Users\aldo_\.gradle\caches\modules-2\files-2.1\io.prometheus\prometheus-metrics-exposition-textformats\1.3.10\7475c21ee94b4c46ff0394a2df02b3d2c5443690\prometheus-metrics-exposition-textformats-1.3.10.jar;C:\Users\aldo_\.gradle\caches\modules-2\files-2.1\io.prometheus\prometheus-metrics-model\1.3.10\e74c144f68e0258cbbdea64d4e387e65ebae6329\prometheus-metrics-model-1.3.10.jar;C:\Users\aldo_\.gradle\caches\modules-2\files-2.1\io.prometheus\prometheus-metrics-config\1.3.10\4fe03e3cc60188a32385bbd4559368842815e435\prometheus-metrics-config-1.3.10.jar;C:\Users\aldo_\.gradle\caches\modules-2\files-2.1\org.springframework\spring-jcl\6.2.9\8959aa4b32d307c8cbfbd99220e41ddb1d070470\spring-jcl-6.2.9.jar;C:\Users\aldo_\.gradle\caches\modules-2\files-2.1\org.eclipse.angus\angus-activation\2.0.2\41f1e0ddd157c856926ed149ab837d110955a9fc\angus-activation-2.0.2.jar;C:\Users\aldo_\.gradle\caches\modules-2\files-2.1\jakarta.activation\jakarta.activation-api\2.1.3\fa165bd70cda600368eee31555222776a46b881f\jakarta.activation-api-2.1.3.jar;C:\Users\aldo_\.gradle\caches\modules-2\files-2.1\com.squareup.okio\okio-jvm\3.6.0\5600569133b7bdefe1daf9ec7f4abeb6d13e1786\okio-jvm-3.6.0.jar;C:\Users\aldo_\.gradle\caches\modules-2\files-2.1\org.jetbrains.kotlin\kotlin-stdlib-jdk7\1.9.25\1c166692314a2639e5edfed0d23ed7eee4a5c7a5\kotlin-stdlib-jdk7-1.9.25.jar;C:\Users\aldo_\.gradle\caches\modules-2\files-2.1\org.jetbrains.kotlin\kotlin-stdlib\1.9.25\f700a2f2b8f0d6d0fde48f56d894dc722fb029d7\kotlin-stdlib-1.9.25.jar;C:\Users\aldo_\.gradle\caches\modules-2\files-2.1\org.jetbrains.kotlin\kotlin-stdlib-jdk8\1.9.25\20d44e880a284f7b5cd99dd69450b403073f49b2\kotlin-stdlib-jdk8-1.9.25.jar;C:\Users\aldo_\.gradle\caches\modules-2\files-2.1\ch.qos.logback\logback-core\1.5.18\6c0375624f6f36b4e089e2488ba21334a11ef13f\logback-core-1.5.18.jar;C:\Users\aldo_\.gradle\caches\modules-2\files-2.1\org.apache.logging.log4j\log4j-api\2.24.3\b02c125db8b6d295adf72ae6e71af5d83bce2370\log4j-api-2.24.3.jar;C:\Users\aldo_\.gradle\caches\modules-2\files-2.1\org.glassfish.jaxb\txw2\4.0.5\f36a4ef12120a9bb06d766d6a0e54b144fd7ed98\txw2-4.0.5.jar;C:\Users\aldo_\.gradle\caches\modules-2\files-2.1\com.sun.istack\istack-commons-runtime\4.1.2\18ec117c85f3ba0ac65409136afa8e42bc74e739\istack-commons-runtime-4.1.2.jar;C:\Users\aldo_\.gradle\caches\modules-2\files-2.1\org.jetbrains\annotations\13.0\919f0dfe192fb4e063e7dacadee7f8bb9a2672a9\annotations-13.0.jar, LOGBACK_ROLLINGPOLICY_MAX_FILE_SIZE=104857600, java.vm.vendor=Oracle Corporation, sun.arch.data.model=64, user.variant=, java.vendor.url=https://java.oracle.com/, catalina.useNaming=false, user.timezone=America/Mexico_City, jakarta.persistence.sharedCache.mode=UNSPECIFIED, org.jboss.logging.provider=slf4j, java.vm.specification.version=21, os.name=Windows 10, APPLICATION_NAME=micros1, jakarta.persistence.nonJtaDataSource=HikariDataSource (HikariPool-1), user.country=MX, sun.java.launcher=SUN_STANDARD, sun.boot.library.path=C:\Program Files\Java\jdk-21.0.1\bin, sun.java.command=com.company.micros1.Micros1Application, javax.persistence.nonJtaDataSource=HikariDataSource (HikariPool-1), hibernate.transaction.jta.platform=org.hibernate.engine.transaction.jta.platform.internal.NoJtaPlatform@4a1c14a6, jdk.debug=release, sun.cpu.endian=little, hibernate.cdi.extensions=true, user.home=C:\Users\aldo_, user.language=es, java.specification.vendor=Oracle Corporation, java.version.date=2023-10-17, java.home=C:\Program Files\Java\jdk-21.0.1, file.separator=\, spring.output.ansi.enabled=always, java.vm.compressedOopsMode=Zero based, line.separator=
, hibernate.persistenceUnitName=default, java.vm.specification.vendor=Oracle Corporation, java.specification.name=Java Platform API Specification, FILE_LOG_CHARSET=UTF-8, hibernate.transaction.coordinator_class=class org.hibernate.resource.transaction.backend.jdbc.internal.JdbcResourceLocalTransactionCoordinatorBuilderImpl, java.awt.headless=true, jakarta.persistence.validation.mode=AUTO, user.script=, sun.management.compiler=HotSpot 64-Bit Tiered Compilers, java.runtime.version=21.0.1+12-29, LOG_CORRELATION_PATTERN=%correlationId, user.name=aldo_, stdout.encoding=Cp1252, path.separator=;, os.version=10.0, java.runtime.name=OpenJDK Runtime Environment, file.encoding=UTF-8, FILE_LOG_PATTERN=%d{yyyy-MM-dd HH:mm:ss.SSS} [%thread] %-5level [%X{traceId:-},%X{spanId:-}] %logger{36} - %msg%n, java.vm.name=OpenJDK 64-Bit Server VM, hibernate.show_sql=true, LOG_FILE=./logs/micros1.log, java.vendor.url.bug=https://bugreport.java.com/bugreport/, java.io.tmpdir=C:\Users\aldo_\AppData\Local\Temp\, catalina.home=C:\Users\aldo_\AppData\Local\Temp\tomcat.8084.1180516703465382787, java.version=21.0.1, hibernate.physical_naming_strategy=org.hibernate.boot.model.naming.CamelCaseToUnderscoresNamingStrategy, user.dir=C:\Users\aldo_\Documents\SIIE\POC\servicio_hector\micros1, os.arch=amd64, java.vm.specification.name=Java Virtual Machine Specification, PID=21240, sun.os.patch.level=, CONSOLE_LOG_CHARSET=UTF-8, LOGBACK_ROLLINGPOLICY_MAX_HISTORY=30, catalina.base=C:\Users\aldo_\AppData\Local\Temp\tomcat.8084.1180516703465382787, hibernate.boot.CfgXmlAccessService.key=org.hibernate.boot.registry.StandardServiceRegistryBuilder$1@1bc1aa9e, native.encoding=Cp1252, java.library.path=C:\Program Files\Java\jdk-21.0.1\bin;C:\Windows\Sun\Java\bin;C:\Windows\system32;C:\Windows;C:\Program Files\Java\jdk-21.0.1\bin;C:\Program Files\apache-maven-3.8.6\bin;C:\Program Files\AdoptOpenJDK\jdk-11.0.11.9-hotspot\bin;C:\Windows\system32;C:\Windows;C:\Windows\System32\Wbem;C:\Windows\System32\WindowsPowerShell\v1.0\;C:\Windows\System32\OpenSSH\;C:\Program Files\dotnet\;C:\Program Files\Docker\Docker\resources\bin;C:\ProgramData\DockerDesktop\version-bin;C:\Program Files\Go\bin;C:\Program Files\kotlinc\bin;C:\Program Files\PuTTY\;C:\Program Files (x86)\PuTTYx86\;C:\Program Files\Git\cmd;C:\ProgramData\chocolatey\bin;C:\Users\TEMP\AppData\Local\Programs\Python\Python311\Scripts\;C:\Users\TEMP\AppData\Local\Programs\Python\Python311\;C:\Users\TEMP\AppData\Local\Microsoft\WindowsApps;C:\Users\TEMP\AppData\Local\Programs\Microsoft VS Code\bin;C:\Users\TEMP\AppData\Roaming\npm;C:\Program Files (x86)\dotnet\;C:\Program Files\Amazon\AWSCLIV2\;C:\Users\aldo_\AppData\Roaming\nvm;C:\Program Files\nodejs;C:\gradle-9.0.0\bin;C:\Program Files\MariaDB 10.6\bin;C:\Users\aldo_\.console-ninja\.bin;C:/Users/aldo_/.p2/pool/plugins/org.eclipse.justj.openjdk.hotspot.jre.full.win32.x86_64_21.0.2.v20240123-0840/jre/bin/server;C:/Users/aldo_/.p2/pool/plugins/org.eclipse.justj.openjdk.hotspot.jre.full.win32.x86_64_21.0.2.v20240123-0840/jre/bin;C:\Program Files\apache-maven-3.8.6\bin;C:\Program Files\AdoptOpenJDK\jdk-11.0.11.9-hotspot\bin;C:\Windows\system32;C:\Windows;C:\Windows\System32\Wbem;C:\Windows\System32\WindowsPowerShell\v1.0\;C:\Windows\System32\OpenSSH\;C:\Program Files\dotnet\;C:\Program Files\Docker\Docker\resources\bin;C:\ProgramData\DockerDesktop\version-bin;C:\Program Files\Go\bin;C:\Program Files (x86)\Calibre2\;C:\Program Files\kotlinc\bin;C:\Program Files\PuTTY\;C:\Program Files (x86)\PuTTYx86\;C:\Program Files\Git\cmd;C:\ProgramData\chocolatey\bin;C:\Users\TEMP\AppData\Local\Programs\Python\Python311\Scripts\;C:\Users\TEMP\AppData\Local\Programs\Python\Python311\;C:\Users;C:\Users\aldo_\AppData\Local\Programs\Microsoft VS Code\bin;C:\Users\aldo_\AppData\Local\GitHubDesktop\bin;C:\Users\aldo_\AppData\Roaming\nvm;C:\Program Files\nodejs;C:\Users\aldo_\AppData\Local\Programs\cursor\resources\app\bin;;., stderr.encoding=Cp1252, java.vendor=Oracle Corporation, java.vm.info=mixed mode, emulated-client, sharing, java.vm.version=21.0.1+12-29, sun.io.unicode.encoding=UnicodeLittle, hibernate.archive.scanner=org.hibernate.boot.archive.scan.internal.DisabledScanner, hibernate.connection.datasource=HikariDataSource (HikariPool-1), CONSOLE_LOG_PATTERN=%d{yyyy-MM-dd HH:mm:ss.SSS} [%thread] %-5level [%X{traceId:-},%X{spanId:-}] %logger{36} - %msg%n, java.class.version=65.0, LOGGED_APPLICATION_NAME=[micros1] }
2025-08-21 14:52:32 DEBUG o.h.internal.SessionFactoryImpl - Session factory constructed with filter configurations : {}
2025-08-21 14:52:32 DEBUG o.h.t.s.s.SchemaManagementToolCoordinator - No schema actions specified for contributor `orm`; doing nothing
2025-08-21 14:52:32 DEBUG o.h.q.s.function.SqmFunctionRegistry - Registered SqmFunctionTemplate [NamedSqmFunctionTemplate(max)] under max; prior registration was null
2025-08-21 14:52:32 DEBUG o.h.q.s.function.SqmFunctionRegistry - Registered SqmFunctionTemplate [NamedSqmFunctionTemplate(min)] under min; prior registration was null
2025-08-21 14:52:32 DEBUG o.h.q.s.function.SqmFunctionRegistry - Registered SqmFunctionTemplate [NamedSqmFunctionTemplate(sum)] under sum; prior registration was null
2025-08-21 14:52:32 DEBUG o.h.q.s.function.SqmFunctionRegistry - Registered SqmFunctionTemplate [NamedSqmFunctionTemplate(avg)] under avg; prior registration was null
2025-08-21 14:52:32 DEBUG o.h.q.s.function.SqmFunctionRegistry - Registered SqmFunctionTemplate [org.hibernate.dialect.function.CountFunction@1728d307] under count; prior registration was null
2025-08-21 14:52:32 DEBUG o.h.q.s.function.SqmFunctionRegistry - Registered SqmFunctionTemplate [org.hibernate.dialect.function.EveryAnyEmulation@4425b6ed] under every; prior registration was null
2025-08-21 14:52:32 DEBUG o.h.q.s.function.SqmFunctionRegistry - Registered SqmFunctionTemplate [org.hibernate.dialect.function.EveryAnyEmulation@702432cc] under any; prior registration was null
2025-08-21 14:52:32 DEBUG o.h.q.s.function.SqmFunctionRegistry - Registered SqmFunctionTemplate [NamedSqmFunctionTemplate(floor)] under floor; prior registration was null
2025-08-21 14:52:32 DEBUG o.h.q.s.function.SqmFunctionRegistry - Registered SqmFunctionTemplate [NamedSqmFunctionTemplate(ceiling)] under ceiling; prior registration was null
2025-08-21 14:52:32 DEBUG o.h.q.s.function.SqmFunctionRegistry - Registered SqmFunctionTemplate [NamedSqmFunctionTemplate(mod)] under mod; prior registration was null
2025-08-21 14:52:32 DEBUG o.h.q.s.function.SqmFunctionRegistry - Registered SqmFunctionTemplate [NamedSqmFunctionTemplate(abs)] under abs; prior registration was null
2025-08-21 14:52:32 DEBUG o.h.q.s.function.SqmFunctionRegistry - Registered SqmFunctionTemplate [NamedSqmFunctionTemplate(sign)] under sign; prior registration was null
2025-08-21 14:52:32 DEBUG o.h.q.s.function.SqmFunctionRegistry - Registered SqmFunctionTemplate [NamedSqmFunctionTemplate(sqrt)] under sqrt; prior registration was null
2025-08-21 14:52:32 DEBUG o.h.q.s.function.SqmFunctionRegistry - Registered SqmFunctionTemplate [NamedSqmFunctionTemplate(ln)] under ln; prior registration was null
2025-08-21 14:52:32 DEBUG o.h.q.s.function.SqmFunctionRegistry - Registered SqmFunctionTemplate [NamedSqmFunctionTemplate(exp)] under exp; prior registration was null
2025-08-21 14:52:32 DEBUG o.h.q.s.function.SqmFunctionRegistry - Registered SqmFunctionTemplate [NamedSqmFunctionTemplate(power)] under power; prior registration was null
2025-08-21 14:52:32 DEBUG o.h.q.s.function.SqmFunctionRegistry - Registered SqmFunctionTemplate [NamedSqmFunctionTemplate(round)] under round; prior registration was null
2025-08-21 14:52:32 DEBUG o.h.q.s.function.SqmFunctionRegistry - Registered SqmFunctionTemplate [NamedSqmFunctionTemplate(sin)] under sin; prior registration was null
2025-08-21 14:52:32 DEBUG o.h.q.s.function.SqmFunctionRegistry - Registered SqmFunctionTemplate [NamedSqmFunctionTemplate(cos)] under cos; prior registration was null
2025-08-21 14:52:32 DEBUG o.h.q.s.function.SqmFunctionRegistry - Registered SqmFunctionTemplate [NamedSqmFunctionTemplate(tan)] under tan; prior registration was null
2025-08-21 14:52:32 DEBUG o.h.q.s.function.SqmFunctionRegistry - Registered SqmFunctionTemplate [NamedSqmFunctionTemplate(asin)] under asin; prior registration was null
2025-08-21 14:52:32 DEBUG o.h.q.s.function.SqmFunctionRegistry - Registered SqmFunctionTemplate [NamedSqmFunctionTemplate(acos)] under acos; prior registration was null
2025-08-21 14:52:32 DEBUG o.h.q.s.function.SqmFunctionRegistry - Registered SqmFunctionTemplate [NamedSqmFunctionTemplate(atan)] under atan; prior registration was null
2025-08-21 14:52:32 DEBUG o.h.q.s.function.SqmFunctionRegistry - Registered SqmFunctionTemplate [NamedSqmFunctionTemplate(atan2)] under atan2; prior registration was null
2025-08-21 14:52:32 DEBUG o.h.q.s.function.SqmFunctionRegistry - Registered SqmFunctionTemplate [org.hibernate.query.sqm.function.PatternBasedSqmFunctionDescriptor@13e6c544] under sinh; prior registration was null
2025-08-21 14:52:32 DEBUG o.h.q.s.function.SqmFunctionRegistry - Registered SqmFunctionTemplate [org.hibernate.query.sqm.function.PatternBasedSqmFunctionDescriptor@6c68f29c] under cosh; prior registration was null
2025-08-21 14:52:32 DEBUG o.h.q.s.function.SqmFunctionRegistry - Registered SqmFunctionTemplate [org.hibernate.query.sqm.function.PatternBasedSqmFunctionDescriptor@3b3b2290] under tanh; prior registration was null
2025-08-21 14:52:32 DEBUG o.h.q.s.function.SqmFunctionRegistry - Registered SqmFunctionTemplate [org.hibernate.query.sqm.function.PatternBasedSqmFunctionDescriptor@47d7e4b6] under pi; prior registration was null
2025-08-21 14:52:32 DEBUG o.h.q.s.function.SqmFunctionRegistry - Registered SqmFunctionTemplate [org.hibernate.query.sqm.function.PatternBasedSqmFunctionDescriptor@623ed5ed] under log; prior registration was null
2025-08-21 14:52:32 DEBUG o.h.q.s.function.SqmFunctionRegistry - Registered SqmFunctionTemplate [NamedSqmFunctionTemplate(coalesce)] under coalesce; prior registration was null
2025-08-21 14:52:32 DEBUG o.h.q.s.function.SqmFunctionRegistry - Registered SqmFunctionTemplate [NamedSqmFunctionTemplate(nullif)] under nullif; prior registration was null
2025-08-21 14:52:32 DEBUG o.h.q.s.function.SqmFunctionRegistry - Registered SqmFunctionTemplate [NamedSqmFunctionTemplate(left)] under left; prior registration was null
2025-08-21 14:52:32 DEBUG o.h.q.s.function.SqmFunctionRegistry - Registered SqmFunctionTemplate [NamedSqmFunctionTemplate(right)] under right; prior registration was null
2025-08-21 14:52:32 DEBUG o.h.q.s.function.SqmFunctionRegistry - Registered SqmFunctionTemplate [NamedSqmFunctionTemplate(replace)] under replace; prior registration was null
2025-08-21 14:52:32 DEBUG o.h.q.s.function.SqmFunctionRegistry - Registered SqmFunctionTemplate [NamedSqmFunctionTemplate(concat)] under concat; prior registration was null
2025-08-21 14:52:32 DEBUG o.h.q.s.function.SqmFunctionRegistry - Registered SqmFunctionTemplate [NamedSqmFunctionTemplate(lower)] under lower; prior registration was null
2025-08-21 14:52:32 DEBUG o.h.q.s.function.SqmFunctionRegistry - Registered SqmFunctionTemplate [NamedSqmFunctionTemplate(upper)] under upper; prior registration was null
2025-08-21 14:52:32 DEBUG o.h.q.s.function.SqmFunctionRegistry - Registered SqmFunctionTemplate [NamedSqmFunctionTemplate(substring)] under substring; prior registration was null
2025-08-21 14:52:32 DEBUG o.h.q.s.function.SqmFunctionRegistry - Registered SqmFunctionTemplate [NamedSqmFunctionTemplate(locate)] under locate; prior registration was null
2025-08-21 14:52:32 DEBUG o.h.q.s.function.SqmFunctionRegistry - Registered SqmFunctionTemplate [NamedSqmFunctionTemplate(character_length)] under character_length; prior registration was null
2025-08-21 14:52:32 DEBUG o.h.q.s.function.SqmFunctionRegistry - Registering alternate key : length -> character_length
2025-08-21 14:52:32 DEBUG o.h.q.s.function.SqmFunctionRegistry - Registered SqmFunctionTemplate [org.hibernate.dialect.function.LocatePositionEmulation@6413eeb7] under position; prior registration was null
2025-08-21 14:52:32 DEBUG o.h.q.s.function.SqmFunctionRegistry - Registered SqmFunctionTemplate [org.hibernate.dialect.function.InsertSubstringOverlayEmulation@68ea1eb5] under overlay; prior registration was null
2025-08-21 14:52:32 DEBUG o.h.q.s.function.SqmFunctionRegistry - Registered SqmFunctionTemplate [org.hibernate.dialect.function.TrimFunction@29ddaa8e] under trim; prior registration was null
2025-08-21 14:52:32 DEBUG o.h.q.s.function.SqmFunctionRegistry - Registered SqmFunctionTemplate [org.hibernate.dialect.function.CastFunction@229c4d34] under cast; prior registration was null
2025-08-21 14:52:32 DEBUG o.h.q.s.function.SqmFunctionRegistry - Registered SqmFunctionTemplate [org.hibernate.query.sqm.function.PatternBasedSqmFunctionDescriptor@5b49b1df] under collate; prior registration was null
2025-08-21 14:52:32 DEBUG o.h.q.s.function.SqmFunctionRegistry - Registered SqmFunctionTemplate [org.hibernate.dialect.function.ExtractFunction@4ac0fdc7] under extract; prior registration was null
2025-08-21 14:52:32 DEBUG o.h.q.s.function.SqmFunctionRegistry - Registered SqmFunctionTemplate [NamedSqmFunctionTemplate(least)] under least; prior registration was null
2025-08-21 14:52:32 DEBUG o.h.q.s.function.SqmFunctionRegistry - Registered SqmFunctionTemplate [NamedSqmFunctionTemplate(greatest)] under greatest; prior registration was null
2025-08-21 14:52:32 DEBUG o.h.q.s.function.SqmFunctionRegistry - Registered SqmFunctionTemplate [org.hibernate.dialect.function.CoalesceIfnullEmulation@727de450] under ifnull; prior registration was null
2025-08-21 14:52:32 DEBUG o.h.q.s.function.SqmFunctionRegistry - Registered SqmFunctionTemplate [NamedSqmFunctionTemplate(lpad)] under lpad; prior registration was null
2025-08-21 14:52:32 DEBUG o.h.q.s.function.SqmFunctionRegistry - Registered SqmFunctionTemplate [NamedSqmFunctionTemplate(rpad)] under rpad; prior registration was null
2025-08-21 14:52:32 DEBUG o.h.q.s.function.SqmFunctionRegistry - Registered SqmFunctionTemplate [org.hibernate.dialect.function.LpadRpadPadEmulation@22a1d77b] under pad; prior registration was null
2025-08-21 14:52:32 DEBUG o.h.q.s.function.SqmFunctionRegistry - Registered SqmFunctionTemplate [org.hibernate.dialect.function.CastStrEmulation@2e564c78] under str; prior registration was null
2025-08-21 14:52:32 DEBUG o.h.q.s.function.SqmFunctionRegistry - Registered SqmFunctionTemplate [org.hibernate.dialect.function.FormatFunction@43cf97a8] under format; prior registration was null
2025-08-21 14:52:32 DEBUG o.h.q.s.function.SqmFunctionRegistry - Registered SqmFunctionTemplate [org.hibernate.dialect.function.TimestampaddFunction@c555e1e] under timestampadd; prior registration was null
2025-08-21 14:52:32 DEBUG o.h.q.s.function.SqmFunctionRegistry - Registered SqmFunctionTemplate [org.hibernate.dialect.function.TimestampdiffFunction@139b3a29] under timestampdiff; prior registration was null
2025-08-21 14:52:32 DEBUG o.h.q.s.function.SqmFunctionRegistry - Registering alternate key : dateadd -> timestampadd
2025-08-21 14:52:32 DEBUG o.h.q.s.function.SqmFunctionRegistry - Registering alternate key : datediff -> timestampdiff
2025-08-21 14:52:32 DEBUG o.h.q.s.function.SqmFunctionRegistry - Registered SqmFunctionTemplate [org.hibernate.dialect.function.CurrentFunction@3e265811] under current_date; prior registration was null
2025-08-21 14:52:32 DEBUG o.h.q.s.function.SqmFunctionRegistry - Registered SqmFunctionTemplate [org.hibernate.dialect.function.CurrentFunction@55a07f97] under current_time; prior registration was null
2025-08-21 14:52:32 DEBUG o.h.q.s.function.SqmFunctionRegistry - Registered SqmFunctionTemplate [org.hibernate.dialect.function.CurrentFunction@33986be7] under current_timestamp; prior registration was null
2025-08-21 14:52:32 DEBUG o.h.q.s.function.SqmFunctionRegistry - Registering alternate key : current date -> current_date
2025-08-21 14:52:32 DEBUG o.h.q.s.function.SqmFunctionRegistry - Registering alternate key : current time -> current_time
2025-08-21 14:52:32 DEBUG o.h.q.s.function.SqmFunctionRegistry - Registering alternate key : current timestamp -> current_timestamp
2025-08-21 14:52:32 DEBUG o.h.q.s.function.SqmFunctionRegistry - Registered SqmFunctionTemplate [org.hibernate.dialect.function.CurrentFunction@748fa354] under local_date; prior registration was null
2025-08-21 14:52:32 DEBUG o.h.q.s.function.SqmFunctionRegistry - Registered SqmFunctionTemplate [org.hibernate.dialect.function.CurrentFunction@78e59b04] under local_time; prior registration was null
2025-08-21 14:52:32 DEBUG o.h.q.s.function.SqmFunctionRegistry - Registered SqmFunctionTemplate [org.hibernate.dialect.function.CurrentFunction@2e6f1f48] under local_datetime; prior registration was null
2025-08-21 14:52:32 DEBUG o.h.q.s.function.SqmFunctionRegistry - Registered SqmFunctionTemplate [org.hibernate.dialect.function.CurrentFunction@5ed88e31] under offset_datetime; prior registration was null
2025-08-21 14:52:32 DEBUG o.h.q.s.function.SqmFunctionRegistry - Registering alternate key : local date -> local_date
2025-08-21 14:52:32 DEBUG o.h.q.s.function.SqmFunctionRegistry - Registering alternate key : local time -> local_time
2025-08-21 14:52:32 DEBUG o.h.q.s.function.SqmFunctionRegistry - Registering alternate key : local datetime -> local_datetime
2025-08-21 14:52:32 DEBUG o.h.q.s.function.SqmFunctionRegistry - Registering alternate key : offset datetime -> offset_datetime
2025-08-21 14:52:32 DEBUG o.h.q.s.function.SqmFunctionRegistry - Registered SqmFunctionTemplate [org.hibernate.dialect.function.CurrentFunction@574413bd] under instant; prior registration was null
2025-08-21 14:52:32 DEBUG o.h.q.s.function.SqmFunctionRegistry - Registering alternate key : current_instant -> instant
2025-08-21 14:52:32 DEBUG o.h.q.s.function.SqmFunctionRegistry - Registered SqmFunctionTemplate [org.hibernate.dialect.function.SqlFunction@50d6af87] under sql; prior registration was null
2025-08-21 14:52:32 DEBUG o.h.q.s.function.SqmFunctionRegistry - Registered SqmFunctionTemplate [NamedSqmFunctionTemplate(soundex)] under soundex; prior registration was null
2025-08-21 14:52:32 DEBUG o.h.q.s.function.SqmFunctionRegistry - Registered SqmFunctionTemplate [NamedSqmFunctionTemplate(radians)] under radians; prior registration was null
2025-08-21 14:52:32 DEBUG o.h.q.s.function.SqmFunctionRegistry - Registered SqmFunctionTemplate [NamedSqmFunctionTemplate(degrees)] under degrees; prior registration was null
2025-08-21 14:52:32 DEBUG o.h.q.s.function.SqmFunctionRegistry - Registered SqmFunctionTemplate [NamedSqmFunctionTemplate(cot)] under cot; prior registration was null
2025-08-21 14:52:32 DEBUG o.h.q.s.function.SqmFunctionRegistry - Registered SqmFunctionTemplate [NamedSqmFunctionTemplate(log)] under log; prior registration was org.hibernate.query.sqm.function.PatternBasedSqmFunctionDescriptor@623ed5ed
2025-08-21 14:52:32 DEBUG o.h.q.s.function.SqmFunctionRegistry - Registered SqmFunctionTemplate [NamedSqmFunctionTemplate(log2)] under log2; prior registration was null
2025-08-21 14:52:32 DEBUG o.h.q.s.function.SqmFunctionRegistry - Registered SqmFunctionTemplate [NamedSqmFunctionTemplate(log10)] under log10; prior registration was null
2025-08-21 14:52:32 DEBUG o.h.q.s.function.SqmFunctionRegistry - Registered SqmFunctionTemplate [NamedSqmFunctionTemplate(ltrim)] under ltrim; prior registration was null
2025-08-21 14:52:32 DEBUG o.h.q.s.function.SqmFunctionRegistry - Registered SqmFunctionTemplate [NamedSqmFunctionTemplate(rtrim)] under rtrim; prior registration was null
2025-08-21 14:52:32 DEBUG o.h.q.s.function.SqmFunctionRegistry - Registered SqmFunctionTemplate [NamedSqmFunctionTemplate(octet_length)] under octet_length; prior registration was null
2025-08-21 14:52:32 DEBUG o.h.q.s.function.SqmFunctionRegistry - Registered SqmFunctionTemplate [NamedSqmFunctionTemplate(reverse)] under reverse; prior registration was null
2025-08-21 14:52:32 DEBUG o.h.q.s.function.SqmFunctionRegistry - Registered SqmFunctionTemplate [NamedSqmFunctionTemplate(space)] under space; prior registration was null
2025-08-21 14:52:32 DEBUG o.h.q.s.function.SqmFunctionRegistry - Registered SqmFunctionTemplate [NamedSqmFunctionTemplate(repeat)] under repeat; prior registration was null
2025-08-21 14:52:32 DEBUG o.h.q.s.function.SqmFunctionRegistry - Registered SqmFunctionTemplate [org.hibernate.query.sqm.function.MultipatternSqmFunctionDescriptor@1e12fdcf] under lpad; prior registration was NamedSqmFunctionTemplate(lpad)
2025-08-21 14:52:32 DEBUG o.h.q.s.function.SqmFunctionRegistry - Registered SqmFunctionTemplate [org.hibernate.query.sqm.function.MultipatternSqmFunctionDescriptor@1d0fc0bc] under rpad; prior registration was NamedSqmFunctionTemplate(rpad)
2025-08-21 14:52:32 DEBUG o.h.q.s.function.SqmFunctionRegistry - Registered SqmFunctionTemplate [NamedSqmFunctionTemplate(md5)] under md5; prior registration was null
2025-08-21 14:52:32 DEBUG o.h.q.s.function.SqmFunctionRegistry - Registered SqmFunctionTemplate [NamedSqmFunctionTemplate(day)] under day; prior registration was null
2025-08-21 14:52:32 DEBUG o.h.q.s.function.SqmFunctionRegistry - Registered SqmFunctionTemplate [NamedSqmFunctionTemplate(month)] under month; prior registration was null
2025-08-21 14:52:32 DEBUG o.h.q.s.function.SqmFunctionRegistry - Registered SqmFunctionTemplate [NamedSqmFunctionTemplate(year)] under year; prior registration was null
2025-08-21 14:52:32 DEBUG o.h.q.s.function.SqmFunctionRegistry - Registered SqmFunctionTemplate [NamedSqmFunctionTemplate(hour)] under hour; prior registration was null
2025-08-21 14:52:32 DEBUG o.h.q.s.function.SqmFunctionRegistry - Registered SqmFunctionTemplate [NamedSqmFunctionTemplate(minute)] under minute; prior registration was null
2025-08-21 14:52:32 DEBUG o.h.q.s.function.SqmFunctionRegistry - Registered SqmFunctionTemplate [NamedSqmFunctionTemplate(second)] under second; prior registration was null
2025-08-21 14:52:32 DEBUG o.h.q.s.function.SqmFunctionRegistry - Registered SqmFunctionTemplate [NamedSqmFunctionTemplate(microsecond)] under microsecond; prior registration was null
2025-08-21 14:52:32 DEBUG o.h.q.s.function.SqmFunctionRegistry - Registered SqmFunctionTemplate [NamedSqmFunctionTemplate(dayofweek)] under dayofweek; prior registration was null
2025-08-21 14:52:32 DEBUG o.h.q.s.function.SqmFunctionRegistry - Registered SqmFunctionTemplate [NamedSqmFunctionTemplate(dayofmonth)] under dayofmonth; prior registration was null
2025-08-21 14:52:32 DEBUG o.h.q.s.function.SqmFunctionRegistry - Registering alternate key : day -> dayofmonth
2025-08-21 14:52:32 DEBUG o.h.q.s.function.SqmFunctionRegistry - Registered SqmFunctionTemplate [NamedSqmFunctionTemplate(dayofyear)] under dayofyear; prior registration was null
2025-08-21 14:52:32 DEBUG o.h.q.s.function.SqmFunctionRegistry - Registered SqmFunctionTemplate [NamedSqmFunctionTemplate(week)] under week; prior registration was null
2025-08-21 14:52:32 DEBUG o.h.q.s.function.SqmFunctionRegistry - Registered SqmFunctionTemplate [NamedSqmFunctionTemplate(quarter)] under quarter; prior registration was null
2025-08-21 14:52:32 DEBUG o.h.q.s.function.SqmFunctionRegistry - Registered SqmFunctionTemplate [NamedSqmFunctionTemplate(monthname)] under monthname; prior registration was null
2025-08-21 14:52:32 DEBUG o.h.q.s.function.SqmFunctionRegistry - Registered SqmFunctionTemplate [NamedSqmFunctionTemplate(dayname)] under dayname; prior registration was null
2025-08-21 14:52:32 DEBUG o.h.q.s.function.SqmFunctionRegistry - Registered SqmFunctionTemplate [NamedSqmFunctionTemplate(last_day)] under last_day; prior registration was null
2025-08-21 14:52:32 DEBUG o.h.q.s.function.SqmFunctionRegistry - Registered SqmFunctionTemplate [NamedSqmFunctionTemplate(date)] under date; prior registration was null
2025-08-21 14:52:32 DEBUG o.h.q.s.function.SqmFunctionRegistry - Registered SqmFunctionTemplate [NamedSqmFunctionTemplate(timestamp)] under timestamp; prior registration was null
2025-08-21 14:52:32 DEBUG o.h.q.s.function.SqmFunctionRegistry - Registered SqmFunctionTemplate [NamedSqmFunctionTemplate(time)] under time; prior registration was null
2025-08-21 14:52:32 DEBUG o.h.q.s.function.SqmFunctionRegistry - Registered SqmFunctionTemplate [NamedSqmFunctionTemplate(utc_date)] under utc_date; prior registration was null
2025-08-21 14:52:32 DEBUG o.h.q.s.function.SqmFunctionRegistry - Registered SqmFunctionTemplate [NamedSqmFunctionTemplate(utc_time)] under utc_time; prior registration was null
2025-08-21 14:52:32 DEBUG o.h.q.s.function.SqmFunctionRegistry - Registered SqmFunctionTemplate [NamedSqmFunctionTemplate(utc_timestamp)] under utc_timestamp; prior registration was null
2025-08-21 14:52:32 DEBUG o.h.q.s.function.SqmFunctionRegistry - Registered SqmFunctionTemplate [NamedSqmFunctionTemplate(rand)] under rand; prior registration was null
2025-08-21 14:52:32 DEBUG o.h.q.s.function.SqmFunctionRegistry - Registered SqmFunctionTemplate [NamedSqmFunctionTemplate(crc32)] under crc32; prior registration was null
2025-08-21 14:52:32 DEBUG o.h.q.s.function.SqmFunctionRegistry - Registered SqmFunctionTemplate [NamedSqmFunctionTemplate(sha1)] under sha1; prior registration was null
2025-08-21 14:52:32 DEBUG o.h.q.s.function.SqmFunctionRegistry - Registered SqmFunctionTemplate [NamedSqmFunctionTemplate(sha2)] under sha2; prior registration was null
2025-08-21 14:52:32 DEBUG o.h.q.s.function.SqmFunctionRegistry - Registered SqmFunctionTemplate [NamedSqmFunctionTemplate(sha)] under sha; prior registration was null
2025-08-21 14:52:32 DEBUG o.h.q.s.function.SqmFunctionRegistry - Registered SqmFunctionTemplate [NamedSqmFunctionTemplate(bit_length)] under bit_length; prior registration was null
2025-08-21 14:52:32 DEBUG o.h.q.s.function.SqmFunctionRegistry - Registered SqmFunctionTemplate [NamedSqmFunctionTemplate(octet_length)] under octet_length; prior registration was NamedSqmFunctionTemplate(octet_length)
2025-08-21 14:52:32 DEBUG o.h.q.s.function.SqmFunctionRegistry - Registered SqmFunctionTemplate [NamedSqmFunctionTemplate(ascii)] under ascii; prior registration was null
2025-08-21 14:52:32 DEBUG o.h.q.s.function.SqmFunctionRegistry - Registered SqmFunctionTemplate [NamedSqmFunctionTemplate(instr)] under instr; prior registration was null
2025-08-21 14:52:32 DEBUG o.h.q.s.function.SqmFunctionRegistry - Registered SqmFunctionTemplate [NamedSqmFunctionTemplate(substr)] under substr; prior registration was null
2025-08-21 14:52:32 DEBUG o.h.q.s.function.SqmFunctionRegistry - Registered SqmFunctionTemplate [org.hibernate.query.sqm.function.PatternBasedSqmFunctionDescriptor@2003edf] under position; prior registration was org.hibernate.dialect.function.LocatePositionEmulation@6413eeb7
2025-08-21 14:52:32 DEBUG o.h.q.s.function.SqmFunctionRegistry - Registered SqmFunctionTemplate [NamedSqmFunctionTemplate(curtime)] under curtime; prior registration was null
2025-08-21 14:52:32 DEBUG o.h.q.s.function.SqmFunctionRegistry - Registered SqmFunctionTemplate [NamedSqmFunctionTemplate(curdate)] under curdate; prior registration was null
2025-08-21 14:52:32 DEBUG o.h.q.s.function.SqmFunctionRegistry - Registered SqmFunctionTemplate [NamedSqmFunctionTemplate(now)] under now; prior registration was null
2025-08-21 14:52:32 DEBUG o.h.q.s.function.SqmFunctionRegistry - Registered SqmFunctionTemplate [org.hibernate.dialect.function.TruncFunction@aca2a0b] under trunc; prior registration was null
2025-08-21 14:52:32 DEBUG o.h.q.s.function.SqmFunctionRegistry - Registering alternate key : truncate -> trunc
2025-08-21 14:52:32 DEBUG o.h.q.s.function.SqmFunctionRegistry - Registered SqmFunctionTemplate [NamedSqmFunctionTemplate(insert)] under insert; prior registration was null
2025-08-21 14:52:32 DEBUG o.h.q.s.function.SqmFunctionRegistry - Registered SqmFunctionTemplate [org.hibernate.query.sqm.function.PatternBasedSqmFunctionDescriptor@79080255] under bitand; prior registration was null
2025-08-21 14:52:32 DEBUG o.h.q.s.function.SqmFunctionRegistry - Registered SqmFunctionTemplate [org.hibernate.query.sqm.function.PatternBasedSqmFunctionDescriptor@2cdb53d6] under bitor; prior registration was null
2025-08-21 14:52:32 DEBUG o.h.q.s.function.SqmFunctionRegistry - Registered SqmFunctionTemplate [org.hibernate.query.sqm.function.PatternBasedSqmFunctionDescriptor@62ba3045] under bitxor; prior registration was null
2025-08-21 14:52:32 DEBUG o.h.q.s.function.SqmFunctionRegistry - Registered SqmFunctionTemplate [org.hibernate.query.sqm.function.PatternBasedSqmFunctionDescriptor@397bd46b] under bitnot; prior registration was null
2025-08-21 14:52:32 DEBUG o.h.q.s.function.SqmFunctionRegistry - Registered SqmFunctionTemplate [NamedSqmFunctionTemplate(bit_and)] under bit_and; prior registration was null
2025-08-21 14:52:32 DEBUG o.h.q.s.function.SqmFunctionRegistry - Registered SqmFunctionTemplate [NamedSqmFunctionTemplate(bit_or)] under bit_or; prior registration was null
2025-08-21 14:52:32 DEBUG o.h.q.s.function.SqmFunctionRegistry - Registered SqmFunctionTemplate [NamedSqmFunctionTemplate(stddev)] under stddev; prior registration was null
2025-08-21 14:52:32 DEBUG o.h.q.s.function.SqmFunctionRegistry - Registered SqmFunctionTemplate [NamedSqmFunctionTemplate(stddev_pop)] under stddev_pop; prior registration was null
2025-08-21 14:52:32 DEBUG o.h.q.s.function.SqmFunctionRegistry - Registered SqmFunctionTemplate [NamedSqmFunctionTemplate(stddev_samp)] under stddev_samp; prior registration was null
2025-08-21 14:52:32 DEBUG o.h.q.s.function.SqmFunctionRegistry - Registered SqmFunctionTemplate [NamedSqmFunctionTemplate(variance)] under variance; prior registration was null
2025-08-21 14:52:32 DEBUG o.h.q.s.function.SqmFunctionRegistry - Registered SqmFunctionTemplate [NamedSqmFunctionTemplate(var_pop)] under var_pop; prior registration was null
2025-08-21 14:52:32 DEBUG o.h.q.s.function.SqmFunctionRegistry - Registered SqmFunctionTemplate [NamedSqmFunctionTemplate(var_samp)] under var_samp; prior registration was null
2025-08-21 14:52:32 DEBUG o.h.q.s.function.SqmFunctionRegistry - Registered SqmFunctionTemplate [NamedSqmFunctionTemplate(datediff)] under datediff; prior registration was null
2025-08-21 14:52:32 DEBUG o.h.q.s.function.SqmFunctionRegistry - Registered SqmFunctionTemplate [NamedSqmFunctionTemplate(adddate)] under adddate; prior registration was null
2025-08-21 14:52:32 DEBUG o.h.q.s.function.SqmFunctionRegistry - Registered SqmFunctionTemplate [NamedSqmFunctionTemplate(subdate)] under subdate; prior registration was null
2025-08-21 14:52:32 DEBUG o.h.q.s.function.SqmFunctionRegistry - Registered SqmFunctionTemplate [NamedSqmFunctionTemplate(addtime)] under addtime; prior registration was null
2025-08-21 14:52:32 DEBUG o.h.q.s.function.SqmFunctionRegistry - Registered SqmFunctionTemplate [NamedSqmFunctionTemplate(subtime)] under subtime; prior registration was null
2025-08-21 14:52:32 DEBUG o.h.q.s.function.SqmFunctionRegistry - Registered SqmFunctionTemplate [org.hibernate.dialect.function.FormatFunction@d863bb] under format; prior registration was org.hibernate.dialect.function.FormatFunction@43cf97a8
2025-08-21 14:52:32 DEBUG o.h.q.s.function.SqmFunctionRegistry - Registered SqmFunctionTemplate [NamedSqmFunctionTemplate(makedate)] under makedate; prior registration was null
2025-08-21 14:52:32 DEBUG o.h.q.s.function.SqmFunctionRegistry - Registered SqmFunctionTemplate [NamedSqmFunctionTemplate(maketime)] under maketime; prior registration was null
2025-08-21 14:52:32 DEBUG o.h.q.s.function.SqmFunctionRegistry - Registered SqmFunctionTemplate [NamedSqmFunctionTemplate(localtime)] under localtime; prior registration was null
2025-08-21 14:52:32 DEBUG o.h.q.s.function.SqmFunctionRegistry - Registered SqmFunctionTemplate [NamedSqmFunctionTemplate(localtimestamp)] under localtimestamp; prior registration was null
2025-08-21 14:52:32 DEBUG o.h.q.s.function.SqmFunctionRegistry - Registered SqmFunctionTemplate [NamedSqmFunctionTemplate(localtime)] under local_time; prior registration was org.hibernate.dialect.function.CurrentFunction@78e59b04
2025-08-21 14:52:32 DEBUG o.h.q.s.function.SqmFunctionRegistry - Registered SqmFunctionTemplate [NamedSqmFunctionTemplate(localtimestamp)] under local_datetime; prior registration was org.hibernate.dialect.function.CurrentFunction@2e6f1f48
2025-08-21 14:52:32 DEBUG o.h.q.s.function.SqmFunctionRegistry - Registered SqmFunctionTemplate [NamedSqmFunctionTemplate(localtime)] under localtime; prior registration was NamedSqmFunctionTemplate(localtime)
2025-08-21 14:52:32 DEBUG o.h.q.s.function.SqmFunctionRegistry - Registered SqmFunctionTemplate [org.hibernate.query.sqm.function.PatternBasedSqmFunctionDescriptor@76ebd595] under pi; prior registration was org.hibernate.query.sqm.function.PatternBasedSqmFunctionDescriptor@47d7e4b6
2025-08-21 14:52:32 DEBUG o.h.q.s.function.SqmFunctionRegistry - Registered SqmFunctionTemplate [org.hibernate.query.sqm.function.PatternBasedSqmFunctionDescriptor@4560eb15] under chr; prior registration was null
2025-08-21 14:52:32 DEBUG o.h.q.s.function.SqmFunctionRegistry - Registering alternate key : char -> chr
2025-08-21 14:52:32 DEBUG o.h.q.s.function.SqmFunctionRegistry - Registered SqmFunctionTemplate [org.hibernate.query.sqm.function.PatternBasedSqmFunctionDescriptor@225fb75e] under sysdate; prior registration was null
2025-08-21 14:52:32 DEBUG o.h.q.s.function.SqmFunctionRegistry - Registered SqmFunctionTemplate [org.hibernate.dialect.function.ListaggGroupConcatEmulation@54f62ac6] under listagg; prior registration was null
2025-08-21 14:52:32 DEBUG o.h.q.s.function.SqmFunctionRegistry - Registered SqmFunctionTemplate [NamedSqmFunctionTemplate(row_number)] under row_number; prior registration was null
2025-08-21 14:52:32 DEBUG o.h.q.s.function.SqmFunctionRegistry - Registered SqmFunctionTemplate [NamedSqmFunctionTemplate(lag)] under lag; prior registration was null
2025-08-21 14:52:32 DEBUG o.h.q.s.function.SqmFunctionRegistry - Registered SqmFunctionTemplate [NamedSqmFunctionTemplate(lead)] under lead; prior registration was null
2025-08-21 14:52:32 DEBUG o.h.q.s.function.SqmFunctionRegistry - Registered SqmFunctionTemplate [NamedSqmFunctionTemplate(first_value)] under first_value; prior registration was null
2025-08-21 14:52:32 DEBUG o.h.q.s.function.SqmFunctionRegistry - Registered SqmFunctionTemplate [NamedSqmFunctionTemplate(last_value)] under last_value; prior registration was null
2025-08-21 14:52:32 DEBUG o.h.q.s.function.SqmFunctionRegistry - Registered SqmFunctionTemplate [NamedSqmFunctionTemplate(nth_value)] under nth_value; prior registration was null
2025-08-21 14:52:32 DEBUG o.h.q.s.function.SqmFunctionRegistry - Registered SqmFunctionTemplate [org.hibernate.dialect.function.HypotheticalSetWindowEmulation@222a7429] under rank; prior registration was null
2025-08-21 14:52:32 DEBUG o.h.q.s.function.SqmFunctionRegistry - Registered SqmFunctionTemplate [org.hibernate.dialect.function.HypotheticalSetWindowEmulation@22a8c837] under dense_rank; prior registration was null
2025-08-21 14:52:32 DEBUG o.h.q.s.function.SqmFunctionRegistry - Registered SqmFunctionTemplate [org.hibernate.dialect.function.HypotheticalSetWindowEmulation@5f596a1a] under percent_rank; prior registration was null
2025-08-21 14:52:32 DEBUG o.h.q.s.function.SqmFunctionRegistry - Registered SqmFunctionTemplate [org.hibernate.dialect.function.HypotheticalSetWindowEmulation@62977afb] under cume_dist; prior registration was null
2025-08-21 14:52:32 DEBUG o.h.q.s.function.SqmFunctionRegistry - Registered SqmFunctionTemplate [NamedSqmFunctionTemplate(json_valid)] under json_valid; prior registration was null
2025-08-21 14:52:32 DEBUG o.h.q.s.function.SqmFunctionRegistry - Registered SqmFunctionTemplate [org.hibernate.dialect.function.InverseDistributionWindowEmulation@5ae67f05] under percentile_cont; prior registration was null
2025-08-21 14:52:32 DEBUG o.h.q.s.function.SqmFunctionRegistry - Registered SqmFunctionTemplate [org.hibernate.dialect.function.InverseDistributionWindowEmulation@4bc39640] under percentile_disc; prior registration was null
2025-08-21 14:52:32 DEBUG o.h.q.s.function.SqmFunctionRegistry - Registered SqmFunctionTemplate [org.hibernate.query.sqm.function.PatternBasedSqmFunctionDescriptor@1e37cb10] under median; prior registration was null
2025-08-21 14:52:32 DEBUG org.hibernate.HQL_FUNCTIONS - abs(NUMERIC arg)
2025-08-21 14:52:32 DEBUG org.hibernate.HQL_FUNCTIONS - Double acos(NUMERIC arg)
2025-08-21 14:52:32 DEBUG org.hibernate.HQL_FUNCTIONS - adddate(DATE datetime, INTEGER days)
2025-08-21 14:52:32 DEBUG org.hibernate.HQL_FUNCTIONS - addtime(TIME datetime, TIME time)
2025-08-21 14:52:32 DEBUG org.hibernate.HQL_FUNCTIONS - Boolean any(BOOLEAN arg)
2025-08-21 14:52:32 DEBUG org.hibernate.HQL_FUNCTIONS - Integer ascii(STRING arg)
2025-08-21 14:52:32 DEBUG org.hibernate.HQL_FUNCTIONS - Double asin(NUMERIC arg)
2025-08-21 14:52:32 DEBUG org.hibernate.HQL_FUNCTIONS - Double atan(NUMERIC arg)
2025-08-21 14:52:32 DEBUG org.hibernate.HQL_FUNCTIONS - Double atan2(NUMERIC arg0, NUMERIC arg1)
2025-08-21 14:52:32 DEBUG org.hibernate.HQL_FUNCTIONS - avg(arg)
2025-08-21 14:52:32 DEBUG org.hibernate.HQL_FUNCTIONS - bit_and(arg)
2025-08-21 14:52:32 DEBUG org.hibernate.HQL_FUNCTIONS - Integer bit_length(STRING_OR_CLOB arg)
2025-08-21 14:52:32 DEBUG org.hibernate.HQL_FUNCTIONS - bit_or(arg)
2025-08-21 14:52:32 DEBUG org.hibernate.HQL_FUNCTIONS - bitand(arg0, arg1)
2025-08-21 14:52:32 DEBUG org.hibernate.HQL_FUNCTIONS - bitnot(arg)
2025-08-21 14:52:32 DEBUG org.hibernate.HQL_FUNCTIONS - bitor(arg0, arg1)
2025-08-21 14:52:32 DEBUG org.hibernate.HQL_FUNCTIONS - bitxor(arg0, arg1)
2025-08-21 14:52:32 DEBUG org.hibernate.HQL_FUNCTIONS - cast(arg as Type)
2025-08-21 14:52:32 DEBUG org.hibernate.HQL_FUNCTIONS - ceiling(NUMERIC arg)
2025-08-21 14:52:32 DEBUG org.hibernate.HQL_FUNCTIONS - Character char(INTEGER arg)
2025-08-21 14:52:32 DEBUG org.hibernate.HQL_FUNCTIONS - Integer character_length(STRING_OR_CLOB arg)
2025-08-21 14:52:32 DEBUG org.hibernate.HQL_FUNCTIONS - Character chr(INTEGER arg)
2025-08-21 14:52:32 DEBUG org.hibernate.HQL_FUNCTIONS - coalesce(arg0[, arg1[, ...]])
2025-08-21 14:52:32 DEBUG org.hibernate.HQL_FUNCTIONS - String collate(STRING string as COLLATION collation)
2025-08-21 14:52:32 DEBUG org.hibernate.HQL_FUNCTIONS - String concat(STRING string0[, STRING string1[, ...]])
2025-08-21 14:52:32 DEBUG org.hibernate.HQL_FUNCTIONS - Double cos(NUMERIC arg)
2025-08-21 14:52:32 DEBUG org.hibernate.HQL_FUNCTIONS - Double cosh(NUMERIC arg)
2025-08-21 14:52:32 DEBUG org.hibernate.HQL_FUNCTIONS - Double cot(NUMERIC arg)
2025-08-21 14:52:32 DEBUG org.hibernate.HQL_FUNCTIONS - Long count([distinct ]{arg|*})
2025-08-21 14:52:32 DEBUG org.hibernate.HQL_FUNCTIONS - Integer crc32(arg)
2025-08-21 14:52:32 DEBUG org.hibernate.HQL_FUNCTIONS - Double cume_dist([arg0[, ...]])
2025-08-21 14:52:32 DEBUG org.hibernate.HQL_FUNCTIONS - Date curdate()
2025-08-21 14:52:32 DEBUG org.hibernate.HQL_FUNCTIONS - Date current date
2025-08-21 14:52:32 DEBUG org.hibernate.HQL_FUNCTIONS - Time current time
2025-08-21 14:52:32 DEBUG org.hibernate.HQL_FUNCTIONS - Timestamp current timestamp
2025-08-21 14:52:32 DEBUG org.hibernate.HQL_FUNCTIONS - Date current_date
2025-08-21 14:52:32 DEBUG org.hibernate.HQL_FUNCTIONS - Instant current_instant
2025-08-21 14:52:32 DEBUG org.hibernate.HQL_FUNCTIONS - Time current_time
2025-08-21 14:52:32 DEBUG org.hibernate.HQL_FUNCTIONS - Timestamp current_timestamp
2025-08-21 14:52:32 DEBUG org.hibernate.HQL_FUNCTIONS - Time curtime()
2025-08-21 14:52:32 DEBUG org.hibernate.HQL_FUNCTIONS - Date date(arg)
2025-08-21 14:52:32 DEBUG org.hibernate.HQL_FUNCTIONS - dateadd(TEMPORAL_UNIT field, INTEGER magnitude, TEMPORAL datetime)
2025-08-21 14:52:32 DEBUG org.hibernate.HQL_FUNCTIONS - Integer datediff(DATE end, DATE start)
2025-08-21 14:52:32 DEBUG org.hibernate.HQL_FUNCTIONS - Integer day(DATE arg)
2025-08-21 14:52:32 DEBUG org.hibernate.HQL_FUNCTIONS - String dayname(DATE arg)
2025-08-21 14:52:32 DEBUG org.hibernate.HQL_FUNCTIONS - Integer dayofmonth(DATE arg)
2025-08-21 14:52:32 DEBUG org.hibernate.HQL_FUNCTIONS - Integer dayofweek(DATE arg)
2025-08-21 14:52:32 DEBUG org.hibernate.HQL_FUNCTIONS - Integer dayofyear(DATE arg)
2025-08-21 14:52:32 DEBUG org.hibernate.HQL_FUNCTIONS - Double degrees(NUMERIC arg)
2025-08-21 14:52:32 DEBUG org.hibernate.HQL_FUNCTIONS - Long dense_rank([arg0[, ...]])
2025-08-21 14:52:32 DEBUG org.hibernate.HQL_FUNCTIONS - Boolean every(BOOLEAN arg)
2025-08-21 14:52:32 DEBUG org.hibernate.HQL_FUNCTIONS - Double exp(NUMERIC arg)
2025-08-21 14:52:32 DEBUG org.hibernate.HQL_FUNCTIONS - extract(TEMPORAL_UNIT field from TEMPORAL arg)
2025-08-21 14:52:32 DEBUG org.hibernate.HQL_FUNCTIONS - first_valueANY value
2025-08-21 14:52:32 DEBUG org.hibernate.HQL_FUNCTIONS - floor(NUMERIC arg)
2025-08-21 14:52:32 DEBUG org.hibernate.HQL_FUNCTIONS - String format(TEMPORAL datetime as STRING pattern)
2025-08-21 14:52:32 DEBUG org.hibernate.HQL_FUNCTIONS - greatest(COMPARABLE arg0, COMPARABLE arg1[, arg2[, ...]])
2025-08-21 14:52:32 DEBUG org.hibernate.HQL_FUNCTIONS - Integer hour(TIME arg)
2025-08-21 14:52:32 DEBUG org.hibernate.HQL_FUNCTIONS - ifnull(arg0, arg1)
2025-08-21 14:52:32 DEBUG org.hibernate.HQL_FUNCTIONS - String insert(STRING string, INTEGER start, INTEGER length, STRING replacement)
2025-08-21 14:52:32 DEBUG org.hibernate.HQL_FUNCTIONS - Instant instant
2025-08-21 14:52:32 DEBUG org.hibernate.HQL_FUNCTIONS - Integer instr(STRING string, STRING pattern[, INTEGER start[, INTEGER occurrence]])
2025-08-21 14:52:32 DEBUG org.hibernate.HQL_FUNCTIONS - Boolean json_valid([arg0[, ...]])
2025-08-21 14:52:32 DEBUG org.hibernate.HQL_FUNCTIONS - lagANY value[, INTEGER offset[, ANY default]]
2025-08-21 14:52:32 DEBUG org.hibernate.HQL_FUNCTIONS - Date last_day(DATE arg)
2025-08-21 14:52:32 DEBUG org.hibernate.HQL_FUNCTIONS - last_valueANY value
2025-08-21 14:52:32 DEBUG org.hibernate.HQL_FUNCTIONS - leadANY value[, INTEGER offset[, ANY default]]
2025-08-21 14:52:32 DEBUG org.hibernate.HQL_FUNCTIONS - least(COMPARABLE arg0, COMPARABLE arg1[, arg2[, ...]])
2025-08-21 14:52:32 DEBUG org.hibernate.HQL_FUNCTIONS - String left(STRING string, INTEGER length)
2025-08-21 14:52:32 DEBUG org.hibernate.HQL_FUNCTIONS - Integer length(STRING_OR_CLOB arg)
2025-08-21 14:52:32 DEBUG org.hibernate.HQL_FUNCTIONS - String listagg(STRING arg0, STRING arg1)
2025-08-21 14:52:32 DEBUG org.hibernate.HQL_FUNCTIONS - Double ln(NUMERIC arg)
2025-08-21 14:52:32 DEBUG org.hibernate.HQL_FUNCTIONS - LocalDate local date
2025-08-21 14:52:32 DEBUG org.hibernate.HQL_FUNCTIONS - LocalDateTime local datetime
2025-08-21 14:52:32 DEBUG org.hibernate.HQL_FUNCTIONS - LocalTime local time
2025-08-21 14:52:32 DEBUG org.hibernate.HQL_FUNCTIONS - LocalDate local_date
2025-08-21 14:52:32 DEBUG org.hibernate.HQL_FUNCTIONS - LocalDateTime local_datetime
2025-08-21 14:52:32 DEBUG org.hibernate.HQL_FUNCTIONS - LocalTime local_time
2025-08-21 14:52:32 DEBUG org.hibernate.HQL_FUNCTIONS - Timestamp localtime
2025-08-21 14:52:32 DEBUG org.hibernate.HQL_FUNCTIONS - Timestamp localtimestamp
2025-08-21 14:52:32 DEBUG org.hibernate.HQL_FUNCTIONS - Integer locate(STRING pattern, STRING string[, INTEGER start])
2025-08-21 14:52:32 DEBUG org.hibernate.HQL_FUNCTIONS - Double log(NUMERIC arg0[, NUMERIC arg1])
2025-08-21 14:52:32 DEBUG org.hibernate.HQL_FUNCTIONS - Double log10(NUMERIC arg)
2025-08-21 14:52:32 DEBUG org.hibernate.HQL_FUNCTIONS - Double log2(NUMERIC arg)
2025-08-21 14:52:32 DEBUG org.hibernate.HQL_FUNCTIONS - String lower(STRING string)
2025-08-21 14:52:32 DEBUG org.hibernate.HQL_FUNCTIONS - String lpad(string, length[, padding])
2025-08-21 14:52:32 DEBUG org.hibernate.HQL_FUNCTIONS - String ltrim(STRING string[, STRING characters])
2025-08-21 14:52:32 DEBUG org.hibernate.HQL_FUNCTIONS - Date makedate(INTEGER year, INTEGER dayofyear)
2025-08-21 14:52:32 DEBUG org.hibernate.HQL_FUNCTIONS - Time maketime(INTEGER hour, INTEGER min, INTEGER sec)
2025-08-21 14:52:32 DEBUG org.hibernate.HQL_FUNCTIONS - max(COMPARABLE arg)
2025-08-21 14:52:32 DEBUG org.hibernate.HQL_FUNCTIONS - String md5(arg)
2025-08-21 14:52:32 DEBUG org.hibernate.HQL_FUNCTIONS - Double median(NUMERIC arg)
2025-08-21 14:52:32 DEBUG org.hibernate.HQL_FUNCTIONS - Integer microsecond(TIME arg)
2025-08-21 14:52:32 DEBUG org.hibernate.HQL_FUNCTIONS - min(COMPARABLE arg)
2025-08-21 14:52:32 DEBUG org.hibernate.HQL_FUNCTIONS - Integer minute(TIME arg)
2025-08-21 14:52:32 DEBUG org.hibernate.HQL_FUNCTIONS - Integer mod(INTEGER arg0, INTEGER arg1)
2025-08-21 14:52:32 DEBUG org.hibernate.HQL_FUNCTIONS - Integer month(DATE arg)
2025-08-21 14:52:32 DEBUG org.hibernate.HQL_FUNCTIONS - String monthname(DATE arg)
2025-08-21 14:52:32 DEBUG org.hibernate.HQL_FUNCTIONS - Timestamp now()
2025-08-21 14:52:32 DEBUG org.hibernate.HQL_FUNCTIONS - nth_valueANY value, INTEGER nth
2025-08-21 14:52:32 DEBUG org.hibernate.HQL_FUNCTIONS - nullif(arg0, arg1)
2025-08-21 14:52:32 DEBUG org.hibernate.HQL_FUNCTIONS - Integer octet_length(STRING_OR_CLOB arg)
2025-08-21 14:52:32 DEBUG org.hibernate.HQL_FUNCTIONS - OffsetDateTime offset datetime
2025-08-21 14:52:32 DEBUG org.hibernate.HQL_FUNCTIONS - OffsetDateTime offset_datetime
2025-08-21 14:52:32 DEBUG org.hibernate.HQL_FUNCTIONS - String overlay(STRING string placing STRING replacement from INTEGER start[ for INTEGER length])
2025-08-21 14:52:32 DEBUG org.hibernate.HQL_FUNCTIONS - String pad(STRING string with INTEGER length {leading|trailing}[ STRING character])
2025-08-21 14:52:32 DEBUG org.hibernate.HQL_FUNCTIONS - Double percent_rank([arg0[, ...]])
2025-08-21 14:52:32 DEBUG org.hibernate.HQL_FUNCTIONS - percentile_cont(NUMERIC arg)
2025-08-21 14:52:32 DEBUG org.hibernate.HQL_FUNCTIONS - percentile_disc(NUMERIC arg)
2025-08-21 14:52:32 DEBUG org.hibernate.HQL_FUNCTIONS - Double pi
2025-08-21 14:52:32 DEBUG org.hibernate.HQL_FUNCTIONS - Integer position(STRING pattern in STRING string)
2025-08-21 14:52:32 DEBUG org.hibernate.HQL_FUNCTIONS - Double power(NUMERIC arg0, NUMERIC arg1)
2025-08-21 14:52:32 DEBUG org.hibernate.HQL_FUNCTIONS - Integer quarter(DATE arg)
2025-08-21 14:52:32 DEBUG org.hibernate.HQL_FUNCTIONS - Double radians(NUMERIC arg)
2025-08-21 14:52:32 DEBUG org.hibernate.HQL_FUNCTIONS - Double rand([INTEGER seed])
2025-08-21 14:52:32 DEBUG org.hibernate.HQL_FUNCTIONS - Long rank([arg0[, ...]])
2025-08-21 14:52:32 DEBUG org.hibernate.HQL_FUNCTIONS - String repeat(STRING string, INTEGER times)
2025-08-21 14:52:32 DEBUG org.hibernate.HQL_FUNCTIONS - String replace(STRING string, STRING pattern, STRING replacement)
2025-08-21 14:52:32 DEBUG org.hibernate.HQL_FUNCTIONS - String reverse(STRING arg)
2025-08-21 14:52:32 DEBUG org.hibernate.HQL_FUNCTIONS - String right(STRING string, INTEGER length)
2025-08-21 14:52:32 DEBUG org.hibernate.HQL_FUNCTIONS - round(NUMERIC number[, INTEGER places])
2025-08-21 14:52:32 DEBUG org.hibernate.HQL_FUNCTIONS - Long row_number()
2025-08-21 14:52:32 DEBUG org.hibernate.HQL_FUNCTIONS - String rpad(string, length[, padding])
2025-08-21 14:52:32 DEBUG org.hibernate.HQL_FUNCTIONS - String rtrim(STRING string[, STRING characters])
2025-08-21 14:52:32 DEBUG org.hibernate.HQL_FUNCTIONS - Integer second(TIME arg)
2025-08-21 14:52:32 DEBUG org.hibernate.HQL_FUNCTIONS - String sha(arg)
2025-08-21 14:52:32 DEBUG org.hibernate.HQL_FUNCTIONS - String sha1(arg)
2025-08-21 14:52:32 DEBUG org.hibernate.HQL_FUNCTIONS - String sha2(arg0, arg1)
2025-08-21 14:52:32 DEBUG org.hibernate.HQL_FUNCTIONS - Integer sign(NUMERIC arg)
2025-08-21 14:52:32 DEBUG org.hibernate.HQL_FUNCTIONS - Double sin(NUMERIC arg)
2025-08-21 14:52:32 DEBUG org.hibernate.HQL_FUNCTIONS - Double sinh(NUMERIC arg)
2025-08-21 14:52:32 DEBUG org.hibernate.HQL_FUNCTIONS - String soundex(arg)
2025-08-21 14:52:32 DEBUG org.hibernate.HQL_FUNCTIONS - String space(INTEGER arg)
2025-08-21 14:52:32 DEBUG org.hibernate.HQL_FUNCTIONS - sql
2025-08-21 14:52:32 DEBUG org.hibernate.HQL_FUNCTIONS - Double sqrt(NUMERIC arg)
2025-08-21 14:52:32 DEBUG org.hibernate.HQL_FUNCTIONS - Double stddev(NUMERIC arg)
2025-08-21 14:52:32 DEBUG org.hibernate.HQL_FUNCTIONS - Double stddev_pop(NUMERIC arg)
2025-08-21 14:52:32 DEBUG org.hibernate.HQL_FUNCTIONS - Double stddev_samp(NUMERIC arg)
2025-08-21 14:52:32 DEBUG org.hibernate.HQL_FUNCTIONS - String str(arg)
2025-08-21 14:52:32 DEBUG org.hibernate.HQL_FUNCTIONS - subdate(DATE datetime, INTEGER days)
2025-08-21 14:52:32 DEBUG org.hibernate.HQL_FUNCTIONS - String substr(STRING string, INTEGER start[, INTEGER length])
2025-08-21 14:52:32 DEBUG org.hibernate.HQL_FUNCTIONS - String substring(STRING string{ from|,} INTEGER start[{ for|,} INTEGER length])
2025-08-21 14:52:32 DEBUG org.hibernate.HQL_FUNCTIONS - subtime(TIME datetime, TIME time)
2025-08-21 14:52:32 DEBUG org.hibernate.HQL_FUNCTIONS - sum(arg)
2025-08-21 14:52:32 DEBUG org.hibernate.HQL_FUNCTIONS - Timestamp sysdate()
2025-08-21 14:52:32 DEBUG org.hibernate.HQL_FUNCTIONS - Double tan(NUMERIC arg)
2025-08-21 14:52:32 DEBUG org.hibernate.HQL_FUNCTIONS - Double tanh(NUMERIC arg)
2025-08-21 14:52:32 DEBUG org.hibernate.HQL_FUNCTIONS - String time(arg)
2025-08-21 14:52:32 DEBUG org.hibernate.HQL_FUNCTIONS - Timestamp timestamp(arg0[, arg1])
2025-08-21 14:52:32 DEBUG org.hibernate.HQL_FUNCTIONS - timestampadd(TEMPORAL_UNIT field, INTEGER magnitude, TEMPORAL datetime)
2025-08-21 14:52:32 DEBUG org.hibernate.HQL_FUNCTIONS - Long|Double timestampdiff(TEMPORAL_UNIT field, TEMPORAL start, TEMPORAL end)
2025-08-21 14:52:32 DEBUG org.hibernate.HQL_FUNCTIONS - String trim([[{leading|trailing|both} ][STRING arg0 ]from] STRING arg1)
2025-08-21 14:52:32 DEBUG org.hibernate.HQL_FUNCTIONS - trunc( ... )
2025-08-21 14:52:32 DEBUG org.hibernate.HQL_FUNCTIONS - truncate( ... )
2025-08-21 14:52:32 DEBUG org.hibernate.HQL_FUNCTIONS - String upper(STRING string)
2025-08-21 14:52:32 DEBUG org.hibernate.HQL_FUNCTIONS - Date utc_date
2025-08-21 14:52:32 DEBUG org.hibernate.HQL_FUNCTIONS - Time utc_time
2025-08-21 14:52:32 DEBUG org.hibernate.HQL_FUNCTIONS - Timestamp utc_timestamp
2025-08-21 14:52:32 DEBUG org.hibernate.HQL_FUNCTIONS - Double var_pop(NUMERIC arg)
2025-08-21 14:52:32 DEBUG org.hibernate.HQL_FUNCTIONS - Double var_samp(NUMERIC arg)
2025-08-21 14:52:32 DEBUG org.hibernate.HQL_FUNCTIONS - Double variance(NUMERIC arg)
2025-08-21 14:52:32 DEBUG org.hibernate.HQL_FUNCTIONS - Integer week(DATE arg)
2025-08-21 14:52:32 DEBUG org.hibernate.HQL_FUNCTIONS - Integer year(DATE arg)
2025-08-21 14:52:32 DEBUG org.hibernate.orm.query.plan.cache - Starting QueryInterpretationCache(2048)
2025-08-21 14:52:33 DEBUG o.h.s.i.SessionFactoryServiceRegistryImpl - EventListenerRegistry access via ServiceRegistry is deprecated.  Use `sessionFactory.getEventEngine().getListenerRegistry()` instead
2025-08-21 14:52:33 DEBUG o.h.e.i.EntityCopyObserverFactoryInitiator - Configured EntityCopyObserver strategy: disallow
2025-08-21 14:52:33 DEBUG o.h.b.internal.ClassLoaderAccessImpl - Not known whether passed class name [com.company.micros1.model.Solicitud] is safe
2025-08-21 14:52:33 DEBUG o.h.b.internal.ClassLoaderAccessImpl - No temp ClassLoader provided; using live ClassLoader for loading potentially unsafe class : com.company.micros1.model.Solicitud
2025-08-21 14:52:34 DEBUG o.h.b.i.b.BytecodeProviderImpl - HHH000513: Unable to create the ReflectionOptimizer for [com.company.micros1.model.Solicitud]: private accessor [fechaActualizacion]
2025-08-21 14:52:34 DEBUG o.h.orm.model.mapping.creation - Starting post-init callbacks
2025-08-21 14:52:34 DEBUG o.h.orm.model.mapping.creation - Starting PostInitCallbackEntry : Entity(com.company.micros1.model.Solicitud) `staticFetchableList` generator
2025-08-21 14:52:35 DEBUG org.hibernate.orm.sql.ast.create - Created new SQL alias : s1_0
2025-08-21 14:52:35 DEBUG org.hibernate.orm.sql.ast.create - Registration of TableGroup [StandardTableGroup(com.company.micros1.model.Solicitud)] with identifierForTableGroup [com.company.micros1.model.Solicitud] for NavigablePath [com.company.micros1.model.Solicitud] 
2025-08-21 14:52:35 DEBUG org.hibernate.orm.results.graph.AST - DomainResult Graph:
 \-EntityResultImpl [com.company.micros1.model.Solicitud]
 |  +-BasicFetch [com.company.micros1.model.Solicitud.fechaActualizacion]
 |  +-BasicFetch [com.company.micros1.model.Solicitud.fechaCreacion]
 |  +-BasicFetch [com.company.micros1.model.Solicitud.fechaEnvioS1]
 |  +-BasicFetch [com.company.micros1.model.Solicitud.fechaEnvioS2]
 |  +-BasicFetch [com.company.micros1.model.Solicitud.fechaRespuestaS1]
 |  +-BasicFetch [com.company.micros1.model.Solicitud.fechaRespuestaS2]
 |  +-BasicFetch [com.company.micros1.model.Solicitud.mensaje]
 |  +-BasicFetch [com.company.micros1.model.Solicitud.sistemaDestino]
 |  +-BasicFetch [com.company.micros1.model.Solicitud.sistemaDestino2]
 |  +-BasicFetch [com.company.micros1.model.Solicitud.status]
 |  \-BasicFetch [com.company.micros1.model.Solicitud.statusString]

2025-08-21 14:52:35 DEBUG org.hibernate.orm.sql.ast.tree - SQL AST Tree:
    SelectStatement {
      FromClause {
        StandardTableGroup (s1 : com.company.micros1.model.Solicitud) {
          primaryTableReference : solicitudes as s1_0
        }
      }
    }

2025-08-21 14:52:35 DEBUG o.h.p.entity.AbstractEntityPersister - Static SQL for entity: com.company.micros1.model.Solicitud
2025-08-21 14:52:35 DEBUG o.h.p.entity.AbstractEntityPersister -  Version select: select id_solicitud from solicitudes where id_solicitud=?
2025-08-21 14:52:35 DEBUG o.h.p.entity.AbstractEntityPersister -  Insert (0): insert into solicitudes (fecha_actualizacion,fecha_creacion,fecha_envio_s1,fecha_envio_s2,fecha_respuesta_s1,fecha_respuesta_s2,mensaje,sistema_destino,sistema_destino2,status,status_string) values (?,?,?,?,?,?,?,?,?,?,?)
2025-08-21 14:52:35 DEBUG o.h.p.entity.AbstractEntityPersister -  Update (0): update solicitudes set fecha_actualizacion=?,fecha_creacion=?,fecha_envio_s1=?,fecha_envio_s2=?,fecha_respuesta_s1=?,fecha_respuesta_s2=?,mensaje=?,sistema_destino=?,sistema_destino2=?,status=?,status_string=? where id_solicitud=?
2025-08-21 14:52:35 DEBUG o.h.p.entity.AbstractEntityPersister -  Delete (0): delete from solicitudes where id_solicitud=?
2025-08-21 14:52:35 INFO  o.h.e.t.j.p.i.JtaPlatformInitiator - HHH000489: No JTA platform available (set 'hibernate.transaction.jta.platform' to enable JTA platform integration)
2025-08-21 14:52:35 DEBUG o.h.type.spi.TypeConfiguration$Scope - Scoping TypeConfiguration [org.hibernate.type.spi.TypeConfiguration@6e22d6bf] to SessionFactoryImplementor [org.hibernate.internal.SessionFactoryImpl@17e31657]
2025-08-21 14:52:35 DEBUG o.h.q.named.NamedObjectRepository - Checking 0 named HQL queries
2025-08-21 14:52:35 DEBUG o.h.q.named.NamedObjectRepository - Checking 0 named SQL queries
2025-08-21 14:52:35 DEBUG o.h.t.s.s.SchemaManagementToolCoordinator - No schema actions specified for contributor `orm`; doing nothing
2025-08-21 14:52:35 DEBUG o.h.t.s.s.SchemaManagementToolCoordinator - No actions found; doing nothing
2025-08-21 14:52:35 DEBUG o.h.internal.SessionFactoryRegistry - Initializing SessionFactoryRegistry : org.hibernate.internal.SessionFactoryRegistry@3c5d60db
2025-08-21 14:52:35 DEBUG o.h.internal.SessionFactoryRegistry - Registering SessionFactory: 16187e77-ba75-4ae1-b589-4e04880bcc8e (<unnamed>)
2025-08-21 14:52:35 DEBUG o.h.internal.SessionFactoryRegistry - Not binding SessionFactory to JNDI, no JNDI name configured
2025-08-21 14:52:35 DEBUG o.h.internal.SessionFactoryImpl - Instantiated SessionFactory
2025-08-21 14:52:35 INFO  o.s.o.j.LocalContainerEntityManagerFactoryBean - Initialized JPA EntityManagerFactory for persistence unit 'default'
2025-08-21 14:52:35 DEBUG o.s.b.f.s.DefaultListableBeanFactory - Creating shared instance of singleton bean 'micros1Application'
2025-08-21 14:52:35 DEBUG o.s.b.f.s.DefaultListableBeanFactory - Creating shared instance of singleton bean 'solicitudMapperImpl'
2025-08-21 14:52:35 DEBUG o.s.b.f.s.DefaultListableBeanFactory - Creating shared instance of singleton bean 'asyncConfig'
2025-08-21 14:52:35 DEBUG o.s.b.f.s.DefaultListableBeanFactory - Creating shared instance of singleton bean 'micro1Controller'
2025-08-21 14:52:35 DEBUG o.s.b.f.s.DefaultListableBeanFactory - Creating shared instance of singleton bean 'micro1Service'
2025-08-21 14:52:35 DEBUG o.s.b.f.s.DefaultListableBeanFactory - Creating shared instance of singleton bean 'micro1Repository'
2025-08-21 14:52:35 DEBUG o.s.b.f.s.DefaultListableBeanFactory - Creating shared instance of singleton bean 'jpa.named-queries#0'
2025-08-21 14:52:35 DEBUG o.s.b.f.s.DefaultListableBeanFactory - Creating shared instance of singleton bean 'jpa.Micro1Repository.fragments#0'
2025-08-21 14:52:35 DEBUG o.s.b.f.s.DefaultListableBeanFactory - Creating shared instance of singleton bean 'jpaSharedEM_entityManagerFactory'
2025-08-21 14:52:36 DEBUG o.s.b.f.s.DefaultListableBeanFactory - Creating shared instance of singleton bean 'jpaMappingContext'
2025-08-21 14:52:36 DEBUG o.s.b.f.s.DefaultListableBeanFactory - Creating shared instance of singleton bean 'metricsRepositoryMethodInvocationListener'
2025-08-21 14:52:36 DEBUG o.s.b.f.s.DefaultListableBeanFactory - Creating shared instance of singleton bean 'org.springframework.boot.actuate.autoconfigure.metrics.data.RepositoryMetricsAutoConfiguration'
2025-08-21 14:52:36 DEBUG o.s.b.f.s.DefaultListableBeanFactory - Autowiring by type from bean name 'org.springframework.boot.actuate.autoconfigure.metrics.data.RepositoryMetricsAutoConfiguration' via constructor to bean named 'management.metrics-org.springframework.boot.actuate.autoconfigure.metrics.MetricsProperties'
2025-08-21 14:52:36 DEBUG o.s.b.f.s.DefaultListableBeanFactory - Creating shared instance of singleton bean 'repositoryTagsProvider'
2025-08-21 14:52:36 DEBUG o.s.b.f.s.DefaultListableBeanFactory - Autowiring by type from bean name 'metricsRepositoryMethodInvocationListener' via factory method to bean named 'repositoryTagsProvider'
2025-08-21 14:52:37 DEBUG o.h.s.internal.StatisticsInitiator - Statistics initialized [enabled=false]
2025-08-21 14:52:37 DEBUG o.h.r.t.b.j.i.JdbcResourceLocalTransactionCoordinatorImpl - JDBC transaction marked for rollback-only (exception provided for stack trace)
java.lang.Exception: exception just for purpose of providing stack trace
	at org.hibernate.resource.transaction.backend.jdbc.internal.JdbcResourceLocalTransactionCoordinatorImpl$TransactionDriverControlImpl.markRollbackOnly(JdbcResourceLocalTransactionCoordinatorImpl.java:309)
	at org.hibernate.internal.AbstractSharedSessionContract.buildNamedQuery(AbstractSharedSessionContract.java:1141)
	at org.hibernate.internal.AbstractSharedSessionContract.createNamedQuery(AbstractSharedSessionContract.java:1019)
	at org.hibernate.internal.AbstractSharedSessionContract.createNamedQuery(AbstractSharedSessionContract.java:143)
	at java.base/jdk.internal.reflect.DirectMethodHandleAccessor.invoke(DirectMethodHandleAccessor.java:103)
	at java.base/java.lang.reflect.Method.invoke(Method.java:580)
	at org.springframework.orm.jpa.ExtendedEntityManagerCreator$ExtendedEntityManagerInvocationHandler.invoke(ExtendedEntityManagerCreator.java:364)
	at jdk.proxy2/jdk.proxy2.$Proxy146.createNamedQuery(Unknown Source)
	at org.springframework.data.jpa.repository.query.NamedQuery.hasNamedQuery(NamedQuery.java:120)
	at org.springframework.data.jpa.repository.query.NamedQuery.lookupFrom(NamedQuery.java:147)
	at org.springframework.data.jpa.repository.query.JpaQueryLookupStrategy$DeclaredQueryLookupStrategy.resolveQuery(JpaQueryLookupStrategy.java:184)
	at org.springframework.data.jpa.repository.query.JpaQueryLookupStrategy$CreateIfNotFoundQueryLookupStrategy.resolveQuery(JpaQueryLookupStrategy.java:254)
	at org.springframework.data.jpa.repository.query.JpaQueryLookupStrategy$AbstractQueryLookupStrategy.resolveQuery(JpaQueryLookupStrategy.java:99)
	at org.springframework.data.repository.core.support.QueryExecutorMethodInterceptor.lookupQuery(QueryExecutorMethodInterceptor.java:116)
	at org.springframework.data.repository.core.support.QueryExecutorMethodInterceptor.mapMethodsToQuery(QueryExecutorMethodInterceptor.java:104)
	at org.springframework.data.repository.core.support.QueryExecutorMethodInterceptor.lambda$new$0(QueryExecutorMethodInterceptor.java:92)
	at java.base/java.util.Optional.map(Optional.java:260)
	at org.springframework.data.repository.core.support.QueryExecutorMethodInterceptor.<init>(QueryExecutorMethodInterceptor.java:92)
	at org.springframework.data.repository.core.support.RepositoryFactorySupport.getRepository(RepositoryFactorySupport.java:434)
	at org.springframework.data.repository.core.support.RepositoryFactoryBeanSupport.lambda$afterPropertiesSet$4(RepositoryFactoryBeanSupport.java:350)
	at org.springframework.data.util.Lazy.getNullable(Lazy.java:135)
	at org.springframework.data.util.Lazy.get(Lazy.java:113)
	at org.springframework.data.repository.core.support.RepositoryFactoryBeanSupport.afterPropertiesSet(RepositoryFactoryBeanSupport.java:356)
	at org.springframework.data.jpa.repository.support.JpaRepositoryFactoryBean.afterPropertiesSet(JpaRepositoryFactoryBean.java:132)
	at org.springframework.beans.factory.support.AbstractAutowireCapableBeanFactory.invokeInitMethods(AbstractAutowireCapableBeanFactory.java:1873)
	at org.springframework.beans.factory.support.AbstractAutowireCapableBeanFactory.initializeBean(AbstractAutowireCapableBeanFactory.java:1822)
	at org.springframework.beans.factory.support.AbstractAutowireCapableBeanFactory.doCreateBean(AbstractAutowireCapableBeanFactory.java:607)
	at org.springframework.beans.factory.support.AbstractAutowireCapableBeanFactory.createBean(AbstractAutowireCapableBeanFactory.java:529)
	at org.springframework.beans.factory.support.AbstractBeanFactory.lambda$doGetBean$0(AbstractBeanFactory.java:339)
	at org.springframework.beans.factory.support.DefaultSingletonBeanRegistry.getSingleton(DefaultSingletonBeanRegistry.java:373)
	at org.springframework.beans.factory.support.AbstractBeanFactory.doGetBean(AbstractBeanFactory.java:337)
	at org.springframework.beans.factory.support.AbstractBeanFactory.getBean(AbstractBeanFactory.java:202)
	at org.springframework.beans.factory.support.DefaultListableBeanFactory.doResolveDependency(DefaultListableBeanFactory.java:1683)
	at org.springframework.beans.factory.support.DefaultListableBeanFactory.resolveDependency(DefaultListableBeanFactory.java:1628)
	at org.springframework.beans.factory.annotation.AutowiredAnnotationBeanPostProcessor$AutowiredFieldElement.resolveFieldValue(AutowiredAnnotationBeanPostProcessor.java:785)
	at org.springframework.beans.factory.annotation.AutowiredAnnotationBeanPostProcessor$AutowiredFieldElement.inject(AutowiredAnnotationBeanPostProcessor.java:768)
	at org.springframework.beans.factory.annotation.InjectionMetadata.inject(InjectionMetadata.java:146)
	at org.springframework.beans.factory.annotation.AutowiredAnnotationBeanPostProcessor.postProcessProperties(AutowiredAnnotationBeanPostProcessor.java:509)
	at org.springframework.beans.factory.support.AbstractAutowireCapableBeanFactory.populateBean(AbstractAutowireCapableBeanFactory.java:1459)
	at org.springframework.beans.factory.support.AbstractAutowireCapableBeanFactory.doCreateBean(AbstractAutowireCapableBeanFactory.java:606)
	at org.springframework.beans.factory.support.AbstractAutowireCapableBeanFactory.createBean(AbstractAutowireCapableBeanFactory.java:529)
	at org.springframework.beans.factory.support.AbstractBeanFactory.lambda$doGetBean$0(AbstractBeanFactory.java:339)
	at org.springframework.beans.factory.support.DefaultSingletonBeanRegistry.getSingleton(DefaultSingletonBeanRegistry.java:373)
	at org.springframework.beans.factory.support.AbstractBeanFactory.doGetBean(AbstractBeanFactory.java:337)
	at org.springframework.beans.factory.support.AbstractBeanFactory.getBean(AbstractBeanFactory.java:202)
	at org.springframework.beans.factory.support.DefaultListableBeanFactory.doResolveDependency(DefaultListableBeanFactory.java:1683)
	at org.springframework.beans.factory.support.DefaultListableBeanFactory.resolveDependency(DefaultListableBeanFactory.java:1628)
	at org.springframework.beans.factory.annotation.AutowiredAnnotationBeanPostProcessor$AutowiredFieldElement.resolveFieldValue(AutowiredAnnotationBeanPostProcessor.java:785)
	at org.springframework.beans.factory.annotation.AutowiredAnnotationBeanPostProcessor$AutowiredFieldElement.inject(AutowiredAnnotationBeanPostProcessor.java:768)
	at org.springframework.beans.factory.annotation.InjectionMetadata.inject(InjectionMetadata.java:146)
	at org.springframework.beans.factory.annotation.AutowiredAnnotationBeanPostProcessor.postProcessProperties(AutowiredAnnotationBeanPostProcessor.java:509)
	at org.springframework.beans.factory.support.AbstractAutowireCapableBeanFactory.populateBean(AbstractAutowireCapableBeanFactory.java:1459)
	at org.springframework.beans.factory.support.AbstractAutowireCapableBeanFactory.doCreateBean(AbstractAutowireCapableBeanFactory.java:606)
	at org.springframework.beans.factory.support.AbstractAutowireCapableBeanFactory.createBean(AbstractAutowireCapableBeanFactory.java:529)
	at org.springframework.beans.factory.support.AbstractBeanFactory.lambda$doGetBean$0(AbstractBeanFactory.java:339)
	at org.springframework.beans.factory.support.DefaultSingletonBeanRegistry.getSingleton(DefaultSingletonBeanRegistry.java:373)
	at org.springframework.beans.factory.support.AbstractBeanFactory.doGetBean(AbstractBeanFactory.java:337)
	at org.springframework.beans.factory.support.AbstractBeanFactory.getBean(AbstractBeanFactory.java:202)
	at org.springframework.beans.factory.support.DefaultListableBeanFactory.instantiateSingleton(DefaultListableBeanFactory.java:1222)
	at org.springframework.beans.factory.support.DefaultListableBeanFactory.preInstantiateSingleton(DefaultListableBeanFactory.java:1188)
	at org.springframework.beans.factory.support.DefaultListableBeanFactory.preInstantiateSingletons(DefaultListableBeanFactory.java:1123)
	at org.springframework.context.support.AbstractApplicationContext.finishBeanFactoryInitialization(AbstractApplicationContext.java:987)
	at org.springframework.context.support.AbstractApplicationContext.refresh(AbstractApplicationContext.java:627)
	at org.springframework.boot.web.servlet.context.ServletWebServerApplicationContext.refresh(ServletWebServerApplicationContext.java:146)
	at org.springframework.boot.SpringApplication.refresh(SpringApplication.java:752)
	at org.springframework.boot.SpringApplication.refreshContext(SpringApplication.java:439)
	at org.springframework.boot.SpringApplication.run(SpringApplication.java:318)
	at com.company.micros1.Micros1Application.main(Micros1Application.java:22)
2025-08-21 14:52:37 DEBUG o.h.r.t.b.j.i.JdbcResourceLocalTransactionCoordinatorImpl - JDBC transaction marked for rollback-only (exception provided for stack trace)
java.lang.Exception: exception just for purpose of providing stack trace
	at org.hibernate.resource.transaction.backend.jdbc.internal.JdbcResourceLocalTransactionCoordinatorImpl$TransactionDriverControlImpl.markRollbackOnly(JdbcResourceLocalTransactionCoordinatorImpl.java:309)
	at org.hibernate.internal.AbstractSharedSessionContract.buildNamedQuery(AbstractSharedSessionContract.java:1141)
	at org.hibernate.internal.AbstractSharedSessionContract.createNamedQuery(AbstractSharedSessionContract.java:1019)
	at org.hibernate.internal.AbstractSharedSessionContract.createNamedQuery(AbstractSharedSessionContract.java:143)
	at java.base/jdk.internal.reflect.DirectMethodHandleAccessor.invoke(DirectMethodHandleAccessor.java:103)
	at java.base/java.lang.reflect.Method.invoke(Method.java:580)
	at org.springframework.orm.jpa.ExtendedEntityManagerCreator$ExtendedEntityManagerInvocationHandler.invoke(ExtendedEntityManagerCreator.java:364)
	at jdk.proxy2/jdk.proxy2.$Proxy146.createNamedQuery(Unknown Source)
	at org.springframework.data.jpa.repository.query.NamedQuery.hasNamedQuery(NamedQuery.java:120)
	at org.springframework.data.jpa.repository.query.JpaQueryLookupStrategy$DeclaredQueryLookupStrategy.getCountQuery(JpaQueryLookupStrategy.java:206)
	at org.springframework.data.jpa.repository.query.JpaQueryLookupStrategy$DeclaredQueryLookupStrategy.resolveQuery(JpaQueryLookupStrategy.java:175)
	at org.springframework.data.jpa.repository.query.JpaQueryLookupStrategy$CreateIfNotFoundQueryLookupStrategy.resolveQuery(JpaQueryLookupStrategy.java:254)
	at org.springframework.data.jpa.repository.query.JpaQueryLookupStrategy$AbstractQueryLookupStrategy.resolveQuery(JpaQueryLookupStrategy.java:99)
	at org.springframework.data.repository.core.support.QueryExecutorMethodInterceptor.lookupQuery(QueryExecutorMethodInterceptor.java:116)
	at org.springframework.data.repository.core.support.QueryExecutorMethodInterceptor.mapMethodsToQuery(QueryExecutorMethodInterceptor.java:104)
	at org.springframework.data.repository.core.support.QueryExecutorMethodInterceptor.lambda$new$0(QueryExecutorMethodInterceptor.java:92)
	at java.base/java.util.Optional.map(Optional.java:260)
	at org.springframework.data.repository.core.support.QueryExecutorMethodInterceptor.<init>(QueryExecutorMethodInterceptor.java:92)
	at org.springframework.data.repository.core.support.RepositoryFactorySupport.getRepository(RepositoryFactorySupport.java:434)
	at org.springframework.data.repository.core.support.RepositoryFactoryBeanSupport.lambda$afterPropertiesSet$4(RepositoryFactoryBeanSupport.java:350)
	at org.springframework.data.util.Lazy.getNullable(Lazy.java:135)
	at org.springframework.data.util.Lazy.get(Lazy.java:113)
	at org.springframework.data.repository.core.support.RepositoryFactoryBeanSupport.afterPropertiesSet(RepositoryFactoryBeanSupport.java:356)
	at org.springframework.data.jpa.repository.support.JpaRepositoryFactoryBean.afterPropertiesSet(JpaRepositoryFactoryBean.java:132)
	at org.springframework.beans.factory.support.AbstractAutowireCapableBeanFactory.invokeInitMethods(AbstractAutowireCapableBeanFactory.java:1873)
	at org.springframework.beans.factory.support.AbstractAutowireCapableBeanFactory.initializeBean(AbstractAutowireCapableBeanFactory.java:1822)
	at org.springframework.beans.factory.support.AbstractAutowireCapableBeanFactory.doCreateBean(AbstractAutowireCapableBeanFactory.java:607)
	at org.springframework.beans.factory.support.AbstractAutowireCapableBeanFactory.createBean(AbstractAutowireCapableBeanFactory.java:529)
	at org.springframework.beans.factory.support.AbstractBeanFactory.lambda$doGetBean$0(AbstractBeanFactory.java:339)
	at org.springframework.beans.factory.support.DefaultSingletonBeanRegistry.getSingleton(DefaultSingletonBeanRegistry.java:373)
	at org.springframework.beans.factory.support.AbstractBeanFactory.doGetBean(AbstractBeanFactory.java:337)
	at org.springframework.beans.factory.support.AbstractBeanFactory.getBean(AbstractBeanFactory.java:202)
	at org.springframework.beans.factory.support.DefaultListableBeanFactory.doResolveDependency(DefaultListableBeanFactory.java:1683)
	at org.springframework.beans.factory.support.DefaultListableBeanFactory.resolveDependency(DefaultListableBeanFactory.java:1628)
	at org.springframework.beans.factory.annotation.AutowiredAnnotationBeanPostProcessor$AutowiredFieldElement.resolveFieldValue(AutowiredAnnotationBeanPostProcessor.java:785)
	at org.springframework.beans.factory.annotation.AutowiredAnnotationBeanPostProcessor$AutowiredFieldElement.inject(AutowiredAnnotationBeanPostProcessor.java:768)
	at org.springframework.beans.factory.annotation.InjectionMetadata.inject(InjectionMetadata.java:146)
	at org.springframework.beans.factory.annotation.AutowiredAnnotationBeanPostProcessor.postProcessProperties(AutowiredAnnotationBeanPostProcessor.java:509)
	at org.springframework.beans.factory.support.AbstractAutowireCapableBeanFactory.populateBean(AbstractAutowireCapableBeanFactory.java:1459)
	at org.springframework.beans.factory.support.AbstractAutowireCapableBeanFactory.doCreateBean(AbstractAutowireCapableBeanFactory.java:606)
	at org.springframework.beans.factory.support.AbstractAutowireCapableBeanFactory.createBean(AbstractAutowireCapableBeanFactory.java:529)
	at org.springframework.beans.factory.support.AbstractBeanFactory.lambda$doGetBean$0(AbstractBeanFactory.java:339)
	at org.springframework.beans.factory.support.DefaultSingletonBeanRegistry.getSingleton(DefaultSingletonBeanRegistry.java:373)
	at org.springframework.beans.factory.support.AbstractBeanFactory.doGetBean(AbstractBeanFactory.java:337)
	at org.springframework.beans.factory.support.AbstractBeanFactory.getBean(AbstractBeanFactory.java:202)
	at org.springframework.beans.factory.support.DefaultListableBeanFactory.doResolveDependency(DefaultListableBeanFactory.java:1683)
	at org.springframework.beans.factory.support.DefaultListableBeanFactory.resolveDependency(DefaultListableBeanFactory.java:1628)
	at org.springframework.beans.factory.annotation.AutowiredAnnotationBeanPostProcessor$AutowiredFieldElement.resolveFieldValue(AutowiredAnnotationBeanPostProcessor.java:785)
	at org.springframework.beans.factory.annotation.AutowiredAnnotationBeanPostProcessor$AutowiredFieldElement.inject(AutowiredAnnotationBeanPostProcessor.java:768)
	at org.springframework.beans.factory.annotation.InjectionMetadata.inject(InjectionMetadata.java:146)
	at org.springframework.beans.factory.annotation.AutowiredAnnotationBeanPostProcessor.postProcessProperties(AutowiredAnnotationBeanPostProcessor.java:509)
	at org.springframework.beans.factory.support.AbstractAutowireCapableBeanFactory.populateBean(AbstractAutowireCapableBeanFactory.java:1459)
	at org.springframework.beans.factory.support.AbstractAutowireCapableBeanFactory.doCreateBean(AbstractAutowireCapableBeanFactory.java:606)
	at org.springframework.beans.factory.support.AbstractAutowireCapableBeanFactory.createBean(AbstractAutowireCapableBeanFactory.java:529)
	at org.springframework.beans.factory.support.AbstractBeanFactory.lambda$doGetBean$0(AbstractBeanFactory.java:339)
	at org.springframework.beans.factory.support.DefaultSingletonBeanRegistry.getSingleton(DefaultSingletonBeanRegistry.java:373)
	at org.springframework.beans.factory.support.AbstractBeanFactory.doGetBean(AbstractBeanFactory.java:337)
	at org.springframework.beans.factory.support.AbstractBeanFactory.getBean(AbstractBeanFactory.java:202)
	at org.springframework.beans.factory.support.DefaultListableBeanFactory.instantiateSingleton(DefaultListableBeanFactory.java:1222)
	at org.springframework.beans.factory.support.DefaultListableBeanFactory.preInstantiateSingleton(DefaultListableBeanFactory.java:1188)
	at org.springframework.beans.factory.support.DefaultListableBeanFactory.preInstantiateSingletons(DefaultListableBeanFactory.java:1123)
	at org.springframework.context.support.AbstractApplicationContext.finishBeanFactoryInitialization(AbstractApplicationContext.java:987)
	at org.springframework.context.support.AbstractApplicationContext.refresh(AbstractApplicationContext.java:627)
	at org.springframework.boot.web.servlet.context.ServletWebServerApplicationContext.refresh(ServletWebServerApplicationContext.java:146)
	at org.springframework.boot.SpringApplication.refresh(SpringApplication.java:752)
	at org.springframework.boot.SpringApplication.refreshContext(SpringApplication.java:439)
	at org.springframework.boot.SpringApplication.run(SpringApplication.java:318)
	at com.company.micros1.Micros1Application.main(Micros1Application.java:22)
2025-08-21 14:52:37 INFO  o.s.d.j.r.query.QueryEnhancerFactory - Hibernate is in classpath; If applicable, HQL parser will be used.
2025-08-21 14:52:37 DEBUG o.h.r.t.b.j.i.JdbcResourceLocalTransactionCoordinatorImpl - JDBC transaction marked for rollback-only (exception provided for stack trace)
java.lang.Exception: exception just for purpose of providing stack trace
	at org.hibernate.resource.transaction.backend.jdbc.internal.JdbcResourceLocalTransactionCoordinatorImpl$TransactionDriverControlImpl.markRollbackOnly(JdbcResourceLocalTransactionCoordinatorImpl.java:309)
	at org.hibernate.internal.AbstractSharedSessionContract.buildNamedQuery(AbstractSharedSessionContract.java:1141)
	at org.hibernate.internal.AbstractSharedSessionContract.createNamedQuery(AbstractSharedSessionContract.java:1019)
	at org.hibernate.internal.AbstractSharedSessionContract.createNamedQuery(AbstractSharedSessionContract.java:143)
	at java.base/jdk.internal.reflect.DirectMethodHandleAccessor.invoke(DirectMethodHandleAccessor.java:103)
	at java.base/java.lang.reflect.Method.invoke(Method.java:580)
	at org.springframework.orm.jpa.ExtendedEntityManagerCreator$ExtendedEntityManagerInvocationHandler.invoke(ExtendedEntityManagerCreator.java:364)
	at jdk.proxy2/jdk.proxy2.$Proxy146.createNamedQuery(Unknown Source)
	at org.springframework.data.jpa.repository.query.NamedQuery.hasNamedQuery(NamedQuery.java:120)
	at org.springframework.data.jpa.repository.query.JpaQueryLookupStrategy$DeclaredQueryLookupStrategy.getCountQuery(JpaQueryLookupStrategy.java:206)
	at org.springframework.data.jpa.repository.query.JpaQueryLookupStrategy$DeclaredQueryLookupStrategy.resolveQuery(JpaQueryLookupStrategy.java:175)
	at org.springframework.data.jpa.repository.query.JpaQueryLookupStrategy$CreateIfNotFoundQueryLookupStrategy.resolveQuery(JpaQueryLookupStrategy.java:254)
	at org.springframework.data.jpa.repository.query.JpaQueryLookupStrategy$AbstractQueryLookupStrategy.resolveQuery(JpaQueryLookupStrategy.java:99)
	at org.springframework.data.repository.core.support.QueryExecutorMethodInterceptor.lookupQuery(QueryExecutorMethodInterceptor.java:116)
	at org.springframework.data.repository.core.support.QueryExecutorMethodInterceptor.mapMethodsToQuery(QueryExecutorMethodInterceptor.java:104)
	at org.springframework.data.repository.core.support.QueryExecutorMethodInterceptor.lambda$new$0(QueryExecutorMethodInterceptor.java:92)
	at java.base/java.util.Optional.map(Optional.java:260)
	at org.springframework.data.repository.core.support.QueryExecutorMethodInterceptor.<init>(QueryExecutorMethodInterceptor.java:92)
	at org.springframework.data.repository.core.support.RepositoryFactorySupport.getRepository(RepositoryFactorySupport.java:434)
	at org.springframework.data.repository.core.support.RepositoryFactoryBeanSupport.lambda$afterPropertiesSet$4(RepositoryFactoryBeanSupport.java:350)
	at org.springframework.data.util.Lazy.getNullable(Lazy.java:135)
	at org.springframework.data.util.Lazy.get(Lazy.java:113)
	at org.springframework.data.repository.core.support.RepositoryFactoryBeanSupport.afterPropertiesSet(RepositoryFactoryBeanSupport.java:356)
	at org.springframework.data.jpa.repository.support.JpaRepositoryFactoryBean.afterPropertiesSet(JpaRepositoryFactoryBean.java:132)
	at org.springframework.beans.factory.support.AbstractAutowireCapableBeanFactory.invokeInitMethods(AbstractAutowireCapableBeanFactory.java:1873)
	at org.springframework.beans.factory.support.AbstractAutowireCapableBeanFactory.initializeBean(AbstractAutowireCapableBeanFactory.java:1822)
	at org.springframework.beans.factory.support.AbstractAutowireCapableBeanFactory.doCreateBean(AbstractAutowireCapableBeanFactory.java:607)
	at org.springframework.beans.factory.support.AbstractAutowireCapableBeanFactory.createBean(AbstractAutowireCapableBeanFactory.java:529)
	at org.springframework.beans.factory.support.AbstractBeanFactory.lambda$doGetBean$0(AbstractBeanFactory.java:339)
	at org.springframework.beans.factory.support.DefaultSingletonBeanRegistry.getSingleton(DefaultSingletonBeanRegistry.java:373)
	at org.springframework.beans.factory.support.AbstractBeanFactory.doGetBean(AbstractBeanFactory.java:337)
	at org.springframework.beans.factory.support.AbstractBeanFactory.getBean(AbstractBeanFactory.java:202)
	at org.springframework.beans.factory.support.DefaultListableBeanFactory.doResolveDependency(DefaultListableBeanFactory.java:1683)
	at org.springframework.beans.factory.support.DefaultListableBeanFactory.resolveDependency(DefaultListableBeanFactory.java:1628)
	at org.springframework.beans.factory.annotation.AutowiredAnnotationBeanPostProcessor$AutowiredFieldElement.resolveFieldValue(AutowiredAnnotationBeanPostProcessor.java:785)
	at org.springframework.beans.factory.annotation.AutowiredAnnotationBeanPostProcessor$AutowiredFieldElement.inject(AutowiredAnnotationBeanPostProcessor.java:768)
	at org.springframework.beans.factory.annotation.InjectionMetadata.inject(InjectionMetadata.java:146)
	at org.springframework.beans.factory.annotation.AutowiredAnnotationBeanPostProcessor.postProcessProperties(AutowiredAnnotationBeanPostProcessor.java:509)
	at org.springframework.beans.factory.support.AbstractAutowireCapableBeanFactory.populateBean(AbstractAutowireCapableBeanFactory.java:1459)
	at org.springframework.beans.factory.support.AbstractAutowireCapableBeanFactory.doCreateBean(AbstractAutowireCapableBeanFactory.java:606)
	at org.springframework.beans.factory.support.AbstractAutowireCapableBeanFactory.createBean(AbstractAutowireCapableBeanFactory.java:529)
	at org.springframework.beans.factory.support.AbstractBeanFactory.lambda$doGetBean$0(AbstractBeanFactory.java:339)
	at org.springframework.beans.factory.support.DefaultSingletonBeanRegistry.getSingleton(DefaultSingletonBeanRegistry.java:373)
	at org.springframework.beans.factory.support.AbstractBeanFactory.doGetBean(AbstractBeanFactory.java:337)
	at org.springframework.beans.factory.support.AbstractBeanFactory.getBean(AbstractBeanFactory.java:202)
	at org.springframework.beans.factory.support.DefaultListableBeanFactory.doResolveDependency(DefaultListableBeanFactory.java:1683)
	at org.springframework.beans.factory.support.DefaultListableBeanFactory.resolveDependency(DefaultListableBeanFactory.java:1628)
	at org.springframework.beans.factory.annotation.AutowiredAnnotationBeanPostProcessor$AutowiredFieldElement.resolveFieldValue(AutowiredAnnotationBeanPostProcessor.java:785)
	at org.springframework.beans.factory.annotation.AutowiredAnnotationBeanPostProcessor$AutowiredFieldElement.inject(AutowiredAnnotationBeanPostProcessor.java:768)
	at org.springframework.beans.factory.annotation.InjectionMetadata.inject(InjectionMetadata.java:146)
	at org.springframework.beans.factory.annotation.AutowiredAnnotationBeanPostProcessor.postProcessProperties(AutowiredAnnotationBeanPostProcessor.java:509)
	at org.springframework.beans.factory.support.AbstractAutowireCapableBeanFactory.populateBean(AbstractAutowireCapableBeanFactory.java:1459)
	at org.springframework.beans.factory.support.AbstractAutowireCapableBeanFactory.doCreateBean(AbstractAutowireCapableBeanFactory.java:606)
	at org.springframework.beans.factory.support.AbstractAutowireCapableBeanFactory.createBean(AbstractAutowireCapableBeanFactory.java:529)
	at org.springframework.beans.factory.support.AbstractBeanFactory.lambda$doGetBean$0(AbstractBeanFactory.java:339)
	at org.springframework.beans.factory.support.DefaultSingletonBeanRegistry.getSingleton(DefaultSingletonBeanRegistry.java:373)
	at org.springframework.beans.factory.support.AbstractBeanFactory.doGetBean(AbstractBeanFactory.java:337)
	at org.springframework.beans.factory.support.AbstractBeanFactory.getBean(AbstractBeanFactory.java:202)
	at org.springframework.beans.factory.support.DefaultListableBeanFactory.instantiateSingleton(DefaultListableBeanFactory.java:1222)
	at org.springframework.beans.factory.support.DefaultListableBeanFactory.preInstantiateSingleton(DefaultListableBeanFactory.java:1188)
	at org.springframework.beans.factory.support.DefaultListableBeanFactory.preInstantiateSingletons(DefaultListableBeanFactory.java:1123)
	at org.springframework.context.support.AbstractApplicationContext.finishBeanFactoryInitialization(AbstractApplicationContext.java:987)
	at org.springframework.context.support.AbstractApplicationContext.refresh(AbstractApplicationContext.java:627)
	at org.springframework.boot.web.servlet.context.ServletWebServerApplicationContext.refresh(ServletWebServerApplicationContext.java:146)
	at org.springframework.boot.SpringApplication.refresh(SpringApplication.java:752)
	at org.springframework.boot.SpringApplication.refreshContext(SpringApplication.java:439)
	at org.springframework.boot.SpringApplication.run(SpringApplication.java:318)
	at com.company.micros1.Micros1Application.main(Micros1Application.java:22)
2025-08-21 14:52:37 DEBUG o.h.r.t.b.j.i.JdbcResourceLocalTransactionCoordinatorImpl - JDBC transaction marked for rollback-only (exception provided for stack trace)
java.lang.Exception: exception just for purpose of providing stack trace
	at org.hibernate.resource.transaction.backend.jdbc.internal.JdbcResourceLocalTransactionCoordinatorImpl$TransactionDriverControlImpl.markRollbackOnly(JdbcResourceLocalTransactionCoordinatorImpl.java:309)
	at org.hibernate.internal.AbstractSharedSessionContract.buildNamedQuery(AbstractSharedSessionContract.java:1141)
	at org.hibernate.internal.AbstractSharedSessionContract.createNamedQuery(AbstractSharedSessionContract.java:1019)
	at org.hibernate.internal.AbstractSharedSessionContract.createNamedQuery(AbstractSharedSessionContract.java:143)
	at java.base/jdk.internal.reflect.DirectMethodHandleAccessor.invoke(DirectMethodHandleAccessor.java:103)
	at java.base/java.lang.reflect.Method.invoke(Method.java:580)
	at org.springframework.orm.jpa.ExtendedEntityManagerCreator$ExtendedEntityManagerInvocationHandler.invoke(ExtendedEntityManagerCreator.java:364)
	at jdk.proxy2/jdk.proxy2.$Proxy146.createNamedQuery(Unknown Source)
	at org.springframework.data.jpa.repository.query.NamedQuery.hasNamedQuery(NamedQuery.java:120)
	at org.springframework.data.jpa.repository.query.JpaQueryLookupStrategy$DeclaredQueryLookupStrategy.getCountQuery(JpaQueryLookupStrategy.java:206)
	at org.springframework.data.jpa.repository.query.JpaQueryLookupStrategy$DeclaredQueryLookupStrategy.resolveQuery(JpaQueryLookupStrategy.java:175)
	at org.springframework.data.jpa.repository.query.JpaQueryLookupStrategy$CreateIfNotFoundQueryLookupStrategy.resolveQuery(JpaQueryLookupStrategy.java:254)
	at org.springframework.data.jpa.repository.query.JpaQueryLookupStrategy$AbstractQueryLookupStrategy.resolveQuery(JpaQueryLookupStrategy.java:99)
	at org.springframework.data.repository.core.support.QueryExecutorMethodInterceptor.lookupQuery(QueryExecutorMethodInterceptor.java:116)
	at org.springframework.data.repository.core.support.QueryExecutorMethodInterceptor.mapMethodsToQuery(QueryExecutorMethodInterceptor.java:104)
	at org.springframework.data.repository.core.support.QueryExecutorMethodInterceptor.lambda$new$0(QueryExecutorMethodInterceptor.java:92)
	at java.base/java.util.Optional.map(Optional.java:260)
	at org.springframework.data.repository.core.support.QueryExecutorMethodInterceptor.<init>(QueryExecutorMethodInterceptor.java:92)
	at org.springframework.data.repository.core.support.RepositoryFactorySupport.getRepository(RepositoryFactorySupport.java:434)
	at org.springframework.data.repository.core.support.RepositoryFactoryBeanSupport.lambda$afterPropertiesSet$4(RepositoryFactoryBeanSupport.java:350)
	at org.springframework.data.util.Lazy.getNullable(Lazy.java:135)
	at org.springframework.data.util.Lazy.get(Lazy.java:113)
	at org.springframework.data.repository.core.support.RepositoryFactoryBeanSupport.afterPropertiesSet(RepositoryFactoryBeanSupport.java:356)
	at org.springframework.data.jpa.repository.support.JpaRepositoryFactoryBean.afterPropertiesSet(JpaRepositoryFactoryBean.java:132)
	at org.springframework.beans.factory.support.AbstractAutowireCapableBeanFactory.invokeInitMethods(AbstractAutowireCapableBeanFactory.java:1873)
	at org.springframework.beans.factory.support.AbstractAutowireCapableBeanFactory.initializeBean(AbstractAutowireCapableBeanFactory.java:1822)
	at org.springframework.beans.factory.support.AbstractAutowireCapableBeanFactory.doCreateBean(AbstractAutowireCapableBeanFactory.java:607)
	at org.springframework.beans.factory.support.AbstractAutowireCapableBeanFactory.createBean(AbstractAutowireCapableBeanFactory.java:529)
	at org.springframework.beans.factory.support.AbstractBeanFactory.lambda$doGetBean$0(AbstractBeanFactory.java:339)
	at org.springframework.beans.factory.support.DefaultSingletonBeanRegistry.getSingleton(DefaultSingletonBeanRegistry.java:373)
	at org.springframework.beans.factory.support.AbstractBeanFactory.doGetBean(AbstractBeanFactory.java:337)
	at org.springframework.beans.factory.support.AbstractBeanFactory.getBean(AbstractBeanFactory.java:202)
	at org.springframework.beans.factory.support.DefaultListableBeanFactory.doResolveDependency(DefaultListableBeanFactory.java:1683)
	at org.springframework.beans.factory.support.DefaultListableBeanFactory.resolveDependency(DefaultListableBeanFactory.java:1628)
	at org.springframework.beans.factory.annotation.AutowiredAnnotationBeanPostProcessor$AutowiredFieldElement.resolveFieldValue(AutowiredAnnotationBeanPostProcessor.java:785)
	at org.springframework.beans.factory.annotation.AutowiredAnnotationBeanPostProcessor$AutowiredFieldElement.inject(AutowiredAnnotationBeanPostProcessor.java:768)
	at org.springframework.beans.factory.annotation.InjectionMetadata.inject(InjectionMetadata.java:146)
	at org.springframework.beans.factory.annotation.AutowiredAnnotationBeanPostProcessor.postProcessProperties(AutowiredAnnotationBeanPostProcessor.java:509)
	at org.springframework.beans.factory.support.AbstractAutowireCapableBeanFactory.populateBean(AbstractAutowireCapableBeanFactory.java:1459)
	at org.springframework.beans.factory.support.AbstractAutowireCapableBeanFactory.doCreateBean(AbstractAutowireCapableBeanFactory.java:606)
	at org.springframework.beans.factory.support.AbstractAutowireCapableBeanFactory.createBean(AbstractAutowireCapableBeanFactory.java:529)
	at org.springframework.beans.factory.support.AbstractBeanFactory.lambda$doGetBean$0(AbstractBeanFactory.java:339)
	at org.springframework.beans.factory.support.DefaultSingletonBeanRegistry.getSingleton(DefaultSingletonBeanRegistry.java:373)
	at org.springframework.beans.factory.support.AbstractBeanFactory.doGetBean(AbstractBeanFactory.java:337)
	at org.springframework.beans.factory.support.AbstractBeanFactory.getBean(AbstractBeanFactory.java:202)
	at org.springframework.beans.factory.support.DefaultListableBeanFactory.doResolveDependency(DefaultListableBeanFactory.java:1683)
	at org.springframework.beans.factory.support.DefaultListableBeanFactory.resolveDependency(DefaultListableBeanFactory.java:1628)
	at org.springframework.beans.factory.annotation.AutowiredAnnotationBeanPostProcessor$AutowiredFieldElement.resolveFieldValue(AutowiredAnnotationBeanPostProcessor.java:785)
	at org.springframework.beans.factory.annotation.AutowiredAnnotationBeanPostProcessor$AutowiredFieldElement.inject(AutowiredAnnotationBeanPostProcessor.java:768)
	at org.springframework.beans.factory.annotation.InjectionMetadata.inject(InjectionMetadata.java:146)
	at org.springframework.beans.factory.annotation.AutowiredAnnotationBeanPostProcessor.postProcessProperties(AutowiredAnnotationBeanPostProcessor.java:509)
	at org.springframework.beans.factory.support.AbstractAutowireCapableBeanFactory.populateBean(AbstractAutowireCapableBeanFactory.java:1459)
	at org.springframework.beans.factory.support.AbstractAutowireCapableBeanFactory.doCreateBean(AbstractAutowireCapableBeanFactory.java:606)
	at org.springframework.beans.factory.support.AbstractAutowireCapableBeanFactory.createBean(AbstractAutowireCapableBeanFactory.java:529)
	at org.springframework.beans.factory.support.AbstractBeanFactory.lambda$doGetBean$0(AbstractBeanFactory.java:339)
	at org.springframework.beans.factory.support.DefaultSingletonBeanRegistry.getSingleton(DefaultSingletonBeanRegistry.java:373)
	at org.springframework.beans.factory.support.AbstractBeanFactory.doGetBean(AbstractBeanFactory.java:337)
	at org.springframework.beans.factory.support.AbstractBeanFactory.getBean(AbstractBeanFactory.java:202)
	at org.springframework.beans.factory.support.DefaultListableBeanFactory.instantiateSingleton(DefaultListableBeanFactory.java:1222)
	at org.springframework.beans.factory.support.DefaultListableBeanFactory.preInstantiateSingleton(DefaultListableBeanFactory.java:1188)
	at org.springframework.beans.factory.support.DefaultListableBeanFactory.preInstantiateSingletons(DefaultListableBeanFactory.java:1123)
	at org.springframework.context.support.AbstractApplicationContext.finishBeanFactoryInitialization(AbstractApplicationContext.java:987)
	at org.springframework.context.support.AbstractApplicationContext.refresh(AbstractApplicationContext.java:627)
	at org.springframework.boot.web.servlet.context.ServletWebServerApplicationContext.refresh(ServletWebServerApplicationContext.java:146)
	at org.springframework.boot.SpringApplication.refresh(SpringApplication.java:752)
	at org.springframework.boot.SpringApplication.refreshContext(SpringApplication.java:439)
	at org.springframework.boot.SpringApplication.run(SpringApplication.java:318)
	at com.company.micros1.Micros1Application.main(Micros1Application.java:22)
2025-08-21 14:52:37 DEBUG o.h.r.t.b.j.i.JdbcResourceLocalTransactionCoordinatorImpl - JDBC transaction marked for rollback-only (exception provided for stack trace)
java.lang.Exception: exception just for purpose of providing stack trace
	at org.hibernate.resource.transaction.backend.jdbc.internal.JdbcResourceLocalTransactionCoordinatorImpl$TransactionDriverControlImpl.markRollbackOnly(JdbcResourceLocalTransactionCoordinatorImpl.java:309)
	at org.hibernate.internal.AbstractSharedSessionContract.buildNamedQuery(AbstractSharedSessionContract.java:1141)
	at org.hibernate.internal.AbstractSharedSessionContract.createNamedQuery(AbstractSharedSessionContract.java:1019)
	at org.hibernate.internal.AbstractSharedSessionContract.createNamedQuery(AbstractSharedSessionContract.java:143)
	at java.base/jdk.internal.reflect.DirectMethodHandleAccessor.invoke(DirectMethodHandleAccessor.java:103)
	at java.base/java.lang.reflect.Method.invoke(Method.java:580)
	at org.springframework.orm.jpa.ExtendedEntityManagerCreator$ExtendedEntityManagerInvocationHandler.invoke(ExtendedEntityManagerCreator.java:364)
	at jdk.proxy2/jdk.proxy2.$Proxy146.createNamedQuery(Unknown Source)
	at org.springframework.data.jpa.repository.query.NamedQuery.hasNamedQuery(NamedQuery.java:120)
	at org.springframework.data.jpa.repository.query.JpaQueryLookupStrategy$DeclaredQueryLookupStrategy.getCountQuery(JpaQueryLookupStrategy.java:206)
	at org.springframework.data.jpa.repository.query.JpaQueryLookupStrategy$DeclaredQueryLookupStrategy.resolveQuery(JpaQueryLookupStrategy.java:175)
	at org.springframework.data.jpa.repository.query.JpaQueryLookupStrategy$CreateIfNotFoundQueryLookupStrategy.resolveQuery(JpaQueryLookupStrategy.java:254)
	at org.springframework.data.jpa.repository.query.JpaQueryLookupStrategy$AbstractQueryLookupStrategy.resolveQuery(JpaQueryLookupStrategy.java:99)
	at org.springframework.data.repository.core.support.QueryExecutorMethodInterceptor.lookupQuery(QueryExecutorMethodInterceptor.java:116)
	at org.springframework.data.repository.core.support.QueryExecutorMethodInterceptor.mapMethodsToQuery(QueryExecutorMethodInterceptor.java:104)
	at org.springframework.data.repository.core.support.QueryExecutorMethodInterceptor.lambda$new$0(QueryExecutorMethodInterceptor.java:92)
	at java.base/java.util.Optional.map(Optional.java:260)
	at org.springframework.data.repository.core.support.QueryExecutorMethodInterceptor.<init>(QueryExecutorMethodInterceptor.java:92)
	at org.springframework.data.repository.core.support.RepositoryFactorySupport.getRepository(RepositoryFactorySupport.java:434)
	at org.springframework.data.repository.core.support.RepositoryFactoryBeanSupport.lambda$afterPropertiesSet$4(RepositoryFactoryBeanSupport.java:350)
	at org.springframework.data.util.Lazy.getNullable(Lazy.java:135)
	at org.springframework.data.util.Lazy.get(Lazy.java:113)
	at org.springframework.data.repository.core.support.RepositoryFactoryBeanSupport.afterPropertiesSet(RepositoryFactoryBeanSupport.java:356)
	at org.springframework.data.jpa.repository.support.JpaRepositoryFactoryBean.afterPropertiesSet(JpaRepositoryFactoryBean.java:132)
	at org.springframework.beans.factory.support.AbstractAutowireCapableBeanFactory.invokeInitMethods(AbstractAutowireCapableBeanFactory.java:1873)
	at org.springframework.beans.factory.support.AbstractAutowireCapableBeanFactory.initializeBean(AbstractAutowireCapableBeanFactory.java:1822)
	at org.springframework.beans.factory.support.AbstractAutowireCapableBeanFactory.doCreateBean(AbstractAutowireCapableBeanFactory.java:607)
	at org.springframework.beans.factory.support.AbstractAutowireCapableBeanFactory.createBean(AbstractAutowireCapableBeanFactory.java:529)
	at org.springframework.beans.factory.support.AbstractBeanFactory.lambda$doGetBean$0(AbstractBeanFactory.java:339)
	at org.springframework.beans.factory.support.DefaultSingletonBeanRegistry.getSingleton(DefaultSingletonBeanRegistry.java:373)
	at org.springframework.beans.factory.support.AbstractBeanFactory.doGetBean(AbstractBeanFactory.java:337)
	at org.springframework.beans.factory.support.AbstractBeanFactory.getBean(AbstractBeanFactory.java:202)
	at org.springframework.beans.factory.support.DefaultListableBeanFactory.doResolveDependency(DefaultListableBeanFactory.java:1683)
	at org.springframework.beans.factory.support.DefaultListableBeanFactory.resolveDependency(DefaultListableBeanFactory.java:1628)
	at org.springframework.beans.factory.annotation.AutowiredAnnotationBeanPostProcessor$AutowiredFieldElement.resolveFieldValue(AutowiredAnnotationBeanPostProcessor.java:785)
	at org.springframework.beans.factory.annotation.AutowiredAnnotationBeanPostProcessor$AutowiredFieldElement.inject(AutowiredAnnotationBeanPostProcessor.java:768)
	at org.springframework.beans.factory.annotation.InjectionMetadata.inject(InjectionMetadata.java:146)
	at org.springframework.beans.factory.annotation.AutowiredAnnotationBeanPostProcessor.postProcessProperties(AutowiredAnnotationBeanPostProcessor.java:509)
	at org.springframework.beans.factory.support.AbstractAutowireCapableBeanFactory.populateBean(AbstractAutowireCapableBeanFactory.java:1459)
	at org.springframework.beans.factory.support.AbstractAutowireCapableBeanFactory.doCreateBean(AbstractAutowireCapableBeanFactory.java:606)
	at org.springframework.beans.factory.support.AbstractAutowireCapableBeanFactory.createBean(AbstractAutowireCapableBeanFactory.java:529)
	at org.springframework.beans.factory.support.AbstractBeanFactory.lambda$doGetBean$0(AbstractBeanFactory.java:339)
	at org.springframework.beans.factory.support.DefaultSingletonBeanRegistry.getSingleton(DefaultSingletonBeanRegistry.java:373)
	at org.springframework.beans.factory.support.AbstractBeanFactory.doGetBean(AbstractBeanFactory.java:337)
	at org.springframework.beans.factory.support.AbstractBeanFactory.getBean(AbstractBeanFactory.java:202)
	at org.springframework.beans.factory.support.DefaultListableBeanFactory.doResolveDependency(DefaultListableBeanFactory.java:1683)
	at org.springframework.beans.factory.support.DefaultListableBeanFactory.resolveDependency(DefaultListableBeanFactory.java:1628)
	at org.springframework.beans.factory.annotation.AutowiredAnnotationBeanPostProcessor$AutowiredFieldElement.resolveFieldValue(AutowiredAnnotationBeanPostProcessor.java:785)
	at org.springframework.beans.factory.annotation.AutowiredAnnotationBeanPostProcessor$AutowiredFieldElement.inject(AutowiredAnnotationBeanPostProcessor.java:768)
	at org.springframework.beans.factory.annotation.InjectionMetadata.inject(InjectionMetadata.java:146)
	at org.springframework.beans.factory.annotation.AutowiredAnnotationBeanPostProcessor.postProcessProperties(AutowiredAnnotationBeanPostProcessor.java:509)
	at org.springframework.beans.factory.support.AbstractAutowireCapableBeanFactory.populateBean(AbstractAutowireCapableBeanFactory.java:1459)
	at org.springframework.beans.factory.support.AbstractAutowireCapableBeanFactory.doCreateBean(AbstractAutowireCapableBeanFactory.java:606)
	at org.springframework.beans.factory.support.AbstractAutowireCapableBeanFactory.createBean(AbstractAutowireCapableBeanFactory.java:529)
	at org.springframework.beans.factory.support.AbstractBeanFactory.lambda$doGetBean$0(AbstractBeanFactory.java:339)
	at org.springframework.beans.factory.support.DefaultSingletonBeanRegistry.getSingleton(DefaultSingletonBeanRegistry.java:373)
	at org.springframework.beans.factory.support.AbstractBeanFactory.doGetBean(AbstractBeanFactory.java:337)
	at org.springframework.beans.factory.support.AbstractBeanFactory.getBean(AbstractBeanFactory.java:202)
	at org.springframework.beans.factory.support.DefaultListableBeanFactory.instantiateSingleton(DefaultListableBeanFactory.java:1222)
	at org.springframework.beans.factory.support.DefaultListableBeanFactory.preInstantiateSingleton(DefaultListableBeanFactory.java:1188)
	at org.springframework.beans.factory.support.DefaultListableBeanFactory.preInstantiateSingletons(DefaultListableBeanFactory.java:1123)
	at org.springframework.context.support.AbstractApplicationContext.finishBeanFactoryInitialization(AbstractApplicationContext.java:987)
	at org.springframework.context.support.AbstractApplicationContext.refresh(AbstractApplicationContext.java:627)
	at org.springframework.boot.web.servlet.context.ServletWebServerApplicationContext.refresh(ServletWebServerApplicationContext.java:146)
	at org.springframework.boot.SpringApplication.refresh(SpringApplication.java:752)
	at org.springframework.boot.SpringApplication.refreshContext(SpringApplication.java:439)
	at org.springframework.boot.SpringApplication.run(SpringApplication.java:318)
	at com.company.micros1.Micros1Application.main(Micros1Application.java:22)
2025-08-21 14:52:37 DEBUG o.s.b.f.s.DefaultListableBeanFactory - Creating shared instance of singleton bean 'micro1ServiceAsincrono'
2025-08-21 14:52:37 DEBUG o.s.b.f.s.DefaultListableBeanFactory - Creating shared instance of singleton bean 'monitores'
2025-08-21 14:52:37 DEBUG o.s.b.f.s.DefaultListableBeanFactory - Creating shared instance of singleton bean 'procesamientoAsyncService'
2025-08-21 14:52:37 DEBUG o.s.b.f.s.DefaultListableBeanFactory - Creating shared instance of singleton bean 'solicitudResponse'
2025-08-21 14:52:37 DEBUG o.s.b.f.s.DefaultListableBeanFactory - Creating shared instance of singleton bean 'procesamientoExecutor'
2025-08-21 14:52:37 DEBUG o.s.b.f.s.DefaultListableBeanFactory - Autowiring by type from bean name 'solicitudResponse' via constructor to bean named 'procesamientoExecutor'
2025-08-21 14:52:37 WARN  o.s.aop.framework.CglibAopProxy - Unable to proxy interface-implementing method [public final io.grpc.ServerServiceDefinition com.company.solicitud.grpc.SolicitudResponseServiceGrpc$SolicitudResponseServiceImplBase.bindService()] because it is marked as final, consider using interface-based JDK proxies instead.
2025-08-21 14:52:37 DEBUG o.s.b.f.s.DefaultListableBeanFactory - Creating shared instance of singleton bean 'solicitudServiceImpl'
2025-08-21 14:52:37 DEBUG o.s.b.f.s.DefaultListableBeanFactory - Autowiring by type from bean name 'solicitudServiceImpl' via constructor to bean named 'procesamientoExecutor'
2025-08-21 14:52:37 WARN  o.s.aop.framework.CglibAopProxy - Unable to proxy interface-implementing method [public final io.grpc.ServerServiceDefinition com.company.solicitud.grpc.SolicitudServiceGrpc$SolicitudServiceImplBase.bindService()] because it is marked as final, consider using interface-based JDK proxies instead.
2025-08-21 14:52:37 DEBUG o.s.b.f.s.DefaultListableBeanFactory - Creating shared instance of singleton bean 'org.springframework.boot.autoconfigure.context.PropertyPlaceholderAutoConfiguration'
2025-08-21 14:52:37 DEBUG o.s.b.f.s.DefaultListableBeanFactory - Creating shared instance of singleton bean 'org.springframework.boot.context.properties.EnableConfigurationPropertiesRegistrar.methodValidationExcludeFilter'
2025-08-21 14:52:37 DEBUG o.s.b.f.s.DefaultListableBeanFactory - Creating shared instance of singleton bean 'org.springframework.boot.autoconfigure.websocket.servlet.WebSocketServletAutoConfiguration'
2025-08-21 14:52:37 DEBUG o.s.b.f.s.DefaultListableBeanFactory - Creating shared instance of singleton bean 'org.springframework.boot.autoconfigure.web.servlet.DispatcherServletAutoConfiguration'
2025-08-21 14:52:37 DEBUG o.s.b.f.s.DefaultListableBeanFactory - Creating shared instance of singleton bean 'org.springframework.boot.autoconfigure.task.TaskExecutorConfigurations$ThreadPoolTaskExecutorBuilderConfiguration'
2025-08-21 14:52:37 DEBUG o.s.b.f.s.DefaultListableBeanFactory - Creating shared instance of singleton bean 'threadPoolTaskExecutorBuilder'
2025-08-21 14:52:37 DEBUG o.s.b.f.s.DefaultListableBeanFactory - Creating shared instance of singleton bean 'spring.task.execution-org.springframework.boot.autoconfigure.task.TaskExecutionProperties'
2025-08-21 14:52:37 DEBUG o.s.b.f.s.DefaultListableBeanFactory - Autowiring by type from bean name 'threadPoolTaskExecutorBuilder' via factory method to bean named 'spring.task.execution-org.springframework.boot.autoconfigure.task.TaskExecutionProperties'
2025-08-21 14:52:37 DEBUG o.s.b.f.s.DefaultListableBeanFactory - Creating shared instance of singleton bean 'org.springframework.boot.autoconfigure.task.TaskExecutorConfigurations$SimpleAsyncTaskExecutorBuilderConfiguration'
2025-08-21 14:52:37 DEBUG o.s.b.f.s.DefaultListableBeanFactory - Autowiring by type from bean name 'org.springframework.boot.autoconfigure.task.TaskExecutorConfigurations$SimpleAsyncTaskExecutorBuilderConfiguration' via constructor to bean named 'spring.task.execution-org.springframework.boot.autoconfigure.task.TaskExecutionProperties'
2025-08-21 14:52:37 DEBUG o.s.b.f.s.DefaultListableBeanFactory - Creating shared instance of singleton bean 'simpleAsyncTaskExecutorBuilder'
2025-08-21 14:52:37 DEBUG o.s.b.f.s.DefaultListableBeanFactory - Creating shared instance of singleton bean 'org.springframework.boot.autoconfigure.task.TaskExecutorConfigurations$BootstrapExecutorConfiguration'
2025-08-21 14:52:37 DEBUG o.s.b.f.s.DefaultListableBeanFactory - Creating shared instance of singleton bean 'org.springframework.boot.autoconfigure.task.TaskExecutionAutoConfiguration'
2025-08-21 14:52:37 DEBUG o.s.b.f.s.DefaultListableBeanFactory - Creating shared instance of singleton bean 'org.springframework.boot.autoconfigure.web.servlet.error.ErrorMvcAutoConfiguration$WhitelabelErrorViewConfiguration'
2025-08-21 14:52:37 DEBUG o.s.b.f.s.DefaultListableBeanFactory - Creating shared instance of singleton bean 'error'
2025-08-21 14:52:37 DEBUG o.s.b.f.s.DefaultListableBeanFactory - Creating shared instance of singleton bean 'beanNameViewResolver'
2025-08-21 14:52:37 DEBUG o.s.b.f.s.DefaultListableBeanFactory - Creating shared instance of singleton bean 'org.springframework.boot.autoconfigure.web.servlet.error.ErrorMvcAutoConfiguration$DefaultErrorViewResolverConfiguration'
2025-08-21 14:52:37 DEBUG o.s.b.f.s.DefaultListableBeanFactory - Creating shared instance of singleton bean 'spring.web-org.springframework.boot.autoconfigure.web.WebProperties'
2025-08-21 14:52:37 DEBUG o.s.b.f.s.DefaultListableBeanFactory - Autowiring by type from bean name 'org.springframework.boot.autoconfigure.web.servlet.error.ErrorMvcAutoConfiguration$DefaultErrorViewResolverConfiguration' via constructor to bean named 'org.springframework.boot.web.servlet.context.AnnotationConfigServletWebServerApplicationContext@191ae03f'
2025-08-21 14:52:37 DEBUG o.s.b.f.s.DefaultListableBeanFactory - Autowiring by type from bean name 'org.springframework.boot.autoconfigure.web.servlet.error.ErrorMvcAutoConfiguration$DefaultErrorViewResolverConfiguration' via constructor to bean named 'spring.web-org.springframework.boot.autoconfigure.web.WebProperties'
2025-08-21 14:52:37 DEBUG o.s.b.f.s.DefaultListableBeanFactory - Creating shared instance of singleton bean 'conventionErrorViewResolver'
2025-08-21 14:52:37 DEBUG o.s.b.f.s.DefaultListableBeanFactory - Creating shared instance of singleton bean 'errorAttributes'
2025-08-21 14:52:37 DEBUG o.s.b.f.s.DefaultListableBeanFactory - Creating shared instance of singleton bean 'basicErrorController'
2025-08-21 14:52:37 DEBUG o.s.b.f.s.DefaultListableBeanFactory - Autowiring by type from bean name 'basicErrorController' via factory method to bean named 'errorAttributes'
2025-08-21 14:52:37 DEBUG o.s.b.f.s.DefaultListableBeanFactory - Creating shared instance of singleton bean 'org.springframework.boot.autoconfigure.web.servlet.WebMvcAutoConfiguration$EnableWebMvcConfiguration'
2025-08-21 14:52:37 DEBUG o.s.b.f.s.DefaultListableBeanFactory - Autowiring by type from bean name 'org.springframework.boot.autoconfigure.web.servlet.WebMvcAutoConfiguration$EnableWebMvcConfiguration' via constructor to bean named 'spring.mvc-org.springframework.boot.autoconfigure.web.servlet.WebMvcProperties'
2025-08-21 14:52:37 DEBUG o.s.b.f.s.DefaultListableBeanFactory - Autowiring by type from bean name 'org.springframework.boot.autoconfigure.web.servlet.WebMvcAutoConfiguration$EnableWebMvcConfiguration' via constructor to bean named 'spring.web-org.springframework.boot.autoconfigure.web.WebProperties'
2025-08-21 14:52:37 DEBUG o.s.b.f.s.DefaultListableBeanFactory - Autowiring by type from bean name 'org.springframework.boot.autoconfigure.web.servlet.WebMvcAutoConfiguration$EnableWebMvcConfiguration' via constructor to bean named 'org.springframework.beans.factory.support.DefaultListableBeanFactory@66b72664'
2025-08-21 14:52:37 DEBUG o.s.b.f.s.DefaultListableBeanFactory - Creating shared instance of singleton bean 'org.springframework.boot.autoconfigure.web.servlet.WebMvcAutoConfiguration$WebMvcAutoConfigurationAdapter'
2025-08-21 14:52:37 DEBUG o.s.b.f.s.DefaultListableBeanFactory - Autowiring by type from bean name 'org.springframework.boot.autoconfigure.web.servlet.WebMvcAutoConfiguration$WebMvcAutoConfigurationAdapter' via constructor to bean named 'spring.web-org.springframework.boot.autoconfigure.web.WebProperties'
2025-08-21 14:52:37 DEBUG o.s.b.f.s.DefaultListableBeanFactory - Autowiring by type from bean name 'org.springframework.boot.autoconfigure.web.servlet.WebMvcAutoConfiguration$WebMvcAutoConfigurationAdapter' via constructor to bean named 'spring.mvc-org.springframework.boot.autoconfigure.web.servlet.WebMvcProperties'
2025-08-21 14:52:37 DEBUG o.s.b.f.s.DefaultListableBeanFactory - Autowiring by type from bean name 'org.springframework.boot.autoconfigure.web.servlet.WebMvcAutoConfiguration$WebMvcAutoConfigurationAdapter' via constructor to bean named 'org.springframework.beans.factory.support.DefaultListableBeanFactory@66b72664'
2025-08-21 14:52:38 DEBUG o.s.b.f.s.DefaultListableBeanFactory - Creating shared instance of singleton bean 'openEntityManagerInViewInterceptorConfigurer'
2025-08-21 14:52:38 DEBUG o.s.b.f.s.DefaultListableBeanFactory - Creating shared instance of singleton bean 'org.springframework.boot.autoconfigure.orm.jpa.JpaBaseConfiguration$JpaWebConfiguration'
2025-08-21 14:52:38 DEBUG o.s.b.f.s.DefaultListableBeanFactory - Autowiring by type from bean name 'org.springframework.boot.autoconfigure.orm.jpa.JpaBaseConfiguration$JpaWebConfiguration' via constructor to bean named 'spring.jpa-org.springframework.boot.autoconfigure.orm.jpa.JpaProperties'
2025-08-21 14:52:38 DEBUG o.s.b.f.s.DefaultListableBeanFactory - Creating shared instance of singleton bean 'openEntityManagerInViewInterceptor'
2025-08-21 14:52:38 WARN  o.s.b.a.o.j.JpaBaseConfiguration$JpaWebConfiguration - spring.jpa.open-in-view is enabled by default. Therefore, database queries may be performed during view rendering. Explicitly configure spring.jpa.open-in-view to disable this warning
2025-08-21 14:52:38 DEBUG o.s.b.f.s.DefaultListableBeanFactory - Autowiring by type from bean name 'openEntityManagerInViewInterceptorConfigurer' via factory method to bean named 'openEntityManagerInViewInterceptor'
2025-08-21 14:52:38 DEBUG o.s.b.f.s.DefaultListableBeanFactory - Creating shared instance of singleton bean 'org.springframework.data.web.config.SpringDataWebConfiguration'
2025-08-21 14:52:38 DEBUG o.s.b.f.s.DefaultListableBeanFactory - Autowiring by type from bean name 'org.springframework.data.web.config.SpringDataWebConfiguration' via constructor to bean named 'org.springframework.boot.web.servlet.context.AnnotationConfigServletWebServerApplicationContext@191ae03f'
2025-08-21 14:52:38 DEBUG o.s.b.f.s.DefaultListableBeanFactory - Creating shared instance of singleton bean 'endpointObjectMapperWebMvcConfigurer'
2025-08-21 14:52:38 DEBUG o.s.b.f.s.DefaultListableBeanFactory - Creating shared instance of singleton bean 'endpointObjectMapper'
2025-08-21 14:52:38 DEBUG o.s.b.f.s.DefaultListableBeanFactory - Creating shared instance of singleton bean 'org.springframework.boot.actuate.autoconfigure.endpoint.jackson.JacksonEndpointAutoConfiguration'
2025-08-21 14:52:38 DEBUG o.s.b.f.s.DefaultListableBeanFactory - Autowiring by type from bean name 'endpointObjectMapperWebMvcConfigurer' via factory method to bean named 'endpointObjectMapper'
2025-08-21 14:52:38 DEBUG o.s.b.f.s.DefaultListableBeanFactory - Creating shared instance of singleton bean 'welcomePageHandlerMapping'
2025-08-21 14:52:38 DEBUG o.s.b.f.s.DefaultListableBeanFactory - Creating shared instance of singleton bean 'mvcConversionService'
2025-08-21 14:52:38 DEBUG o.s.b.f.s.DefaultListableBeanFactory - Creating shared instance of singleton bean 'mvcResourceUrlProvider'
2025-08-21 14:52:38 DEBUG o.s.b.f.s.DefaultListableBeanFactory - Autowiring by type from bean name 'welcomePageHandlerMapping' via factory method to bean named 'org.springframework.boot.web.servlet.context.AnnotationConfigServletWebServerApplicationContext@191ae03f'
2025-08-21 14:52:38 DEBUG o.s.b.f.s.DefaultListableBeanFactory - Autowiring by type from bean name 'welcomePageHandlerMapping' via factory method to bean named 'mvcConversionService'
2025-08-21 14:52:38 DEBUG o.s.b.f.s.DefaultListableBeanFactory - Autowiring by type from bean name 'welcomePageHandlerMapping' via factory method to bean named 'mvcResourceUrlProvider'
2025-08-21 14:52:38 DEBUG o.s.b.f.s.DefaultListableBeanFactory - Creating shared instance of singleton bean 'welcomePageNotAcceptableHandlerMapping'
2025-08-21 14:52:38 DEBUG o.s.b.f.s.DefaultListableBeanFactory - Autowiring by type from bean name 'welcomePageNotAcceptableHandlerMapping' via factory method to bean named 'org.springframework.boot.web.servlet.context.AnnotationConfigServletWebServerApplicationContext@191ae03f'
2025-08-21 14:52:38 DEBUG o.s.b.f.s.DefaultListableBeanFactory - Autowiring by type from bean name 'welcomePageNotAcceptableHandlerMapping' via factory method to bean named 'mvcConversionService'
2025-08-21 14:52:38 DEBUG o.s.b.f.s.DefaultListableBeanFactory - Autowiring by type from bean name 'welcomePageNotAcceptableHandlerMapping' via factory method to bean named 'mvcResourceUrlProvider'
2025-08-21 14:52:38 DEBUG o.s.b.f.s.DefaultListableBeanFactory - Creating shared instance of singleton bean 'localeResolver'
2025-08-21 14:52:38 DEBUG o.s.b.f.s.DefaultListableBeanFactory - Creating shared instance of singleton bean 'themeResolver'
2025-08-21 14:52:38 DEBUG o.s.b.f.s.DefaultListableBeanFactory - Creating shared instance of singleton bean 'flashMapManager'
2025-08-21 14:52:38 DEBUG o.s.b.f.s.DefaultListableBeanFactory - Creating shared instance of singleton bean 'viewNameTranslator'
2025-08-21 14:52:38 DEBUG o.s.b.f.s.DefaultListableBeanFactory - Creating shared instance of singleton bean 'mvcValidator'
2025-08-21 14:52:38 DEBUG o.s.b.f.s.DefaultListableBeanFactory - Creating shared instance of singleton bean 'mvcContentNegotiationManager'
2025-08-21 14:52:38 DEBUG o.s.b.f.s.DefaultListableBeanFactory - Creating shared instance of singleton bean 'requestMappingHandlerMapping'
2025-08-21 14:52:38 DEBUG o.s.b.f.s.DefaultListableBeanFactory - Autowiring by type from bean name 'requestMappingHandlerMapping' via factory method to bean named 'mvcContentNegotiationManager'
2025-08-21 14:52:38 DEBUG o.s.b.f.s.DefaultListableBeanFactory - Autowiring by type from bean name 'requestMappingHandlerMapping' via factory method to bean named 'mvcConversionService'
2025-08-21 14:52:38 DEBUG o.s.b.f.s.DefaultListableBeanFactory - Autowiring by type from bean name 'requestMappingHandlerMapping' via factory method to bean named 'mvcResourceUrlProvider'
2025-08-21 14:52:38 DEBUG o.s.b.f.s.DefaultListableBeanFactory - Creating shared instance of singleton bean 'mvcPatternParser'
2025-08-21 14:52:38 DEBUG o.s.b.f.s.DefaultListableBeanFactory - Creating shared instance of singleton bean 'mvcUrlPathHelper'
2025-08-21 14:52:38 DEBUG o.s.b.f.s.DefaultListableBeanFactory - Creating shared instance of singleton bean 'mvcPathMatcher'
2025-08-21 14:52:38 DEBUG o.s.b.f.s.DefaultListableBeanFactory - Creating shared instance of singleton bean 'viewControllerHandlerMapping'
2025-08-21 14:52:38 DEBUG o.s.b.f.s.DefaultListableBeanFactory - Autowiring by type from bean name 'viewControllerHandlerMapping' via factory method to bean named 'mvcConversionService'
2025-08-21 14:52:38 DEBUG o.s.b.f.s.DefaultListableBeanFactory - Autowiring by type from bean name 'viewControllerHandlerMapping' via factory method to bean named 'mvcResourceUrlProvider'
2025-08-21 14:52:38 DEBUG o.s.b.f.s.DefaultListableBeanFactory - Creating shared instance of singleton bean 'beanNameHandlerMapping'
2025-08-21 14:52:38 DEBUG o.s.b.f.s.DefaultListableBeanFactory - Autowiring by type from bean name 'beanNameHandlerMapping' via factory method to bean named 'mvcConversionService'
2025-08-21 14:52:38 DEBUG o.s.b.f.s.DefaultListableBeanFactory - Autowiring by type from bean name 'beanNameHandlerMapping' via factory method to bean named 'mvcResourceUrlProvider'
2025-08-21 14:52:38 DEBUG o.s.b.f.s.DefaultListableBeanFactory - Creating shared instance of singleton bean 'routerFunctionMapping'
2025-08-21 14:52:38 DEBUG o.s.b.f.s.DefaultListableBeanFactory - Autowiring by type from bean name 'routerFunctionMapping' via factory method to bean named 'mvcConversionService'
2025-08-21 14:52:38 DEBUG o.s.b.f.s.DefaultListableBeanFactory - Autowiring by type from bean name 'routerFunctionMapping' via factory method to bean named 'mvcResourceUrlProvider'
2025-08-21 14:52:38 DEBUG o.s.b.f.s.DefaultListableBeanFactory - Creating shared instance of singleton bean 'messageConverters'
2025-08-21 14:52:38 DEBUG o.s.b.f.s.DefaultListableBeanFactory - Creating shared instance of singleton bean 'org.springframework.boot.autoconfigure.http.HttpMessageConvertersAutoConfiguration'
2025-08-21 14:52:38 DEBUG o.s.b.f.s.DefaultListableBeanFactory - Creating shared instance of singleton bean 'stringHttpMessageConverter'
2025-08-21 14:52:38 DEBUG o.s.b.f.s.DefaultListableBeanFactory - Creating shared instance of singleton bean 'org.springframework.boot.autoconfigure.http.HttpMessageConvertersAutoConfiguration$StringHttpMessageConverterConfiguration'
2025-08-21 14:52:38 DEBUG o.s.b.f.s.DefaultListableBeanFactory - Autowiring by type from bean name 'stringHttpMessageConverter' via factory method to bean named 'environment'
2025-08-21 14:52:38 DEBUG o.s.b.f.s.DefaultListableBeanFactory - Creating shared instance of singleton bean 'mappingJackson2HttpMessageConverter'
2025-08-21 14:52:38 DEBUG o.s.b.f.s.DefaultListableBeanFactory - Creating shared instance of singleton bean 'org.springframework.boot.autoconfigure.http.JacksonHttpMessageConvertersConfiguration$MappingJackson2HttpMessageConverterConfiguration'
2025-08-21 14:52:38 DEBUG o.s.b.f.s.DefaultListableBeanFactory - Creating shared instance of singleton bean 'jacksonObjectMapper'
2025-08-21 14:52:38 DEBUG o.s.b.f.s.DefaultListableBeanFactory - Creating shared instance of singleton bean 'org.springframework.boot.autoconfigure.jackson.JacksonAutoConfiguration$JacksonObjectMapperConfiguration'
2025-08-21 14:52:38 DEBUG o.s.b.f.s.DefaultListableBeanFactory - Creating shared instance of singleton bean 'org.springframework.boot.autoconfigure.jackson.JacksonAutoConfiguration$JacksonObjectMapperBuilderConfiguration'
2025-08-21 14:52:38 DEBUG o.s.b.f.s.DefaultListableBeanFactory - Creating shared instance of singleton bean 'standardJacksonObjectMapperBuilderCustomizer'
2025-08-21 14:52:38 DEBUG o.s.b.f.s.DefaultListableBeanFactory - Creating shared instance of singleton bean 'org.springframework.boot.autoconfigure.jackson.JacksonAutoConfiguration$Jackson2ObjectMapperBuilderCustomizerConfiguration'
2025-08-21 14:52:38 DEBUG o.s.b.f.s.DefaultListableBeanFactory - Creating shared instance of singleton bean 'spring.jackson-org.springframework.boot.autoconfigure.jackson.JacksonProperties'
2025-08-21 14:52:38 DEBUG o.s.b.f.s.DefaultListableBeanFactory - Autowiring by type from bean name 'standardJacksonObjectMapperBuilderCustomizer' via factory method to bean named 'spring.jackson-org.springframework.boot.autoconfigure.jackson.JacksonProperties'
2025-08-21 14:52:38 DEBUG o.s.b.f.s.DefaultListableBeanFactory - Creating shared instance of singleton bean 'parameterNamesModule'
2025-08-21 14:52:38 DEBUG o.s.b.f.s.DefaultListableBeanFactory - Creating shared instance of singleton bean 'org.springframework.boot.autoconfigure.jackson.JacksonAutoConfiguration$ParameterNamesModuleConfiguration'
2025-08-21 14:52:38 DEBUG o.s.b.f.s.DefaultListableBeanFactory - Creating shared instance of singleton bean 'jsonMixinModule'
2025-08-21 14:52:38 DEBUG o.s.b.f.s.DefaultListableBeanFactory - Creating shared instance of singleton bean 'org.springframework.boot.autoconfigure.jackson.JacksonAutoConfiguration$JacksonMixinConfiguration'
2025-08-21 14:52:38 DEBUG o.s.b.f.s.DefaultListableBeanFactory - Creating shared instance of singleton bean 'jsonMixinModuleEntries'
2025-08-21 14:52:38 DEBUG o.s.b.f.s.DefaultListableBeanFactory - Autowiring by type from bean name 'jsonMixinModuleEntries' via factory method to bean named 'org.springframework.boot.web.servlet.context.AnnotationConfigServletWebServerApplicationContext@191ae03f'
2025-08-21 14:52:38 DEBUG o.s.b.f.s.DefaultListableBeanFactory - Autowiring by type from bean name 'jsonMixinModule' via factory method to bean named 'org.springframework.boot.web.servlet.context.AnnotationConfigServletWebServerApplicationContext@191ae03f'
2025-08-21 14:52:38 DEBUG o.s.b.f.s.DefaultListableBeanFactory - Autowiring by type from bean name 'jsonMixinModule' via factory method to bean named 'jsonMixinModuleEntries'
2025-08-21 14:52:38 DEBUG o.s.b.f.s.DefaultListableBeanFactory - Creating shared instance of singleton bean 'jsonComponentModule'
2025-08-21 14:52:38 DEBUG o.s.b.f.s.DefaultListableBeanFactory - Creating shared instance of singleton bean 'org.springframework.boot.autoconfigure.jackson.JacksonAutoConfiguration'
2025-08-21 14:52:38 DEBUG o.s.b.f.s.DefaultListableBeanFactory - Creating shared instance of singleton bean 'jacksonGeoModule'
2025-08-21 14:52:38 DEBUG o.s.b.f.s.DefaultListableBeanFactory - Creating shared instance of singleton bean 'org.springframework.data.web.config.SpringDataJacksonConfiguration'
2025-08-21 14:52:38 DEBUG o.s.b.f.s.DefaultListableBeanFactory - Creating shared instance of singleton bean 'springDataWebSettings'
2025-08-21 14:52:38 DEBUG o.s.b.f.s.DefaultListableBeanFactory - Creating shared instance of singleton bean 'org.springframework.boot.autoconfigure.data.web.SpringDataWebAutoConfiguration'
2025-08-21 14:52:38 DEBUG o.s.b.f.s.DefaultListableBeanFactory - Creating shared instance of singleton bean 'spring.data.web-org.springframework.boot.autoconfigure.data.web.SpringDataWebProperties'
2025-08-21 14:52:38 DEBUG o.s.b.f.s.DefaultListableBeanFactory - Autowiring by type from bean name 'org.springframework.boot.autoconfigure.data.web.SpringDataWebAutoConfiguration' via constructor to bean named 'spring.data.web-org.springframework.boot.autoconfigure.data.web.SpringDataWebProperties'
2025-08-21 14:52:39 DEBUG o.s.b.f.s.DefaultListableBeanFactory - Creating shared instance of singleton bean 'pageModule'
2025-08-21 14:52:39 DEBUG o.s.b.f.s.DefaultListableBeanFactory - Autowiring by type from bean name 'jacksonObjectMapperBuilder' via factory method to bean named 'org.springframework.boot.web.servlet.context.AnnotationConfigServletWebServerApplicationContext@191ae03f'
2025-08-21 14:52:39 DEBUG o.s.b.f.s.DefaultListableBeanFactory - Autowiring by type from bean name 'jacksonObjectMapperBuilder' via factory method to bean named 'standardJacksonObjectMapperBuilderCustomizer'
2025-08-21 14:52:39 DEBUG o.s.b.f.s.DefaultListableBeanFactory - Autowiring by type from bean name 'jacksonObjectMapper' via factory method to bean named 'jacksonObjectMapperBuilder'
2025-08-21 14:52:39 DEBUG o.s.b.f.s.DefaultListableBeanFactory - Autowiring by type from bean name 'mappingJackson2HttpMessageConverter' via factory method to bean named 'jacksonObjectMapper'
2025-08-21 14:52:39 DEBUG o.s.b.f.s.DefaultListableBeanFactory - Creating shared instance of singleton bean 'resourceHandlerMapping'
2025-08-21 14:52:39 DEBUG o.s.b.f.s.DefaultListableBeanFactory - Autowiring by type from bean name 'resourceHandlerMapping' via factory method to bean named 'mvcContentNegotiationManager'
2025-08-21 14:52:39 DEBUG o.s.b.f.s.DefaultListableBeanFactory - Autowiring by type from bean name 'resourceHandlerMapping' via factory method to bean named 'mvcConversionService'
2025-08-21 14:52:39 DEBUG o.s.b.f.s.DefaultListableBeanFactory - Autowiring by type from bean name 'resourceHandlerMapping' via factory method to bean named 'mvcResourceUrlProvider'
2025-08-21 14:52:39 DEBUG o.s.b.f.s.DefaultListableBeanFactory - Creating shared instance of singleton bean 'defaultServletHandlerMapping'
2025-08-21 14:52:39 DEBUG o.s.b.f.s.DefaultListableBeanFactory - Creating shared instance of singleton bean 'requestMappingHandlerAdapter'
2025-08-21 14:52:39 DEBUG o.s.b.f.s.DefaultListableBeanFactory - Autowiring by type from bean name 'requestMappingHandlerAdapter' via factory method to bean named 'mvcContentNegotiationManager'
2025-08-21 14:52:39 DEBUG o.s.b.f.s.DefaultListableBeanFactory - Autowiring by type from bean name 'requestMappingHandlerAdapter' via factory method to bean named 'mvcConversionService'
2025-08-21 14:52:39 DEBUG o.s.b.f.s.DefaultListableBeanFactory - Autowiring by type from bean name 'requestMappingHandlerAdapter' via factory method to bean named 'mvcValidator'
2025-08-21 14:52:39 DEBUG o.s.b.f.s.DefaultListableBeanFactory - Creating shared instance of singleton bean 'sortResolver'
2025-08-21 14:52:39 DEBUG o.s.b.f.s.DefaultListableBeanFactory - Creating shared instance of singleton bean 'sortCustomizer'
2025-08-21 14:52:39 DEBUG o.s.b.f.s.DefaultListableBeanFactory - Creating shared instance of singleton bean 'pageableResolver'
2025-08-21 14:52:39 DEBUG o.s.b.f.s.DefaultListableBeanFactory - Creating shared instance of singleton bean 'pageableCustomizer'
2025-08-21 14:52:39 DEBUG o.s.b.f.s.DefaultListableBeanFactory - Creating shared instance of singleton bean 'mvcViewResolver'
2025-08-21 14:52:39 DEBUG o.s.b.f.s.DefaultListableBeanFactory - Autowiring by type from bean name 'mvcViewResolver' via factory method to bean named 'mvcContentNegotiationManager'
2025-08-21 14:52:39 DEBUG o.s.b.f.s.DefaultListableBeanFactory - Creating shared instance of singleton bean 'defaultViewResolver'
2025-08-21 14:52:40 DEBUG o.s.b.f.s.DefaultListableBeanFactory - Creating shared instance of singleton bean 'viewResolver'
2025-08-21 14:52:40 DEBUG o.s.b.f.s.DefaultListableBeanFactory - Autowiring by type from bean name 'viewResolver' via factory method to bean named 'org.springframework.beans.factory.support.DefaultListableBeanFactory@66b72664'
2025-08-21 14:52:40 DEBUG o.s.b.f.s.DefaultListableBeanFactory - Creating shared instance of singleton bean 'viewResolver'
2025-08-21 14:52:40 DEBUG o.s.b.f.s.DefaultListableBeanFactory - Creating shared instance of singleton bean 'handlerFunctionAdapter'
2025-08-21 14:52:40 DEBUG o.s.b.f.s.DefaultListableBeanFactory - Creating shared instance of singleton bean 'mvcUriComponentsContributor'
2025-08-21 14:52:40 DEBUG o.s.b.f.s.DefaultListableBeanFactory - Autowiring by type from bean name 'mvcUriComponentsContributor' via factory method to bean named 'mvcConversionService'
2025-08-21 14:52:40 DEBUG o.s.b.f.s.DefaultListableBeanFactory - Autowiring by type from bean name 'mvcUriComponentsContributor' via factory method to bean named 'requestMappingHandlerAdapter'
2025-08-21 14:52:40 DEBUG o.s.b.f.s.DefaultListableBeanFactory - Creating shared instance of singleton bean 'httpRequestHandlerAdapter'
2025-08-21 14:52:40 DEBUG o.s.b.f.s.DefaultListableBeanFactory - Creating shared instance of singleton bean 'simpleControllerHandlerAdapter'
2025-08-21 14:52:40 DEBUG o.s.b.f.s.DefaultListableBeanFactory - Creating shared instance of singleton bean 'handlerExceptionResolver'
2025-08-21 14:52:40 DEBUG o.s.b.f.s.DefaultListableBeanFactory - Autowiring by type from bean name 'handlerExceptionResolver' via factory method to bean named 'mvcContentNegotiationManager'
2025-08-21 14:52:40 DEBUG o.s.b.f.s.DefaultListableBeanFactory - Creating shared instance of singleton bean 'io.opentelemetry.instrumentation.spring.autoconfigure.exporters.otlp.OtlpLoggerExporterAutoConfiguration'
2025-08-21 14:52:40 DEBUG o.s.b.f.s.DefaultListableBeanFactory - Creating shared instance of singleton bean 'otelOtlpLogRecordExporter'
2025-08-21 14:52:40 DEBUG o.s.b.f.s.DefaultListableBeanFactory - Creating shared instance of singleton bean 'otel.exporter.otlp-io.opentelemetry.instrumentation.spring.autoconfigure.exporters.otlp.OtlpExporterProperties'
2025-08-21 14:52:40 DEBUG o.s.b.f.s.DefaultListableBeanFactory - Autowiring by type from bean name 'otelOtlpLogRecordExporter' via factory method to bean named 'otel.exporter.otlp-io.opentelemetry.instrumentation.spring.autoconfigure.exporters.otlp.OtlpExporterProperties'
2025-08-21 14:52:40 DEBUG i.o.e.i.http.HttpExporterBuilder - Using HttpSender: io.opentelemetry.exporter.sender.okhttp.internal.OkHttpHttpSender
2025-08-21 14:52:40 DEBUG o.s.b.f.s.DefaultListableBeanFactory - Creating shared instance of singleton bean 'io.opentelemetry.instrumentation.spring.autoconfigure.exporters.otlp.OtlpMetricExporterAutoConfiguration'
2025-08-21 14:52:40 DEBUG o.s.b.f.s.DefaultListableBeanFactory - Creating shared instance of singleton bean 'otelOtlpMetricExporter'
2025-08-21 14:52:40 DEBUG o.s.b.f.s.DefaultListableBeanFactory - Autowiring by type from bean name 'otelOtlpMetricExporter' via factory method to bean named 'otel.exporter.otlp-io.opentelemetry.instrumentation.spring.autoconfigure.exporters.otlp.OtlpExporterProperties'
2025-08-21 14:52:40 DEBUG i.o.e.i.http.HttpExporterBuilder - Using HttpSender: io.opentelemetry.exporter.sender.okhttp.internal.OkHttpHttpSender
2025-08-21 14:52:40 DEBUG o.s.b.f.s.DefaultListableBeanFactory - Creating shared instance of singleton bean 'io.opentelemetry.instrumentation.spring.autoconfigure.exporters.otlp.OtlpSpanExporterAutoConfiguration'
2025-08-21 14:52:40 DEBUG o.s.b.f.s.DefaultListableBeanFactory - Creating shared instance of singleton bean 'otelOtlpHttpSpanExporterBuilder'
2025-08-21 14:52:40 DEBUG o.s.b.f.s.DefaultListableBeanFactory - Creating shared instance of singleton bean 'otelOtlpSpanExporter'
2025-08-21 14:52:40 DEBUG o.s.b.f.s.DefaultListableBeanFactory - Autowiring by type from bean name 'otelOtlpSpanExporter' via factory method to bean named 'otel.exporter.otlp-io.opentelemetry.instrumentation.spring.autoconfigure.exporters.otlp.OtlpExporterProperties'
2025-08-21 14:52:40 DEBUG o.s.b.f.s.DefaultListableBeanFactory - Autowiring by type from bean name 'otelOtlpSpanExporter' via factory method to bean named 'otelOtlpHttpSpanExporterBuilder'
2025-08-21 14:52:40 DEBUG i.o.e.i.http.HttpExporterBuilder - Using HttpSender: io.opentelemetry.exporter.sender.okhttp.internal.OkHttpHttpSender
2025-08-21 14:52:40 DEBUG o.s.b.f.s.DefaultListableBeanFactory - Creating shared instance of singleton bean 'io.opentelemetry.instrumentation.spring.autoconfigure.resources.OtelResourceAutoConfiguration'
2025-08-21 14:52:40 DEBUG o.s.b.f.s.DefaultListableBeanFactory - Creating shared instance of singleton bean 'otelResourceProvider'
2025-08-21 14:52:40 DEBUG o.s.b.f.s.DefaultListableBeanFactory - Creating shared instance of singleton bean 'otel.springboot.resource-io.opentelemetry.instrumentation.spring.autoconfigure.resources.OtelSpringResourceProperties'
2025-08-21 14:52:40 DEBUG o.s.b.f.s.DefaultListableBeanFactory - Creating shared instance of singleton bean 'otel.resource-io.opentelemetry.instrumentation.spring.autoconfigure.resources.OtelResourceProperties'
2025-08-21 14:52:40 DEBUG o.s.b.f.s.DefaultListableBeanFactory - Autowiring by type from bean name 'otelResourceProvider' via factory method to bean named 'otel.springboot.resource-io.opentelemetry.instrumentation.spring.autoconfigure.resources.OtelSpringResourceProperties'
2025-08-21 14:52:40 DEBUG o.s.b.f.s.DefaultListableBeanFactory - Autowiring by type from bean name 'otelResourceProvider' via factory method to bean named 'otel.resource-io.opentelemetry.instrumentation.spring.autoconfigure.resources.OtelResourceProperties'
2025-08-21 14:52:40 DEBUG o.s.b.f.s.DefaultListableBeanFactory - Creating shared instance of singleton bean 'io.opentelemetry.instrumentation.spring.autoconfigure.OpenTelemetryAutoConfiguration'
2025-08-21 14:52:40 DEBUG o.s.b.f.s.DefaultListableBeanFactory - Creating shared instance of singleton bean 'otel.metric.export-io.opentelemetry.instrumentation.spring.autoconfigure.MetricExportProperties'
2025-08-21 14:52:40 DEBUG o.s.b.f.s.DefaultListableBeanFactory - Creating shared instance of singleton bean 'otel.traces.sampler-io.opentelemetry.instrumentation.spring.autoconfigure.SamplerProperties'
2025-08-21 14:52:40 DEBUG o.s.b.f.s.DefaultListableBeanFactory - Creating shared instance of singleton bean 'io.opentelemetry.instrumentation.spring.autoconfigure.instrumentation.annotations.InstrumentationAnnotationsAutoConfiguration'
2025-08-21 14:52:40 DEBUG o.s.b.f.s.DefaultListableBeanFactory - Creating shared instance of singleton bean 'otelInstrumentationWithSpanAspect'
2025-08-21 14:52:40 DEBUG o.s.b.f.s.DefaultListableBeanFactory - Autowiring by type from bean name 'otelInstrumentationWithSpanAspect' via factory method to bean named 'customOpenTelemetry'
2025-08-21 14:52:40 DEBUG o.s.b.f.s.DefaultListableBeanFactory - Creating shared instance of singleton bean 'org.springframework.boot.autoconfigure.transaction.jta.JtaAutoConfiguration'
2025-08-21 14:52:40 DEBUG o.s.b.f.s.DefaultListableBeanFactory - Creating shared instance of singleton bean 'org.springframework.boot.autoconfigure.jdbc.metadata.DataSourcePoolMetadataProvidersConfiguration'
2025-08-21 14:52:40 DEBUG o.s.b.f.s.DefaultListableBeanFactory - Creating shared instance of singleton bean 'org.springframework.boot.autoconfigure.jdbc.DataSourceAutoConfiguration'
2025-08-21 14:52:40 DEBUG o.s.b.f.s.DefaultListableBeanFactory - Creating shared instance of singleton bean 'io.opentelemetry.instrumentation.spring.autoconfigure.instrumentation.logging.OpenTelemetryAppenderAutoConfiguration$LogbackAppenderConfig'
2025-08-21 14:52:40 DEBUG o.s.b.f.s.DefaultListableBeanFactory - Creating shared instance of singleton bean 'logbackOtelAppenderInitializer'
2025-08-21 14:52:40 DEBUG o.s.b.f.s.DefaultListableBeanFactory - Autowiring by type from bean name 'logbackOtelAppenderInitializer' via factory method to bean named 'customOpenTelemetry'
2025-08-21 14:52:40 DEBUG o.s.b.f.s.DefaultListableBeanFactory - Creating shared instance of singleton bean 'io.opentelemetry.instrumentation.spring.autoconfigure.instrumentation.logging.OpenTelemetryAppenderAutoConfiguration'
2025-08-21 14:52:40 DEBUG o.s.b.f.s.DefaultListableBeanFactory - Creating shared instance of singleton bean 'meterRegistryCloser'
2025-08-21 14:52:40 DEBUG o.s.b.f.s.DefaultListableBeanFactory - Creating shared instance of singleton bean 'io.opentelemetry.instrumentation.spring.autoconfigure.instrumentation.web.SpringWebInstrumentationAutoConfiguration'
2025-08-21 14:52:40 DEBUG o.s.b.f.s.DefaultListableBeanFactory - Creating shared instance of singleton bean 'net.devh.boot.grpc.common.autoconfigure.GrpcCommonCodecAutoConfiguration'
2025-08-21 14:52:40 DEBUG o.s.b.f.s.DefaultListableBeanFactory - Creating shared instance of singleton bean 'defaultGrpcCodecDiscoverer'
2025-08-21 14:52:40 DEBUG o.s.b.f.s.DefaultListableBeanFactory - Creating shared instance of singleton bean 'defaultCompressorRegistry'
2025-08-21 14:52:40 DEBUG o.s.b.f.s.DefaultListableBeanFactory - Autowiring by type from bean name 'defaultCompressorRegistry' via factory method to bean named 'defaultGrpcCodecDiscoverer'
2025-08-21 14:52:40 DEBUG n.d.b.g.c.a.GrpcCommonCodecAutoConfiguration - Found GrpcCodecDiscoverer -> Creating custom CompressorRegistry
2025-08-21 14:52:40 DEBUG n.d.b.g.c.c.AnnotationGrpcCodecDiscoverer - Searching for codecs...
2025-08-21 14:52:40 DEBUG n.d.b.g.c.c.AnnotationGrpcCodecDiscoverer - Done
2025-08-21 14:52:40 DEBUG o.s.b.f.s.DefaultListableBeanFactory - Creating shared instance of singleton bean 'defaultDecompressorRegistry'
2025-08-21 14:52:40 DEBUG o.s.b.f.s.DefaultListableBeanFactory - Autowiring by type from bean name 'defaultDecompressorRegistry' via factory method to bean named 'defaultGrpcCodecDiscoverer'
2025-08-21 14:52:40 DEBUG n.d.b.g.c.a.GrpcCommonCodecAutoConfiguration - Found GrpcCodecDiscoverer -> Creating custom DecompressorRegistry
2025-08-21 14:52:40 DEBUG o.s.b.f.s.DefaultListableBeanFactory - Creating shared instance of singleton bean 'net.devh.boot.grpc.server.autoconfigure.GrpcHealthServiceAutoConfiguration'
2025-08-21 14:52:40 DEBUG o.s.b.f.s.DefaultListableBeanFactory - Creating shared instance of singleton bean 'healthStatusManager'
2025-08-21 14:52:40 DEBUG o.s.b.f.s.DefaultListableBeanFactory - Creating shared instance of singleton bean 'grpcHealthService'
2025-08-21 14:52:40 DEBUG o.s.b.f.s.DefaultListableBeanFactory - Autowiring by type from bean name 'grpcHealthService' via factory method to bean named 'healthStatusManager'
2025-08-21 14:52:40 DEBUG o.s.b.f.s.DefaultListableBeanFactory - Creating shared instance of singleton bean 'net.devh.boot.grpc.server.autoconfigure.GrpcReflectionServiceAutoConfiguration'
2025-08-21 14:52:40 DEBUG o.s.b.f.s.DefaultListableBeanFactory - Creating shared instance of singleton bean 'protoReflectionService'
2025-08-21 14:52:40 DEBUG o.s.b.f.s.DefaultListableBeanFactory - Creating shared instance of singleton bean 'org.springframework.boot.actuate.autoconfigure.tracing.OpenTelemetryPropagationConfigurations$NoPropagation'
2025-08-21 14:52:40 DEBUG o.s.b.f.s.DefaultListableBeanFactory - Creating shared instance of singleton bean 'otelSdkTracerProvider'
2025-08-21 14:52:40 DEBUG o.s.b.f.s.DefaultListableBeanFactory - Creating shared instance of singleton bean 'openTelemetryResource'
2025-08-21 14:52:40 DEBUG o.s.b.f.s.DefaultListableBeanFactory - Creating shared instance of singleton bean 'org.springframework.boot.actuate.autoconfigure.opentelemetry.OpenTelemetryAutoConfiguration'
2025-08-21 14:52:40 DEBUG o.s.b.f.s.DefaultListableBeanFactory - Creating shared instance of singleton bean 'management.opentelemetry-org.springframework.boot.actuate.autoconfigure.opentelemetry.OpenTelemetryProperties'
2025-08-21 14:52:40 DEBUG o.s.b.f.s.DefaultListableBeanFactory - Autowiring by type from bean name 'openTelemetryResource' via factory method to bean named 'environment'
2025-08-21 14:52:40 DEBUG o.s.b.f.s.DefaultListableBeanFactory - Autowiring by type from bean name 'openTelemetryResource' via factory method to bean named 'management.opentelemetry-org.springframework.boot.actuate.autoconfigure.opentelemetry.OpenTelemetryProperties'
2025-08-21 14:52:40 DEBUG o.s.b.f.s.DefaultListableBeanFactory - Creating shared instance of singleton bean 'spanProcessors'
2025-08-21 14:52:40 DEBUG o.s.b.f.s.DefaultListableBeanFactory - Creating shared instance of singleton bean 'otelSpanProcessor'
2025-08-21 14:52:40 DEBUG o.s.b.f.s.DefaultListableBeanFactory - Creating shared instance of singleton bean 'spanExporters'
2025-08-21 14:52:40 DEBUG o.s.b.f.s.DefaultListableBeanFactory - Creating shared instance of singleton bean 'otlpHttpSpanExporter'
2025-08-21 14:52:40 DEBUG o.s.b.f.s.DefaultListableBeanFactory - Creating shared instance of singleton bean 'org.springframework.boot.actuate.autoconfigure.tracing.otlp.OtlpTracingConfigurations$Exporters'
2025-08-21 14:52:40 DEBUG o.s.b.f.s.DefaultListableBeanFactory - Creating shared instance of singleton bean 'management.otlp.tracing-org.springframework.boot.actuate.autoconfigure.tracing.otlp.OtlpTracingProperties'
2025-08-21 14:52:40 DEBUG o.s.b.f.s.DefaultListableBeanFactory - Creating shared instance of singleton bean 'otlpTracingConnectionDetails'
2025-08-21 14:52:40 DEBUG o.s.b.f.s.DefaultListableBeanFactory - Creating shared instance of singleton bean 'org.springframework.boot.actuate.autoconfigure.tracing.otlp.OtlpTracingConfigurations$ConnectionDetails'
2025-08-21 14:52:40 DEBUG o.s.b.f.s.DefaultListableBeanFactory - Autowiring by type from bean name 'otlpTracingConnectionDetails' via factory method to bean named 'management.otlp.tracing-org.springframework.boot.actuate.autoconfigure.tracing.otlp.OtlpTracingProperties'
2025-08-21 14:52:40 DEBUG o.s.b.f.s.DefaultListableBeanFactory - Autowiring by type from bean name 'otlpHttpSpanExporter' via factory method to bean named 'management.otlp.tracing-org.springframework.boot.actuate.autoconfigure.tracing.otlp.OtlpTracingProperties'
2025-08-21 14:52:40 DEBUG o.s.b.f.s.DefaultListableBeanFactory - Autowiring by type from bean name 'otlpHttpSpanExporter' via factory method to bean named 'otlpTracingConnectionDetails'
2025-08-21 14:52:40 DEBUG i.o.e.i.http.HttpExporterBuilder - Using HttpSender: io.opentelemetry.exporter.sender.okhttp.internal.OkHttpHttpSender
2025-08-21 14:52:40 DEBUG o.s.b.f.s.DefaultListableBeanFactory - Autowiring by type from bean name 'otelSpanProcessor' via factory method to bean named 'spanExporters'
2025-08-21 14:52:41 DEBUG o.s.b.f.s.DefaultListableBeanFactory - Creating shared instance of singleton bean 'otelSampler'
2025-08-21 14:52:41 DEBUG o.s.b.f.s.DefaultListableBeanFactory - Autowiring by type from bean name 'otelSdkTracerProvider' via factory method to bean named 'openTelemetryResource'
2025-08-21 14:52:41 DEBUG o.s.b.f.s.DefaultListableBeanFactory - Autowiring by type from bean name 'otelSdkTracerProvider' via factory method to bean named 'spanProcessors'
2025-08-21 14:52:41 DEBUG o.s.b.f.s.DefaultListableBeanFactory - Autowiring by type from bean name 'otelSdkTracerProvider' via factory method to bean named 'otelSampler'
2025-08-21 14:52:41 DEBUG o.s.b.f.s.DefaultListableBeanFactory - Creating shared instance of singleton bean 'otelSpanCustomizer'
2025-08-21 14:52:41 DEBUG o.s.b.f.s.DefaultListableBeanFactory - Creating shared instance of singleton bean 'org.springframework.boot.actuate.autoconfigure.metrics.export.prometheus.PrometheusMetricsExportAutoConfiguration$PrometheusScrapeEndpointConfiguration'
2025-08-21 14:52:41 DEBUG o.s.b.f.s.DefaultListableBeanFactory - Creating shared instance of singleton bean 'prometheusEndpoint'
2025-08-21 14:52:41 DEBUG o.s.b.f.s.DefaultListableBeanFactory - Autowiring by type from bean name 'prometheusEndpoint' via factory method to bean named 'prometheusRegistry'
2025-08-21 14:52:41 DEBUG o.s.b.f.s.DefaultListableBeanFactory - Autowiring by type from bean name 'prometheusEndpoint' via factory method to bean named 'prometheusConfig'
2025-08-21 14:52:41 DEBUG o.s.b.f.s.DefaultListableBeanFactory - Creating shared instance of singleton bean 'org.springframework.boot.actuate.autoconfigure.metrics.CompositeMeterRegistryAutoConfiguration'
2025-08-21 14:52:41 DEBUG o.s.b.f.s.DefaultListableBeanFactory - Creating shared instance of singleton bean 'net.devh.boot.grpc.server.autoconfigure.GrpcServerMetricAutoConfiguration'
2025-08-21 14:52:41 DEBUG o.s.b.f.s.DefaultListableBeanFactory - Creating shared instance of singleton bean 'metricCollectingServerInterceptor'
2025-08-21 14:52:41 DEBUG o.s.b.f.s.DefaultListableBeanFactory - Autowiring by type from bean name 'metricCollectingServerInterceptor' via factory method to bean named 'prometheusMeterRegistry'
2025-08-21 14:52:41 DEBUG o.s.b.f.s.DefaultListableBeanFactory - Autowiring by type from bean name 'metricCollectingServerInterceptor' via factory method to bean named 'solicitudResponse'
2025-08-21 14:52:41 DEBUG o.s.b.f.s.DefaultListableBeanFactory - Autowiring by type from bean name 'metricCollectingServerInterceptor' via factory method to bean named 'solicitudServiceImpl'
2025-08-21 14:52:41 DEBUG o.s.b.f.s.DefaultListableBeanFactory - Autowiring by type from bean name 'metricCollectingServerInterceptor' via factory method to bean named 'grpcHealthService'
2025-08-21 14:52:41 DEBUG o.s.b.f.s.DefaultListableBeanFactory - Autowiring by type from bean name 'metricCollectingServerInterceptor' via factory method to bean named 'protoReflectionService'
2025-08-21 14:52:41 DEBUG n.d.b.g.s.a.GrpcServerMetricAutoConfiguration - Pre-Registering service metrics
2025-08-21 14:52:41 DEBUG n.d.b.g.s.a.GrpcServerMetricAutoConfiguration - - com.company.micros1.grpc.service.solicitudResponse@1aa7d66e
2025-08-21 14:52:41 DEBUG n.d.b.g.s.a.GrpcServerMetricAutoConfiguration - - com.company.micros1.grpc.service.SolicitudServiceImpl@587df3e4
2025-08-21 14:52:41 DEBUG n.d.b.g.s.a.GrpcServerMetricAutoConfiguration - - io.grpc.protobuf.services.HealthServiceImpl@7f77d839
2025-08-21 14:52:41 DEBUG n.d.b.g.s.a.GrpcServerMetricAutoConfiguration - - io.grpc.protobuf.services.ProtoReflectionService@2d854c13
2025-08-21 14:52:41 DEBUG o.s.b.f.s.DefaultListableBeanFactory - Creating shared instance of singleton bean 'streamTracerFactoryConfigurer'
2025-08-21 14:52:41 DEBUG o.s.b.f.s.DefaultListableBeanFactory - Autowiring by type from bean name 'streamTracerFactoryConfigurer' via factory method to bean named 'prometheusMeterRegistry'
2025-08-21 14:52:41 DEBUG o.s.b.f.s.DefaultListableBeanFactory - Creating shared instance of singleton bean 'net.devh.boot.grpc.server.autoconfigure.GrpcServerAutoConfiguration'
2025-08-21 14:52:41 DEBUG o.s.b.f.s.DefaultListableBeanFactory - Creating shared instance of singleton bean 'defaultGrpcServerProperties'
2025-08-21 14:52:41 DEBUG o.s.b.f.s.DefaultListableBeanFactory - Creating shared instance of singleton bean 'globalServerInterceptorRegistry'
2025-08-21 14:52:41 DEBUG o.s.b.f.s.DefaultListableBeanFactory - Autowiring by type from bean name 'globalServerInterceptorRegistry' via factory method to bean named 'org.springframework.boot.web.servlet.context.AnnotationConfigServletWebServerApplicationContext@191ae03f'
2025-08-21 14:52:41 DEBUG o.s.b.f.s.DefaultListableBeanFactory - Creating shared instance of singleton bean 'defaultGrpcServiceDiscoverer'
2025-08-21 14:52:41 DEBUG o.s.b.f.s.DefaultListableBeanFactory - Creating shared instance of singleton bean 'compressionServerConfigurer'
2025-08-21 14:52:41 DEBUG o.s.b.f.s.DefaultListableBeanFactory - Autowiring by type from bean name 'compressionServerConfigurer' via factory method to bean named 'defaultCompressorRegistry'
2025-08-21 14:52:41 DEBUG o.s.b.f.s.DefaultListableBeanFactory - Creating shared instance of singleton bean 'decompressionServerConfigurer'
2025-08-21 14:52:41 DEBUG o.s.b.f.s.DefaultListableBeanFactory - Autowiring by type from bean name 'decompressionServerConfigurer' via factory method to bean named 'defaultDecompressorRegistry'
2025-08-21 14:52:41 DEBUG o.s.b.f.s.DefaultListableBeanFactory - Creating shared instance of singleton bean 'net.devh.boot.grpc.server.autoconfigure.GrpcServerFactoryAutoConfiguration'
2025-08-21 14:52:41 DEBUG o.s.b.f.s.DefaultListableBeanFactory - Creating shared instance of singleton bean 'shadedNettyGrpcServerFactory'
2025-08-21 14:52:41 DEBUG o.s.b.f.s.DefaultListableBeanFactory - Autowiring by type from bean name 'shadedNettyGrpcServerFactory' via factory method to bean named 'defaultGrpcServerProperties'
2025-08-21 14:52:41 DEBUG o.s.b.f.s.DefaultListableBeanFactory - Autowiring by type from bean name 'shadedNettyGrpcServerFactory' via factory method to bean named 'defaultGrpcServiceDiscoverer'
2025-08-21 14:52:41 DEBUG o.s.b.f.s.DefaultListableBeanFactory - Autowiring by type from bean name 'shadedNettyGrpcServerFactory' via factory method to bean named 'streamTracerFactoryConfigurer'
2025-08-21 14:52:41 DEBUG o.s.b.f.s.DefaultListableBeanFactory - Autowiring by type from bean name 'shadedNettyGrpcServerFactory' via factory method to bean named 'compressionServerConfigurer'
2025-08-21 14:52:41 DEBUG o.s.b.f.s.DefaultListableBeanFactory - Autowiring by type from bean name 'shadedNettyGrpcServerFactory' via factory method to bean named 'decompressionServerConfigurer'
2025-08-21 14:52:41 INFO  n.d.b.g.s.a.GrpcServerFactoryAutoConfiguration - Detected grpc-netty-shaded: Creating ShadedNettyGrpcServerFactory
2025-08-21 14:52:41 DEBUG o.s.b.f.s.DefaultListableBeanFactory - Creating shared instance of singleton bean 'annotationGlobalServerInterceptorConfigurer'
2025-08-21 14:52:41 DEBUG o.s.b.f.s.DefaultListableBeanFactory - Autowiring by type from bean name 'annotationGlobalServerInterceptorConfigurer' via factory method to bean named 'org.springframework.boot.web.servlet.context.AnnotationConfigServletWebServerApplicationContext@191ae03f'
2025-08-21 14:52:41 DEBUG o.s.b.f.s.DefaultListableBeanFactory - Creating shared instance of singleton bean 'globalObservationGrpcServerInterceptorConfigurer'
2025-08-21 14:52:41 DEBUG o.s.b.f.s.DefaultListableBeanFactory - Creating shared instance of singleton bean 'net.devh.boot.grpc.server.autoconfigure.GrpcServerMicrometerTraceAutoConfiguration'
2025-08-21 14:52:41 DEBUG o.s.b.f.s.DefaultListableBeanFactory - Autowiring by type from bean name 'globalObservationGrpcServerInterceptorConfigurer' via factory method to bean named 'observationRegistry'
2025-08-21 14:52:42 DEBUG n.d.b.g.s.i.AnnotationGlobalServerInterceptorConfigurer - Registering GlobalServerInterceptor: metricCollectingServerInterceptor (io.micrometer.core.instrument.binder.grpc.MetricCollectingServerInterceptor@2771e501)
2025-08-21 14:52:42 DEBUG n.d.b.g.s.i.AnnotationGlobalServerInterceptorConfigurer - Registering GlobalServerInterceptor: grpcRequestScope (net.devh.boot.grpc.server.scope.GrpcRequestScope@2fad7002)
2025-08-21 14:52:42 DEBUG n.d.b.g.s.i.AnnotationGlobalServerInterceptorConfigurer - Registering GlobalServerInterceptor: globalObservationGrpcServerInterceptorConfigurer (io.micrometer.core.instrument.binder.grpc.ObservationGrpcServerInterceptor@1a262e93)
2025-08-21 14:52:42 DEBUG n.d.b.g.s.s.AnnotationGrpcServiceDiscoverer - Found gRPC service: solicitud.SolicitudResponseService, bean: solicitudResponse, class: com.company.micros1.grpc.service.solicitudResponse$$SpringCGLIB$$0
2025-08-21 14:52:42 DEBUG n.d.b.g.s.s.AnnotationGrpcServiceDiscoverer - Found gRPC service: solicitud.SolicitudService, bean: solicitudServiceImpl, class: com.company.micros1.grpc.service.SolicitudServiceImpl$$SpringCGLIB$$0
2025-08-21 14:52:42 DEBUG n.d.b.g.s.s.AnnotationGrpcServiceDiscoverer - Found gRPC service: grpc.health.v1.Health, bean: grpcHealthService, class: io.grpc.protobuf.services.HealthServiceImpl
2025-08-21 14:52:42 DEBUG n.d.b.g.s.s.AnnotationGrpcServiceDiscoverer - Found gRPC service: grpc.reflection.v1alpha.ServerReflection, bean: protoReflectionService, class: io.grpc.protobuf.services.ProtoReflectionService
2025-08-21 14:52:42 DEBUG o.s.b.f.s.DefaultListableBeanFactory - Creating shared instance of singleton bean 'shadedNettyGrpcServerLifecycle'
2025-08-21 14:52:42 DEBUG o.s.b.f.s.DefaultListableBeanFactory - Autowiring by type from bean name 'shadedNettyGrpcServerLifecycle' via factory method to bean named 'shadedNettyGrpcServerFactory'
2025-08-21 14:52:42 DEBUG o.s.b.f.s.DefaultListableBeanFactory - Autowiring by type from bean name 'shadedNettyGrpcServerLifecycle' via factory method to bean named 'defaultGrpcServerProperties'
2025-08-21 14:52:42 DEBUG o.s.b.f.s.DefaultListableBeanFactory - Autowiring by type from bean name 'shadedNettyGrpcServerLifecycle' via factory method to bean named 'org.springframework.boot.web.servlet.context.AnnotationConfigServletWebServerApplicationContext@191ae03f'
2025-08-21 14:52:42 DEBUG o.s.b.f.s.DefaultListableBeanFactory - Creating shared instance of singleton bean 'org.springframework.boot.actuate.autoconfigure.observation.ObservationAutoConfiguration$MeterObservationHandlerConfiguration'
2025-08-21 14:52:42 DEBUG o.s.b.f.s.DefaultListableBeanFactory - Creating shared instance of singleton bean 'org.springframework.boot.autoconfigure.availability.ApplicationAvailabilityAutoConfiguration'
2025-08-21 14:52:42 DEBUG o.s.b.f.s.DefaultListableBeanFactory - Creating shared instance of singleton bean 'applicationAvailability'
2025-08-21 14:52:42 DEBUG o.s.b.f.s.DefaultListableBeanFactory - Creating shared instance of singleton bean 'org.springframework.boot.actuate.autoconfigure.availability.AvailabilityHealthContributorAutoConfiguration'
2025-08-21 14:52:42 DEBUG o.s.b.f.s.DefaultListableBeanFactory - Creating shared instance of singleton bean 'org.springframework.boot.autoconfigure.transaction.TransactionManagerCustomizationAutoConfiguration'
2025-08-21 14:52:42 DEBUG o.s.b.f.s.DefaultListableBeanFactory - Creating shared instance of singleton bean 'platformTransactionManagerCustomizers'
2025-08-21 14:52:42 DEBUG o.s.b.f.s.DefaultListableBeanFactory - Creating shared instance of singleton bean 'transactionExecutionListeners'
2025-08-21 14:52:42 DEBUG o.s.b.f.s.DefaultListableBeanFactory - Creating shared instance of singleton bean 'spring.transaction-org.springframework.boot.autoconfigure.transaction.TransactionProperties'
2025-08-21 14:52:42 DEBUG o.s.b.f.s.DefaultListableBeanFactory - Creating shared instance of singleton bean 'org.springframework.boot.autoconfigure.orm.jpa.JpaBaseConfiguration$PersistenceManagedTypesConfiguration'
2025-08-21 14:52:42 DEBUG o.s.b.f.s.DefaultListableBeanFactory - Creating shared instance of singleton bean 'transactionManager'
2025-08-21 14:52:42 DEBUG o.s.b.f.s.DefaultListableBeanFactory - Creating shared instance of singleton bean 'org.springframework.boot.autoconfigure.orm.jpa.HibernateJpaAutoConfiguration'
2025-08-21 14:52:42 DEBUG o.s.b.f.s.DefaultListableBeanFactory - Creating shared instance of singleton bean 'org.springframework.boot.actuate.autoconfigure.health.HealthEndpointConfiguration'
2025-08-21 14:52:42 DEBUG o.s.b.f.s.DefaultListableBeanFactory - Creating shared instance of singleton bean 'healthStatusAggregator'
2025-08-21 14:52:42 DEBUG o.s.b.f.s.DefaultListableBeanFactory - Creating shared instance of singleton bean 'management.endpoint.health-org.springframework.boot.actuate.autoconfigure.health.HealthEndpointProperties'
2025-08-21 14:52:42 DEBUG o.s.b.f.s.DefaultListableBeanFactory - Autowiring by type from bean name 'healthStatusAggregator' via factory method to bean named 'management.endpoint.health-org.springframework.boot.actuate.autoconfigure.health.HealthEndpointProperties'
2025-08-21 14:52:42 DEBUG o.s.b.f.s.DefaultListableBeanFactory - Creating shared instance of singleton bean 'healthHttpCodeStatusMapper'
2025-08-21 14:52:42 DEBUG o.s.b.f.s.DefaultListableBeanFactory - Autowiring by type from bean name 'healthHttpCodeStatusMapper' via factory method to bean named 'management.endpoint.health-org.springframework.boot.actuate.autoconfigure.health.HealthEndpointProperties'
2025-08-21 14:52:42 DEBUG o.s.b.f.s.DefaultListableBeanFactory - Creating shared instance of singleton bean 'healthEndpointGroups'
2025-08-21 14:52:42 DEBUG o.s.b.f.s.DefaultListableBeanFactory - Autowiring by type from bean name 'healthEndpointGroups' via factory method to bean named 'org.springframework.boot.web.servlet.context.AnnotationConfigServletWebServerApplicationContext@191ae03f'
2025-08-21 14:52:42 DEBUG o.s.b.f.s.DefaultListableBeanFactory - Autowiring by type from bean name 'healthEndpointGroups' via factory method to bean named 'management.endpoint.health-org.springframework.boot.actuate.autoconfigure.health.HealthEndpointProperties'
2025-08-21 14:52:42 DEBUG o.s.b.f.s.DefaultListableBeanFactory - Creating shared instance of singleton bean 'healthContributorRegistry'
2025-08-21 14:52:42 DEBUG o.s.b.f.s.DefaultListableBeanFactory - Creating shared instance of singleton bean 'sslHealthIndicator'
2025-08-21 14:52:42 DEBUG o.s.b.f.s.DefaultListableBeanFactory - Creating shared instance of singleton bean 'org.springframework.boot.actuate.autoconfigure.ssl.SslHealthContributorAutoConfiguration'
2025-08-21 14:52:42 DEBUG o.s.b.f.s.DefaultListableBeanFactory - Creating shared instance of singleton bean 'sslInfo'
2025-08-21 14:52:42 DEBUG o.s.b.f.s.DefaultListableBeanFactory - Creating shared instance of singleton bean 'management.health.ssl-org.springframework.boot.actuate.autoconfigure.ssl.SslHealthIndicatorProperties'
2025-08-21 14:52:42 DEBUG o.s.b.f.s.DefaultListableBeanFactory - Autowiring by type from bean name 'sslInfo' via factory method to bean named 'sslBundleRegistry'
2025-08-21 14:52:42 DEBUG o.s.b.f.s.DefaultListableBeanFactory - Autowiring by type from bean name 'sslInfo' via factory method to bean named 'management.health.ssl-org.springframework.boot.actuate.autoconfigure.ssl.SslHealthIndicatorProperties'
2025-08-21 14:52:42 DEBUG o.s.b.f.s.DefaultListableBeanFactory - Autowiring by type from bean name 'sslHealthIndicator' via factory method to bean named 'sslInfo'
2025-08-21 14:52:42 DEBUG o.s.b.f.s.DefaultListableBeanFactory - Creating shared instance of singleton bean 'diskSpaceHealthIndicator'
2025-08-21 14:52:42 DEBUG o.s.b.f.s.DefaultListableBeanFactory - Creating shared instance of singleton bean 'org.springframework.boot.actuate.autoconfigure.system.DiskSpaceHealthContributorAutoConfiguration'
2025-08-21 14:52:42 DEBUG o.s.b.f.s.DefaultListableBeanFactory - Creating shared instance of singleton bean 'management.health.diskspace-org.springframework.boot.actuate.autoconfigure.system.DiskSpaceHealthIndicatorProperties'
2025-08-21 14:52:42 DEBUG o.s.b.f.s.DefaultListableBeanFactory - Autowiring by type from bean name 'diskSpaceHealthIndicator' via factory method to bean named 'management.health.diskspace-org.springframework.boot.actuate.autoconfigure.system.DiskSpaceHealthIndicatorProperties'
2025-08-21 14:52:42 DEBUG o.s.b.f.s.DefaultListableBeanFactory - Creating shared instance of singleton bean 'pingHealthContributor'
2025-08-21 14:52:42 DEBUG o.s.b.f.s.DefaultListableBeanFactory - Creating shared instance of singleton bean 'org.springframework.boot.actuate.autoconfigure.health.HealthContributorAutoConfiguration'
2025-08-21 14:52:42 DEBUG o.s.b.f.s.DefaultListableBeanFactory - Creating shared instance of singleton bean 'dbHealthContributor'
2025-08-21 14:52:42 DEBUG o.s.b.f.s.DefaultListableBeanFactory - Creating shared instance of singleton bean 'org.springframework.boot.actuate.autoconfigure.jdbc.DataSourceHealthContributorAutoConfiguration'
2025-08-21 14:52:42 DEBUG o.s.b.f.s.DefaultListableBeanFactory - Creating shared instance of singleton bean 'management.health.db-org.springframework.boot.actuate.autoconfigure.jdbc.DataSourceHealthIndicatorProperties'
2025-08-21 14:52:42 DEBUG o.s.b.f.s.DefaultListableBeanFactory - Autowiring by type from bean name 'dbHealthContributor' via factory method to bean named 'org.springframework.beans.factory.support.DefaultListableBeanFactory@66b72664'
2025-08-21 14:52:42 DEBUG o.s.b.f.s.DefaultListableBeanFactory - Autowiring by type from bean name 'dbHealthContributor' via factory method to bean named 'management.health.db-org.springframework.boot.actuate.autoconfigure.jdbc.DataSourceHealthIndicatorProperties'
2025-08-21 14:52:42 DEBUG o.s.b.f.s.DefaultListableBeanFactory - Autowiring by type from bean name 'healthContributorRegistry' via factory method to bean named 'org.springframework.boot.web.servlet.context.AnnotationConfigServletWebServerApplicationContext@191ae03f'
2025-08-21 14:52:42 DEBUG o.s.b.f.s.DefaultListableBeanFactory - Autowiring by type from bean name 'healthContributorRegistry' via factory method to bean named 'healthEndpointGroups'
2025-08-21 14:52:42 DEBUG o.s.b.f.s.DefaultListableBeanFactory - Autowiring by type from bean name 'healthContributorRegistry' via factory method to bean named 'sslHealthIndicator'
2025-08-21 14:52:42 DEBUG o.s.b.f.s.DefaultListableBeanFactory - Autowiring by type from bean name 'healthContributorRegistry' via factory method to bean named 'diskSpaceHealthIndicator'
2025-08-21 14:52:42 DEBUG o.s.b.f.s.DefaultListableBeanFactory - Autowiring by type from bean name 'healthContributorRegistry' via factory method to bean named 'pingHealthContributor'
2025-08-21 14:52:42 DEBUG o.s.b.f.s.DefaultListableBeanFactory - Autowiring by type from bean name 'healthContributorRegistry' via factory method to bean named 'dbHealthContributor'
2025-08-21 14:52:42 DEBUG o.s.b.f.s.DefaultListableBeanFactory - Creating shared instance of singleton bean 'healthEndpointGroupMembershipValidator'
2025-08-21 14:52:42 DEBUG o.s.b.f.s.DefaultListableBeanFactory - Autowiring by type from bean name 'healthEndpointGroupMembershipValidator' via factory method to bean named 'management.endpoint.health-org.springframework.boot.actuate.autoconfigure.health.HealthEndpointProperties'
2025-08-21 14:52:42 DEBUG o.s.b.f.s.DefaultListableBeanFactory - Autowiring by type from bean name 'healthEndpointGroupMembershipValidator' via factory method to bean named 'healthContributorRegistry'
2025-08-21 14:52:42 DEBUG o.s.b.f.s.DefaultListableBeanFactory - Creating shared instance of singleton bean 'healthEndpoint'
2025-08-21 14:52:42 DEBUG o.s.b.f.s.DefaultListableBeanFactory - Autowiring by type from bean name 'healthEndpoint' via factory method to bean named 'healthContributorRegistry'
2025-08-21 14:52:42 DEBUG o.s.b.f.s.DefaultListableBeanFactory - Autowiring by type from bean name 'healthEndpoint' via factory method to bean named 'healthEndpointGroups'
2025-08-21 14:52:42 DEBUG o.s.b.f.s.DefaultListableBeanFactory - Autowiring by type from bean name 'healthEndpoint' via factory method to bean named 'management.endpoint.health-org.springframework.boot.actuate.autoconfigure.health.HealthEndpointProperties'
2025-08-21 14:52:42 DEBUG o.s.b.f.s.DefaultListableBeanFactory - Creating shared instance of singleton bean 'org.springframework.boot.actuate.autoconfigure.health.HealthEndpointWebExtensionConfiguration$MvcAdditionalHealthEndpointPathsConfiguration'
2025-08-21 14:52:42 DEBUG o.s.b.f.s.DefaultListableBeanFactory - Creating shared instance of singleton bean 'healthEndpointWebMvcHandlerMapping'
2025-08-21 14:52:42 DEBUG o.s.b.f.s.DefaultListableBeanFactory - Creating shared instance of singleton bean 'webEndpointDiscoverer'
2025-08-21 14:52:42 DEBUG o.s.b.f.s.DefaultListableBeanFactory - Creating shared instance of singleton bean 'endpointOperationParameterMapper'
2025-08-21 14:52:42 DEBUG o.s.b.f.s.DefaultListableBeanFactory - Creating shared instance of singleton bean 'endpointMediaTypes'
2025-08-21 14:52:42 DEBUG o.s.b.f.s.DefaultListableBeanFactory - Autowiring by type from bean name 'webEndpointDiscoverer' via factory method to bean named 'endpointOperationParameterMapper'
2025-08-21 14:52:42 DEBUG o.s.b.f.s.DefaultListableBeanFactory - Autowiring by type from bean name 'webEndpointDiscoverer' via factory method to bean named 'endpointMediaTypes'
2025-08-21 14:52:42 DEBUG o.s.b.f.s.DefaultListableBeanFactory - Creating shared instance of singleton bean 'endpointCachingOperationInvokerAdvisor'
2025-08-21 14:52:42 DEBUG o.s.b.f.s.DefaultListableBeanFactory - Autowiring by type from bean name 'endpointCachingOperationInvokerAdvisor' via factory method to bean named 'environment'
2025-08-21 14:52:42 DEBUG o.s.b.f.s.DefaultListableBeanFactory - Creating shared instance of singleton bean 'webExposeExcludePropertyEndpointFilter'
2025-08-21 14:52:42 DEBUG o.s.b.f.s.DefaultListableBeanFactory - Creating shared instance of singleton bean 'webAccessPropertiesOperationFilter'
2025-08-21 14:52:42 DEBUG o.s.b.f.s.DefaultListableBeanFactory - Autowiring by type from bean name 'webAccessPropertiesOperationFilter' via factory method to bean named 'propertiesEndpointAccessResolver'
2025-08-21 14:52:42 DEBUG o.s.b.f.s.DefaultListableBeanFactory - Autowiring by type from bean name 'healthEndpointWebMvcHandlerMapping' via factory method to bean named 'webEndpointDiscoverer'
2025-08-21 14:52:42 DEBUG o.s.b.f.s.DefaultListableBeanFactory - Autowiring by type from bean name 'healthEndpointWebMvcHandlerMapping' via factory method to bean named 'healthEndpointGroups'
2025-08-21 14:52:42 DEBUG o.s.b.f.s.DefaultListableBeanFactory - Creating shared instance of singleton bean 'configurationPropertiesReportEndpoint'
2025-08-21 14:52:42 DEBUG o.s.b.f.s.DefaultListableBeanFactory - Creating shared instance of singleton bean 'org.springframework.boot.actuate.autoconfigure.context.properties.ConfigurationPropertiesReportEndpointAutoConfiguration'
2025-08-21 14:52:42 DEBUG o.s.b.f.s.DefaultListableBeanFactory - Creating shared instance of singleton bean 'management.endpoint.configprops-org.springframework.boot.actuate.autoconfigure.context.properties.ConfigurationPropertiesReportEndpointProperties'
2025-08-21 14:52:42 DEBUG o.s.b.f.s.DefaultListableBeanFactory - Autowiring by type from bean name 'configurationPropertiesReportEndpoint' via factory method to bean named 'management.endpoint.configprops-org.springframework.boot.actuate.autoconfigure.context.properties.ConfigurationPropertiesReportEndpointProperties'
2025-08-21 14:52:42 DEBUG o.s.b.f.s.DefaultListableBeanFactory - Creating shared instance of singleton bean 'environmentEndpoint'
2025-08-21 14:52:42 DEBUG o.s.b.f.s.DefaultListableBeanFactory - Creating shared instance of singleton bean 'org.springframework.boot.actuate.autoconfigure.env.EnvironmentEndpointAutoConfiguration'
2025-08-21 14:52:42 DEBUG o.s.b.f.s.DefaultListableBeanFactory - Creating shared instance of singleton bean 'management.endpoint.env-org.springframework.boot.actuate.autoconfigure.env.EnvironmentEndpointProperties'
2025-08-21 14:52:42 DEBUG o.s.b.f.s.DefaultListableBeanFactory - Autowiring by type from bean name 'environmentEndpoint' via factory method to bean named 'environment'
2025-08-21 14:52:42 DEBUG o.s.b.f.s.DefaultListableBeanFactory - Autowiring by type from bean name 'environmentEndpoint' via factory method to bean named 'management.endpoint.env-org.springframework.boot.actuate.autoconfigure.env.EnvironmentEndpointProperties'
2025-08-21 14:52:42 DEBUG o.s.b.f.s.DefaultListableBeanFactory - Creating shared instance of singleton bean 'healthEndpointWebExtension'
2025-08-21 14:52:42 DEBUG o.s.b.f.s.DefaultListableBeanFactory - Creating shared instance of singleton bean 'org.springframework.boot.actuate.autoconfigure.health.HealthEndpointWebExtensionConfiguration'
2025-08-21 14:52:42 DEBUG o.s.b.f.s.DefaultListableBeanFactory - Autowiring by type from bean name 'healthEndpointWebExtension' via factory method to bean named 'healthContributorRegistry'
2025-08-21 14:52:42 DEBUG o.s.b.f.s.DefaultListableBeanFactory - Autowiring by type from bean name 'healthEndpointWebExtension' via factory method to bean named 'healthEndpointGroups'
2025-08-21 14:52:42 DEBUG o.s.b.f.s.DefaultListableBeanFactory - Autowiring by type from bean name 'healthEndpointWebExtension' via factory method to bean named 'management.endpoint.health-org.springframework.boot.actuate.autoconfigure.health.HealthEndpointProperties'
2025-08-21 14:52:42 DEBUG o.s.b.f.s.DefaultListableBeanFactory - Creating shared instance of singleton bean 'infoEndpoint'
2025-08-21 14:52:42 DEBUG o.s.b.f.s.DefaultListableBeanFactory - Creating shared instance of singleton bean 'org.springframework.boot.actuate.autoconfigure.info.InfoEndpointAutoConfiguration'
2025-08-21 14:52:42 DEBUG o.s.b.f.s.DefaultListableBeanFactory - Creating shared instance of singleton bean 'grpcInfoContributor'
2025-08-21 14:52:42 DEBUG o.s.b.f.s.DefaultListableBeanFactory - Autowiring by type from bean name 'grpcInfoContributor' via factory method to bean named 'defaultGrpcServerProperties'
2025-08-21 14:52:42 DEBUG o.s.b.f.s.DefaultListableBeanFactory - Autowiring by type from bean name 'grpcInfoContributor' via factory method to bean named 'solicitudResponse'
2025-08-21 14:52:42 DEBUG o.s.b.f.s.DefaultListableBeanFactory - Autowiring by type from bean name 'grpcInfoContributor' via factory method to bean named 'solicitudServiceImpl'
2025-08-21 14:52:42 DEBUG o.s.b.f.s.DefaultListableBeanFactory - Autowiring by type from bean name 'grpcInfoContributor' via factory method to bean named 'grpcHealthService'
2025-08-21 14:52:42 DEBUG o.s.b.f.s.DefaultListableBeanFactory - Autowiring by type from bean name 'grpcInfoContributor' via factory method to bean named 'protoReflectionService'
2025-08-21 14:52:42 DEBUG o.s.b.f.s.DefaultListableBeanFactory - Creating shared instance of singleton bean 'configurationPropertiesReportEndpointWebExtension'
2025-08-21 14:52:42 DEBUG o.s.b.f.s.DefaultListableBeanFactory - Autowiring by type from bean name 'configurationPropertiesReportEndpointWebExtension' via factory method to bean named 'configurationPropertiesReportEndpoint'
2025-08-21 14:52:42 DEBUG o.s.b.f.s.DefaultListableBeanFactory - Autowiring by type from bean name 'configurationPropertiesReportEndpointWebExtension' via factory method to bean named 'management.endpoint.configprops-org.springframework.boot.actuate.autoconfigure.context.properties.ConfigurationPropertiesReportEndpointProperties'
2025-08-21 14:52:42 DEBUG o.s.b.f.s.DefaultListableBeanFactory - Creating shared instance of singleton bean 'environmentEndpointWebExtension'
2025-08-21 14:52:42 DEBUG o.s.b.f.s.DefaultListableBeanFactory - Autowiring by type from bean name 'environmentEndpointWebExtension' via factory method to bean named 'environmentEndpoint'
2025-08-21 14:52:42 DEBUG o.s.b.f.s.DefaultListableBeanFactory - Autowiring by type from bean name 'environmentEndpointWebExtension' via factory method to bean named 'management.endpoint.env-org.springframework.boot.actuate.autoconfigure.env.EnvironmentEndpointProperties'
2025-08-21 14:52:42 DEBUG o.s.b.f.s.DefaultListableBeanFactory - Creating shared instance of singleton bean 'dumpEndpoint'
2025-08-21 14:52:42 DEBUG o.s.b.f.s.DefaultListableBeanFactory - Creating shared instance of singleton bean 'org.springframework.boot.actuate.autoconfigure.management.ThreadDumpEndpointAutoConfiguration'
2025-08-21 14:52:42 DEBUG o.s.b.f.s.DefaultListableBeanFactory - Creating shared instance of singleton bean 'metricsEndpoint'
2025-08-21 14:52:42 DEBUG o.s.b.f.s.DefaultListableBeanFactory - Creating shared instance of singleton bean 'org.springframework.boot.actuate.autoconfigure.metrics.MetricsEndpointAutoConfiguration'
2025-08-21 14:52:42 DEBUG o.s.b.f.s.DefaultListableBeanFactory - Autowiring by type from bean name 'metricsEndpoint' via factory method to bean named 'prometheusMeterRegistry'
2025-08-21 14:52:42 DEBUG o.s.b.f.s.DefaultListableBeanFactory - Creating shared instance of singleton bean 'org.springframework.boot.actuate.autoconfigure.health.HealthEndpointAutoConfiguration'
2025-08-21 14:52:42 DEBUG o.s.b.f.s.DefaultListableBeanFactory - Creating shared instance of singleton bean 'org.springframework.boot.autoconfigure.info.ProjectInfoAutoConfiguration'
2025-08-21 14:52:42 DEBUG o.s.b.f.s.DefaultListableBeanFactory - Creating shared instance of singleton bean 'spring.info-org.springframework.boot.autoconfigure.info.ProjectInfoProperties'
2025-08-21 14:52:42 DEBUG o.s.b.f.s.DefaultListableBeanFactory - Autowiring by type from bean name 'org.springframework.boot.autoconfigure.info.ProjectInfoAutoConfiguration' via constructor to bean named 'spring.info-org.springframework.boot.autoconfigure.info.ProjectInfoProperties'
2025-08-21 14:52:42 DEBUG o.s.b.f.s.DefaultListableBeanFactory - Creating shared instance of singleton bean 'org.springframework.boot.actuate.autoconfigure.info.InfoContributorAutoConfiguration'
2025-08-21 14:52:42 DEBUG o.s.b.f.s.DefaultListableBeanFactory - Creating shared instance of singleton bean 'management.info-org.springframework.boot.actuate.autoconfigure.info.InfoContributorProperties'
2025-08-21 14:52:42 DEBUG o.s.b.f.s.DefaultListableBeanFactory - Creating shared instance of singleton bean 'org.springframework.boot.actuate.autoconfigure.web.servlet.ServletManagementContextAutoConfiguration'
2025-08-21 14:52:42 DEBUG o.s.b.f.s.DefaultListableBeanFactory - Creating shared instance of singleton bean 'servletWebChildContextFactory'
2025-08-21 14:52:42 DEBUG o.s.b.f.s.DefaultListableBeanFactory - Creating shared instance of singleton bean 'managementServletContext'
2025-08-21 14:52:42 DEBUG o.s.b.f.s.DefaultListableBeanFactory - Autowiring by type from bean name 'managementServletContext' via factory method to bean named 'management.endpoints.web-org.springframework.boot.actuate.autoconfigure.endpoint.web.WebEndpointProperties'
2025-08-21 14:52:42 DEBUG o.s.b.f.s.DefaultListableBeanFactory - Creating shared instance of singleton bean 'controllerEndpointDiscoverer'
2025-08-21 14:52:42 DEBUG o.s.b.f.s.DefaultListableBeanFactory - Creating shared instance of singleton bean 'controllerExposeExcludePropertyEndpointFilter'
2025-08-21 14:52:42 DEBUG o.s.b.f.s.DefaultListableBeanFactory - Creating shared instance of singleton bean 'pathMappedEndpoints'
2025-08-21 14:52:42 DEBUG o.s.b.f.s.DefaultListableBeanFactory - Autowiring by type from bean name 'pathMappedEndpoints' via factory method to bean named 'servletEndpointDiscoverer'
2025-08-21 14:52:42 DEBUG o.s.b.f.s.DefaultListableBeanFactory - Autowiring by type from bean name 'pathMappedEndpoints' via factory method to bean named 'webEndpointDiscoverer'
2025-08-21 14:52:42 DEBUG o.s.b.f.s.DefaultListableBeanFactory - Autowiring by type from bean name 'pathMappedEndpoints' via factory method to bean named 'controllerEndpointDiscoverer'
2025-08-21 14:52:43 DEBUG o.s.b.f.s.DefaultListableBeanFactory - Creating shared instance of singleton bean 'org.springframework.boot.actuate.autoconfigure.logging.OpenTelemetryLoggingAutoConfiguration'
2025-08-21 14:52:43 DEBUG o.s.b.f.s.DefaultListableBeanFactory - Creating shared instance of singleton bean 'batchLogRecordProcessor'
2025-08-21 14:52:43 DEBUG o.s.b.f.s.DefaultListableBeanFactory - Creating shared instance of singleton bean 'otelSdkLoggerProvider'
2025-08-21 14:52:43 DEBUG o.s.b.f.s.DefaultListableBeanFactory - Autowiring by type from bean name 'otelSdkLoggerProvider' via factory method to bean named 'openTelemetryResource'
2025-08-21 14:52:43 DEBUG o.s.b.f.s.DefaultListableBeanFactory - Creating shared instance of singleton bean 'org.springframework.boot.actuate.autoconfigure.logging.otlp.OtlpLoggingConfigurations$ConnectionDetails'
2025-08-21 14:52:43 DEBUG o.s.b.f.s.DefaultListableBeanFactory - Creating shared instance of singleton bean 'org.springframework.boot.actuate.autoconfigure.logging.otlp.OtlpLoggingAutoConfiguration'
2025-08-21 14:52:43 DEBUG o.s.b.f.s.DefaultListableBeanFactory - Creating shared instance of singleton bean 'management.otlp.logging-org.springframework.boot.actuate.autoconfigure.logging.otlp.OtlpLoggingProperties'
2025-08-21 14:52:43 DEBUG o.s.b.f.s.DefaultListableBeanFactory - Creating shared instance of singleton bean 'org.springframework.boot.actuate.autoconfigure.metrics.JvmMetricsAutoConfiguration'
2025-08-21 14:52:43 DEBUG o.s.b.f.s.DefaultListableBeanFactory - Creating shared instance of singleton bean 'jvmGcMetrics'
2025-08-21 14:52:43 DEBUG o.s.b.f.s.DefaultListableBeanFactory - Creating shared instance of singleton bean 'jvmHeapPressureMetrics'
2025-08-21 14:52:43 DEBUG o.s.b.f.s.DefaultListableBeanFactory - Creating shared instance of singleton bean 'jvmMemoryMetrics'
2025-08-21 14:52:43 DEBUG o.s.b.f.s.DefaultListableBeanFactory - Creating shared instance of singleton bean 'jvmThreadMetrics'
2025-08-21 14:52:43 DEBUG o.s.b.f.s.DefaultListableBeanFactory - Creating shared instance of singleton bean 'classLoaderMetrics'
2025-08-21 14:52:43 DEBUG o.s.b.f.s.DefaultListableBeanFactory - Creating shared instance of singleton bean 'jvmInfoMetrics'
2025-08-21 14:52:43 DEBUG o.s.b.f.s.DefaultListableBeanFactory - Creating shared instance of singleton bean 'jvmCompilationMetrics'
2025-08-21 14:52:43 DEBUG o.s.b.f.s.DefaultListableBeanFactory - Creating shared instance of singleton bean 'org.springframework.boot.actuate.autoconfigure.metrics.LogbackMetricsAutoConfiguration'
2025-08-21 14:52:43 DEBUG o.s.b.f.s.DefaultListableBeanFactory - Creating shared instance of singleton bean 'logbackMetrics'
2025-08-21 14:52:43 DEBUG o.s.b.f.s.DefaultListableBeanFactory - Creating shared instance of singleton bean 'org.springframework.boot.actuate.autoconfigure.metrics.SystemMetricsAutoConfiguration'
2025-08-21 14:52:43 DEBUG o.s.b.f.s.DefaultListableBeanFactory - Creating shared instance of singleton bean 'uptimeMetrics'
2025-08-21 14:52:43 DEBUG o.s.b.f.s.DefaultListableBeanFactory - Creating shared instance of singleton bean 'processorMetrics'
2025-08-21 14:52:43 DEBUG o.s.b.f.s.DefaultListableBeanFactory - Creating shared instance of singleton bean 'fileDescriptorMetrics'
2025-08-21 14:52:43 DEBUG o.s.b.f.s.DefaultListableBeanFactory - Creating shared instance of singleton bean 'diskSpaceMetrics'
2025-08-21 14:52:43 DEBUG o.s.b.f.s.DefaultListableBeanFactory - Autowiring by type from bean name 'diskSpaceMetrics' via factory method to bean named 'management.metrics-org.springframework.boot.actuate.autoconfigure.metrics.MetricsProperties'
2025-08-21 14:52:43 DEBUG o.s.b.f.s.DefaultListableBeanFactory - Creating shared instance of singleton bean 'org.springframework.boot.actuate.autoconfigure.metrics.integration.IntegrationMetricsAutoConfiguration'
2025-08-21 14:52:43 DEBUG o.s.b.f.s.DefaultListableBeanFactory - Creating shared instance of singleton bean 'org.springframework.boot.actuate.autoconfigure.metrics.jdbc.DataSourcePoolMetricsAutoConfiguration$HikariDataSourceMetricsConfiguration'
2025-08-21 14:52:43 DEBUG o.s.b.f.s.DefaultListableBeanFactory - Creating shared instance of singleton bean 'hikariDataSourceMeterBinder'
2025-08-21 14:52:43 DEBUG o.s.b.f.s.DefaultListableBeanFactory - Creating shared instance of singleton bean 'org.springframework.boot.actuate.autoconfigure.metrics.jdbc.DataSourcePoolMetricsAutoConfiguration$DataSourcePoolMetadataMetricsConfiguration'
2025-08-21 14:52:43 DEBUG o.s.b.f.s.DefaultListableBeanFactory - Creating shared instance of singleton bean 'dataSourcePoolMetadataMeterBinder'
2025-08-21 14:52:43 DEBUG o.s.b.f.s.DefaultListableBeanFactory - Autowiring by type from bean name 'dataSourcePoolMetadataMeterBinder' via factory method to bean named 'org.springframework.beans.factory.support.DefaultListableBeanFactory@66b72664'
2025-08-21 14:52:43 DEBUG o.s.b.f.s.DefaultListableBeanFactory - Creating shared instance of singleton bean 'org.springframework.boot.actuate.autoconfigure.metrics.jdbc.DataSourcePoolMetricsAutoConfiguration'
2025-08-21 14:52:43 DEBUG o.s.b.f.s.DefaultListableBeanFactory - Creating shared instance of singleton bean 'org.springframework.boot.actuate.autoconfigure.metrics.startup.StartupTimeMetricsListenerAutoConfiguration'
2025-08-21 14:52:43 DEBUG o.s.b.f.s.DefaultListableBeanFactory - Creating shared instance of singleton bean 'startupTimeMetrics'
2025-08-21 14:52:43 DEBUG o.s.b.f.s.DefaultListableBeanFactory - Autowiring by type from bean name 'startupTimeMetrics' via factory method to bean named 'prometheusMeterRegistry'
2025-08-21 14:52:43 DEBUG o.s.b.f.s.DefaultListableBeanFactory - Creating shared instance of singleton bean 'org.springframework.boot.autoconfigure.task.TaskSchedulingConfigurations$ThreadPoolTaskSchedulerBuilderConfiguration'
2025-08-21 14:52:43 DEBUG o.s.b.f.s.DefaultListableBeanFactory - Creating shared instance of singleton bean 'threadPoolTaskSchedulerBuilder'
2025-08-21 14:52:43 DEBUG o.s.b.f.s.DefaultListableBeanFactory - Creating shared instance of singleton bean 'spring.task.scheduling-org.springframework.boot.autoconfigure.task.TaskSchedulingProperties'
2025-08-21 14:52:43 DEBUG o.s.b.f.s.DefaultListableBeanFactory - Autowiring by type from bean name 'threadPoolTaskSchedulerBuilder' via factory method to bean named 'spring.task.scheduling-org.springframework.boot.autoconfigure.task.TaskSchedulingProperties'
2025-08-21 14:52:43 DEBUG o.s.b.f.s.DefaultListableBeanFactory - Creating shared instance of singleton bean 'org.springframework.boot.autoconfigure.task.TaskSchedulingConfigurations$SimpleAsyncTaskSchedulerBuilderConfiguration'
2025-08-21 14:52:43 DEBUG o.s.b.f.s.DefaultListableBeanFactory - Autowiring by type from bean name 'org.springframework.boot.autoconfigure.task.TaskSchedulingConfigurations$SimpleAsyncTaskSchedulerBuilderConfiguration' via constructor to bean named 'spring.task.scheduling-org.springframework.boot.autoconfigure.task.TaskSchedulingProperties'
2025-08-21 14:52:43 DEBUG o.s.b.f.s.DefaultListableBeanFactory - Creating shared instance of singleton bean 'simpleAsyncTaskSchedulerBuilder'
2025-08-21 14:52:43 DEBUG o.s.b.f.s.DefaultListableBeanFactory - Creating shared instance of singleton bean 'org.springframework.boot.autoconfigure.task.TaskSchedulingConfigurations$TaskSchedulerConfiguration'
2025-08-21 14:52:43 DEBUG o.s.b.f.s.DefaultListableBeanFactory - Creating shared instance of singleton bean 'taskScheduler'
2025-08-21 14:52:43 DEBUG o.s.b.f.s.DefaultListableBeanFactory - Autowiring by type from bean name 'taskScheduler' via factory method to bean named 'threadPoolTaskSchedulerBuilder'
2025-08-21 14:52:43 DEBUG o.s.b.f.s.DefaultListableBeanFactory - Creating shared instance of singleton bean 'org.springframework.boot.autoconfigure.task.TaskSchedulingAutoConfiguration'
2025-08-21 14:52:43 DEBUG o.s.b.f.s.DefaultListableBeanFactory - Creating shared instance of singleton bean 'scheduledBeanLazyInitializationExcludeFilter'
2025-08-21 14:52:43 DEBUG o.s.b.f.s.DefaultListableBeanFactory - Creating shared instance of singleton bean 'org.springframework.boot.actuate.autoconfigure.metrics.task.TaskExecutorMetricsAutoConfiguration'
2025-08-21 14:52:43 DEBUG o.s.b.f.s.DefaultListableBeanFactory - Creating shared instance of singleton bean 'eagerTaskExecutorMetrics'
2025-08-21 14:52:43 DEBUG o.s.b.f.s.DefaultListableBeanFactory - Creating shared instance of singleton bean 'org.springframework.boot.actuate.autoconfigure.metrics.web.tomcat.TomcatMetricsAutoConfiguration'
2025-08-21 14:52:43 DEBUG o.s.b.f.s.DefaultListableBeanFactory - Creating shared instance of singleton bean 'tomcatMetricsBinder'
2025-08-21 14:52:43 DEBUG o.s.b.f.s.DefaultListableBeanFactory - Autowiring by type from bean name 'tomcatMetricsBinder' via factory method to bean named 'prometheusMeterRegistry'
2025-08-21 14:52:43 DEBUG o.s.b.f.s.DefaultListableBeanFactory - Creating shared instance of singleton bean 'org.springframework.boot.autoconfigure.gson.GsonAutoConfiguration'
2025-08-21 14:52:43 DEBUG o.s.b.f.s.DefaultListableBeanFactory - Creating shared instance of singleton bean 'gsonBuilder'
2025-08-21 14:52:43 DEBUG o.s.b.f.s.DefaultListableBeanFactory - Creating shared instance of singleton bean 'standardGsonBuilderCustomizer'
2025-08-21 14:52:43 DEBUG o.s.b.f.s.DefaultListableBeanFactory - Creating shared instance of singleton bean 'spring.gson-org.springframework.boot.autoconfigure.gson.GsonProperties'
2025-08-21 14:52:43 DEBUG o.s.b.f.s.DefaultListableBeanFactory - Autowiring by type from bean name 'standardGsonBuilderCustomizer' via factory method to bean named 'spring.gson-org.springframework.boot.autoconfigure.gson.GsonProperties'
2025-08-21 14:52:43 DEBUG o.s.b.f.s.DefaultListableBeanFactory - Autowiring by type from bean name 'gsonBuilder' via factory method to bean named 'standardGsonBuilderCustomizer'
2025-08-21 14:52:43 DEBUG o.s.b.f.s.DefaultListableBeanFactory - Creating shared instance of singleton bean 'gson'
2025-08-21 14:52:43 DEBUG o.s.b.f.s.DefaultListableBeanFactory - Autowiring by type from bean name 'gson' via factory method to bean named 'gsonBuilder'
2025-08-21 14:52:43 DEBUG o.s.b.f.s.DefaultListableBeanFactory - Creating shared instance of singleton bean 'org.springframework.boot.autoconfigure.http.JacksonHttpMessageConvertersConfiguration'
2025-08-21 14:52:43 DEBUG o.s.b.f.s.DefaultListableBeanFactory - Creating shared instance of singleton bean 'org.springframework.boot.autoconfigure.http.GsonHttpMessageConvertersConfiguration'
2025-08-21 14:52:43 DEBUG o.s.b.f.s.DefaultListableBeanFactory - Creating shared instance of singleton bean 'org.springframework.boot.autoconfigure.http.client.HttpClientAutoConfiguration'
2025-08-21 14:52:43 DEBUG o.s.b.f.s.DefaultListableBeanFactory - Creating shared instance of singleton bean 'spring.http.client-org.springframework.boot.autoconfigure.http.client.HttpClientProperties'
2025-08-21 14:52:43 DEBUG o.s.b.f.s.DefaultListableBeanFactory - Autowiring by type from bean name 'org.springframework.boot.autoconfigure.http.client.HttpClientAutoConfiguration' via constructor to bean named 'spring.http.client-org.springframework.boot.autoconfigure.http.client.HttpClientProperties'
2025-08-21 14:52:43 DEBUG o.s.b.f.s.DefaultListableBeanFactory - Creating shared instance of singleton bean 'clientHttpRequestFactoryBuilder'
2025-08-21 14:52:43 DEBUG o.s.b.f.s.DefaultListableBeanFactory - Creating shared instance of singleton bean 'clientHttpRequestFactorySettings'
2025-08-21 14:52:43 DEBUG o.s.b.f.s.DefaultListableBeanFactory - Creating shared instance of singleton bean 'org.springframework.boot.autoconfigure.web.client.RestClientAutoConfiguration'
2025-08-21 14:52:43 DEBUG o.s.b.f.s.DefaultListableBeanFactory - Creating shared instance of singleton bean 'httpMessageConvertersRestClientCustomizer'
2025-08-21 14:52:43 DEBUG o.s.b.f.s.DefaultListableBeanFactory - Creating shared instance of singleton bean 'restClientSsl'
2025-08-21 14:52:43 DEBUG o.s.b.f.s.DefaultListableBeanFactory - Autowiring by type from bean name 'restClientSsl' via factory method to bean named 'sslBundleRegistry'
2025-08-21 14:52:43 DEBUG o.s.b.f.s.DefaultListableBeanFactory - Creating shared instance of singleton bean 'restClientBuilderConfigurer'
2025-08-21 14:52:43 DEBUG o.s.b.f.s.DefaultListableBeanFactory - Creating shared instance of singleton bean 'observationRestClientCustomizer'
2025-08-21 14:52:43 DEBUG o.s.b.f.s.DefaultListableBeanFactory - Creating shared instance of singleton bean 'org.springframework.boot.actuate.autoconfigure.observation.web.client.RestClientObservationConfiguration'
2025-08-21 14:52:43 DEBUG o.s.b.f.s.DefaultListableBeanFactory - Autowiring by type from bean name 'observationRestClientCustomizer' via factory method to bean named 'observationRegistry'
2025-08-21 14:52:43 DEBUG o.s.b.f.s.DefaultListableBeanFactory - Autowiring by type from bean name 'observationRestClientCustomizer' via factory method to bean named 'management.observations-org.springframework.boot.actuate.autoconfigure.observation.ObservationProperties'
2025-08-21 14:52:43 DEBUG o.s.b.f.s.DefaultListableBeanFactory - Creating shared instance of singleton bean 'org.springframework.boot.autoconfigure.web.client.RestTemplateAutoConfiguration'
2025-08-21 14:52:43 DEBUG o.s.b.f.s.DefaultListableBeanFactory - Creating shared instance of singleton bean 'org.springframework.boot.actuate.autoconfigure.observation.web.client.RestTemplateObservationConfiguration'
2025-08-21 14:52:43 DEBUG o.s.b.f.s.DefaultListableBeanFactory - Creating shared instance of singleton bean 'observationRestTemplateCustomizer'
2025-08-21 14:52:43 DEBUG o.s.b.f.s.DefaultListableBeanFactory - Autowiring by type from bean name 'observationRestTemplateCustomizer' via factory method to bean named 'observationRegistry'
2025-08-21 14:52:43 DEBUG o.s.b.f.s.DefaultListableBeanFactory - Autowiring by type from bean name 'observationRestTemplateCustomizer' via factory method to bean named 'management.observations-org.springframework.boot.actuate.autoconfigure.observation.ObservationProperties'
2025-08-21 14:52:43 DEBUG o.s.b.f.s.DefaultListableBeanFactory - Creating shared instance of singleton bean 'org.springframework.boot.actuate.autoconfigure.observation.web.client.HttpClientObservationsAutoConfiguration'
2025-08-21 14:52:43 DEBUG o.s.b.f.s.DefaultListableBeanFactory - Creating shared instance of singleton bean 'org.springframework.boot.actuate.autoconfigure.scheduling.ScheduledTasksObservabilityAutoConfiguration'
2025-08-21 14:52:43 DEBUG o.s.b.f.s.DefaultListableBeanFactory - Creating shared instance of singleton bean 'observabilitySchedulingConfigurer'
2025-08-21 14:52:43 DEBUG o.s.b.f.s.DefaultListableBeanFactory - Autowiring by type from bean name 'observabilitySchedulingConfigurer' via factory method to bean named 'observationRegistry'
2025-08-21 14:52:43 DEBUG o.s.b.f.s.DefaultListableBeanFactory - Creating shared instance of singleton bean 'org.springframework.boot.actuate.autoconfigure.ssl.SslObservabilityAutoConfiguration'
2025-08-21 14:52:43 DEBUG o.s.b.f.s.DefaultListableBeanFactory - Creating shared instance of singleton bean 'sslMeterBinder'
2025-08-21 14:52:43 DEBUG o.s.b.f.s.DefaultListableBeanFactory - Autowiring by type from bean name 'sslMeterBinder' via factory method to bean named 'sslInfo'
2025-08-21 14:52:43 DEBUG o.s.b.f.s.DefaultListableBeanFactory - Autowiring by type from bean name 'sslMeterBinder' via factory method to bean named 'sslBundleRegistry'
2025-08-21 14:52:43 DEBUG o.s.b.f.s.DefaultListableBeanFactory - Creating shared instance of singleton bean 'org.springframework.boot.actuate.autoconfigure.tracing.otlp.OtlpTracingAutoConfiguration'
2025-08-21 14:52:43 DEBUG o.s.b.f.s.DefaultListableBeanFactory - Creating shared instance of singleton bean 'org.springframework.boot.autoconfigure.aop.AopAutoConfiguration$AspectJAutoProxyingConfiguration$CglibAutoProxyConfiguration'
2025-08-21 14:52:43 DEBUG o.s.b.f.s.DefaultListableBeanFactory - Creating shared instance of singleton bean 'org.springframework.boot.autoconfigure.aop.AopAutoConfiguration$AspectJAutoProxyingConfiguration'
2025-08-21 14:52:43 DEBUG o.s.b.f.s.DefaultListableBeanFactory - Creating shared instance of singleton bean 'org.springframework.boot.autoconfigure.aop.AopAutoConfiguration'
2025-08-21 14:52:43 DEBUG o.s.b.f.s.DefaultListableBeanFactory - Creating shared instance of singleton bean 'org.springframework.boot.autoconfigure.context.ConfigurationPropertiesAutoConfiguration'
2025-08-21 14:52:43 DEBUG o.s.b.f.s.DefaultListableBeanFactory - Creating shared instance of singleton bean 'org.springframework.boot.autoconfigure.context.LifecycleAutoConfiguration'
2025-08-21 14:52:43 DEBUG o.s.b.f.s.DefaultListableBeanFactory - Creating shared instance of singleton bean 'lifecycleProcessor'
2025-08-21 14:52:43 DEBUG o.s.b.f.s.DefaultListableBeanFactory - Creating shared instance of singleton bean 'spring.lifecycle-org.springframework.boot.autoconfigure.context.LifecycleProperties'
2025-08-21 14:52:43 DEBUG o.s.b.f.s.DefaultListableBeanFactory - Autowiring by type from bean name 'lifecycleProcessor' via factory method to bean named 'spring.lifecycle-org.springframework.boot.autoconfigure.context.LifecycleProperties'
2025-08-21 14:52:43 DEBUG o.s.b.f.s.DefaultListableBeanFactory - Creating shared instance of singleton bean 'org.springframework.boot.autoconfigure.dao.PersistenceExceptionTranslationAutoConfiguration'
2025-08-21 14:52:43 DEBUG o.s.b.f.s.DefaultListableBeanFactory - Creating shared instance of singleton bean 'org.springframework.boot.autoconfigure.data.jpa.JpaRepositoriesAutoConfiguration'
2025-08-21 14:52:43 DEBUG o.s.b.f.s.DefaultListableBeanFactory - Creating shared instance of singleton bean 'org.springframework.data.jpa.util.JpaMetamodelCacheCleanup'
2025-08-21 14:52:43 DEBUG o.s.b.f.s.DefaultListableBeanFactory - Creating shared instance of singleton bean 'org.springframework.data.jpa.repository.support.JpaEvaluationContextExtension'
2025-08-21 14:52:43 DEBUG o.s.b.f.s.DefaultListableBeanFactory - Creating shared instance of singleton bean 'data-jpa.repository-aot-processor#0'
2025-08-21 14:52:43 DEBUG o.s.b.f.s.DefaultListableBeanFactory - Creating shared instance of singleton bean 'org.springframework.data.web.config.ProjectingArgumentResolverRegistrar'
2025-08-21 14:52:43 DEBUG o.s.b.f.s.DefaultListableBeanFactory - Creating shared instance of singleton bean 'offsetResolver'
2025-08-21 14:52:43 DEBUG o.s.b.f.s.DefaultListableBeanFactory - Creating shared instance of singleton bean 'org.springframework.boot.autoconfigure.jdbc.JdbcTemplateConfiguration'
2025-08-21 14:52:43 DEBUG o.s.b.f.s.DefaultListableBeanFactory - Creating shared instance of singleton bean 'jdbcTemplate'
2025-08-21 14:52:43 DEBUG o.s.b.f.s.DefaultListableBeanFactory - Creating shared instance of singleton bean 'spring.jdbc-org.springframework.boot.autoconfigure.jdbc.JdbcProperties'
2025-08-21 14:52:43 DEBUG o.s.b.f.s.DefaultListableBeanFactory - Autowiring by type from bean name 'jdbcTemplate' via factory method to bean named 'dataSource'
2025-08-21 14:52:43 DEBUG o.s.b.f.s.DefaultListableBeanFactory - Autowiring by type from bean name 'jdbcTemplate' via factory method to bean named 'spring.jdbc-org.springframework.boot.autoconfigure.jdbc.JdbcProperties'
2025-08-21 14:52:43 DEBUG o.s.b.f.s.DefaultListableBeanFactory - Creating shared instance of singleton bean 'org.springframework.boot.autoconfigure.jdbc.NamedParameterJdbcTemplateConfiguration'
2025-08-21 14:52:43 DEBUG o.s.b.f.s.DefaultListableBeanFactory - Creating shared instance of singleton bean 'namedParameterJdbcTemplate'
2025-08-21 14:52:43 DEBUG o.s.b.f.s.DefaultListableBeanFactory - Autowiring by type from bean name 'namedParameterJdbcTemplate' via factory method to bean named 'jdbcTemplate'
2025-08-21 14:52:43 DEBUG o.s.b.f.s.DefaultListableBeanFactory - Creating shared instance of singleton bean 'org.springframework.boot.autoconfigure.jdbc.JdbcTemplateAutoConfiguration'
2025-08-21 14:52:43 DEBUG o.s.b.f.s.DefaultListableBeanFactory - Creating shared instance of singleton bean 'org.springframework.boot.autoconfigure.jdbc.JdbcClientAutoConfiguration'
2025-08-21 14:52:43 DEBUG o.s.b.f.s.DefaultListableBeanFactory - Creating shared instance of singleton bean 'jdbcClient'
2025-08-21 14:52:43 DEBUG o.s.b.f.s.DefaultListableBeanFactory - Autowiring by type from bean name 'jdbcClient' via factory method to bean named 'namedParameterJdbcTemplate'
2025-08-21 14:52:43 DEBUG o.s.b.f.s.DefaultListableBeanFactory - Creating shared instance of singleton bean 'org.springframework.boot.autoconfigure.sql.init.SqlInitializationAutoConfiguration'
2025-08-21 14:52:43 DEBUG o.s.b.f.s.DefaultListableBeanFactory - Creating shared instance of singleton bean 'org.springframework.boot.autoconfigure.jdbc.DataSourceTransactionManagerAutoConfiguration$JdbcTransactionManagerConfiguration'
2025-08-21 14:52:43 DEBUG o.s.b.f.s.DefaultListableBeanFactory - Creating shared instance of singleton bean 'org.springframework.boot.autoconfigure.jdbc.DataSourceTransactionManagerAutoConfiguration'
2025-08-21 14:52:43 DEBUG o.s.b.f.s.DefaultListableBeanFactory - Creating shared instance of singleton bean 'org.springframework.boot.autoconfigure.transaction.TransactionAutoConfiguration$TransactionTemplateConfiguration'
2025-08-21 14:52:43 DEBUG o.s.b.f.s.DefaultListableBeanFactory - Creating shared instance of singleton bean 'transactionTemplate'
2025-08-21 14:52:43 DEBUG o.s.b.f.s.DefaultListableBeanFactory - Autowiring by type from bean name 'transactionTemplate' via factory method to bean named 'transactionManager'
2025-08-21 14:52:43 DEBUG o.s.b.f.s.DefaultListableBeanFactory - Creating shared instance of singleton bean 'org.springframework.boot.autoconfigure.transaction.TransactionAutoConfiguration'
2025-08-21 14:52:43 DEBUG o.s.b.f.s.DefaultListableBeanFactory - Creating shared instance of singleton bean 'org.springframework.boot.autoconfigure.web.embedded.EmbeddedWebServerFactoryCustomizerAutoConfiguration'
2025-08-21 14:52:43 DEBUG o.s.b.f.s.DefaultListableBeanFactory - Creating shared instance of singleton bean 'multipartResolver'
2025-08-21 14:52:44 DEBUG o.s.b.f.s.DefaultListableBeanFactory - Creating shared instance of singleton bean 'org.springframework.boot.actuate.autoconfigure.endpoint.web.servlet.WebMvcEndpointManagementContextConfiguration'
2025-08-21 14:52:44 DEBUG o.s.b.f.s.DefaultListableBeanFactory - Creating shared instance of singleton bean 'webEndpointServletHandlerMapping'
2025-08-21 14:52:44 DEBUG o.s.b.f.s.DefaultListableBeanFactory - Creating shared instance of singleton bean 'management.endpoints.web.cors-org.springframework.boot.actuate.autoconfigure.endpoint.web.CorsEndpointProperties'
2025-08-21 14:52:44 DEBUG o.s.b.f.s.DefaultListableBeanFactory - Autowiring by type from bean name 'webEndpointServletHandlerMapping' via factory method to bean named 'webEndpointDiscoverer'
2025-08-21 14:52:44 DEBUG o.s.b.f.s.DefaultListableBeanFactory - Autowiring by type from bean name 'webEndpointServletHandlerMapping' via factory method to bean named 'servletEndpointDiscoverer'
2025-08-21 14:52:44 DEBUG o.s.b.f.s.DefaultListableBeanFactory - Autowiring by type from bean name 'webEndpointServletHandlerMapping' via factory method to bean named 'controllerEndpointDiscoverer'
2025-08-21 14:52:44 DEBUG o.s.b.f.s.DefaultListableBeanFactory - Autowiring by type from bean name 'webEndpointServletHandlerMapping' via factory method to bean named 'endpointMediaTypes'
2025-08-21 14:52:44 DEBUG o.s.b.f.s.DefaultListableBeanFactory - Autowiring by type from bean name 'webEndpointServletHandlerMapping' via factory method to bean named 'management.endpoints.web.cors-org.springframework.boot.actuate.autoconfigure.endpoint.web.CorsEndpointProperties'
2025-08-21 14:52:44 DEBUG o.s.b.f.s.DefaultListableBeanFactory - Autowiring by type from bean name 'webEndpointServletHandlerMapping' via factory method to bean named 'management.endpoints.web-org.springframework.boot.actuate.autoconfigure.endpoint.web.WebEndpointProperties'
2025-08-21 14:52:44 DEBUG o.s.b.f.s.DefaultListableBeanFactory - Autowiring by type from bean name 'webEndpointServletHandlerMapping' via factory method to bean named 'environment'
2025-08-21 14:52:44 INFO  o.s.b.a.e.web.EndpointLinksResolver - Exposing 7 endpoints beneath base path '/actuator'
2025-08-21 14:52:44 DEBUG o.s.b.f.s.DefaultListableBeanFactory - Creating shared instance of singleton bean 'controllerEndpointHandlerMapping'
2025-08-21 14:52:44 DEBUG o.s.b.f.s.DefaultListableBeanFactory - Autowiring by type from bean name 'controllerEndpointHandlerMapping' via factory method to bean named 'controllerEndpointDiscoverer'
2025-08-21 14:52:44 DEBUG o.s.b.f.s.DefaultListableBeanFactory - Autowiring by type from bean name 'controllerEndpointHandlerMapping' via factory method to bean named 'management.endpoints.web.cors-org.springframework.boot.actuate.autoconfigure.endpoint.web.CorsEndpointProperties'
2025-08-21 14:52:44 DEBUG o.s.b.f.s.DefaultListableBeanFactory - Autowiring by type from bean name 'controllerEndpointHandlerMapping' via factory method to bean named 'management.endpoints.web-org.springframework.boot.actuate.autoconfigure.endpoint.web.WebEndpointProperties'
2025-08-21 14:52:44 DEBUG o.s.b.f.s.DefaultListableBeanFactory - Autowiring by type from bean name 'controllerEndpointHandlerMapping' via factory method to bean named 'propertiesEndpointAccessResolver'
2025-08-21 14:52:44 DEBUG o.s.b.f.s.DefaultListableBeanFactory - Creating shared instance of singleton bean 'org.springframework.boot.actuate.autoconfigure.web.server.ManagementContextAutoConfiguration$SameManagementContextConfiguration$EnableSameManagementContextConfiguration'
2025-08-21 14:52:44 DEBUG o.s.b.f.s.DefaultListableBeanFactory - Creating shared instance of singleton bean 'org.springframework.boot.actuate.autoconfigure.web.server.ManagementContextAutoConfiguration$SameManagementContextConfiguration'
2025-08-21 14:52:44 DEBUG o.s.b.f.s.DefaultListableBeanFactory - Autowiring by type from bean name 'org.springframework.boot.actuate.autoconfigure.web.server.ManagementContextAutoConfiguration$SameManagementContextConfiguration' via constructor to bean named 'environment'
2025-08-21 14:52:44 DEBUG o.s.b.f.s.DefaultListableBeanFactory - Creating shared instance of singleton bean 'org.springframework.boot.actuate.autoconfigure.web.server.ManagementContextAutoConfiguration'
2025-08-21 14:52:44 DEBUG o.s.b.f.s.DefaultListableBeanFactory - Creating shared instance of singleton bean 'management.server-org.springframework.boot.actuate.autoconfigure.web.server.ManagementServerProperties'
2025-08-21 14:52:44 DEBUG o.s.c.s.DefaultLifecycleProcessor - Starting beans in phase -2147483647
2025-08-21 14:52:44 DEBUG o.s.c.s.DefaultLifecycleProcessor - Successfully started bean 'springBootLoggingLifecycle'
2025-08-21 14:52:44 DEBUG o.s.c.s.DefaultLifecycleProcessor - Starting beans in phase 1073741823
2025-08-21 14:52:44 DEBUG o.s.c.s.DefaultLifecycleProcessor - Starting beans in phase 2147481599
2025-08-21 14:52:44 INFO  o.a.coyote.http11.Http11NioProtocol - Starting ProtocolHandler ["http-nio-8084"]
2025-08-21 14:52:44 INFO  o.s.b.w.e.tomcat.TomcatWebServer - Tomcat started on port 8084 (http) with context path '/'
2025-08-21 14:52:44 DEBUG o.s.c.s.DefaultLifecycleProcessor - Successfully started bean 'webServerStartStop'
2025-08-21 14:52:44 DEBUG o.s.c.s.DefaultLifecycleProcessor - Starting beans in phase 2147482623
2025-08-21 14:52:44 DEBUG o.s.c.s.DefaultLifecycleProcessor - Successfully started bean 'webServerGracefulShutdown'
2025-08-21 14:52:44 DEBUG o.s.c.s.DefaultLifecycleProcessor - Starting beans in phase 2147483647
2025-08-21 14:52:44 DEBUG i.g.n.s.i.n.u.i.l.InternalLoggerFactory - Using SLF4J as the default logging framework
2025-08-21 14:52:44 DEBUG i.g.n.s.i.n.u.i.PlatformDependent0 - -Dio.netty.noUnsafe: false
2025-08-21 14:52:44 DEBUG i.g.n.s.i.n.u.i.PlatformDependent0 - Java version: 21
2025-08-21 14:52:44 DEBUG i.g.n.s.i.n.u.i.PlatformDependent0 - sun.misc.Unsafe.theUnsafe: available
2025-08-21 14:52:44 DEBUG i.g.n.s.i.n.u.i.PlatformDependent0 - sun.misc.Unsafe.copyMemory: available
2025-08-21 14:52:44 DEBUG i.g.n.s.i.n.u.i.PlatformDependent0 - sun.misc.Unsafe.storeFence: available
2025-08-21 14:52:44 DEBUG i.g.n.s.i.n.u.i.PlatformDependent0 - java.nio.Buffer.address: available
2025-08-21 14:52:44 DEBUG i.g.n.s.i.n.u.i.PlatformDependent0 - direct buffer constructor: unavailable: Reflective setAccessible(true) disabled
2025-08-21 14:52:44 DEBUG i.g.n.s.i.n.u.i.PlatformDependent0 - java.nio.Bits.unaligned: available, true
2025-08-21 14:52:44 DEBUG i.g.n.s.i.n.u.i.PlatformDependent0 - jdk.internal.misc.Unsafe.allocateUninitializedArray(int): unavailable: class io.grpc.netty.shaded.io.netty.util.internal.PlatformDependent0$7 cannot access class jdk.internal.misc.Unsafe (in module java.base) because module java.base does not export jdk.internal.misc to unnamed module @58134517
2025-08-21 14:52:44 DEBUG i.g.n.s.i.n.u.i.PlatformDependent0 - java.nio.DirectByteBuffer.<init>(long, {int,long}): unavailable
2025-08-21 14:52:44 DEBUG i.g.n.s.i.n.u.i.PlatformDependent - sun.misc.Unsafe: available
2025-08-21 14:52:44 DEBUG i.g.n.s.i.n.u.i.PlatformDependent - maxDirectMemory: 8556380160 bytes (maybe)
2025-08-21 14:52:44 DEBUG i.g.n.s.i.n.u.i.PlatformDependent - -Dio.netty.tmpdir: C:\Users\aldo_\AppData\Local\Temp (java.io.tmpdir)
2025-08-21 14:52:44 DEBUG i.g.n.s.i.n.u.i.PlatformDependent - -Dio.netty.bitMode: 64 (sun.arch.data.model)
2025-08-21 14:52:44 DEBUG i.g.n.s.i.n.u.i.PlatformDependent - Platform: Windows
2025-08-21 14:52:44 DEBUG i.g.n.s.i.n.u.i.PlatformDependent - -Dio.netty.maxDirectMemory: -1 bytes
2025-08-21 14:52:44 DEBUG i.g.n.s.i.n.u.i.PlatformDependent - -Dio.netty.uninitializedArrayAllocationThreshold: -1
2025-08-21 14:52:44 DEBUG i.g.n.s.i.n.u.internal.CleanerJava9 - java.nio.ByteBuffer.cleaner(): available
2025-08-21 14:52:44 DEBUG i.g.n.s.i.n.u.i.PlatformDependent - -Dio.netty.noPreferDirect: false
2025-08-21 14:52:45 DEBUG i.g.netty.shaded.io.grpc.netty.Utils - Epoll is not available, using Nio.
java.lang.ExceptionInInitializerError: null
	at io.grpc.netty.shaded.io.netty.channel.epoll.Epoll.<clinit>(Epoll.java:40)
	at java.base/java.lang.Class.forName0(Native Method)
	at java.base/java.lang.Class.forName(Class.java:421)
	at java.base/java.lang.Class.forName(Class.java:412)
	at io.grpc.netty.shaded.io.grpc.netty.Utils.isEpollAvailable(Utils.java:299)
	at io.grpc.netty.shaded.io.grpc.netty.Utils.<clinit>(Utils.java:115)
	at io.grpc.netty.shaded.io.grpc.netty.NettyServerBuilder.<clinit>(NettyServerBuilder.java:84)
	at net.devh.boot.grpc.server.serverfactory.ShadedNettyGrpcServerFactory.newServerBuilder(ShadedNettyGrpcServerFactory.java:78)
	at net.devh.boot.grpc.server.serverfactory.ShadedNettyGrpcServerFactory.newServerBuilder(ShadedNettyGrpcServerFactory.java:53)
	at net.devh.boot.grpc.server.serverfactory.AbstractGrpcServerFactory.createServer(AbstractGrpcServerFactory.java:65)
	at net.devh.boot.grpc.server.serverfactory.GrpcServerLifecycle.createAndStartGrpcServer(GrpcServerLifecycle.java:110)
	at net.devh.boot.grpc.server.serverfactory.GrpcServerLifecycle.start(GrpcServerLifecycle.java:71)
	at org.springframework.context.support.DefaultLifecycleProcessor.doStart(DefaultLifecycleProcessor.java:405)
	at org.springframework.context.support.DefaultLifecycleProcessor.doStart(DefaultLifecycleProcessor.java:394)
	at org.springframework.context.support.DefaultLifecycleProcessor$LifecycleGroup.start(DefaultLifecycleProcessor.java:586)
	at java.base/java.lang.Iterable.forEach(Iterable.java:75)
	at org.springframework.context.support.DefaultLifecycleProcessor.startBeans(DefaultLifecycleProcessor.java:364)
	at org.springframework.context.support.DefaultLifecycleProcessor.onRefresh(DefaultLifecycleProcessor.java:310)
	at org.springframework.context.support.AbstractApplicationContext.finishRefresh(AbstractApplicationContext.java:1006)
	at org.springframework.context.support.AbstractApplicationContext.refresh(AbstractApplicationContext.java:630)
	at org.springframework.boot.web.servlet.context.ServletWebServerApplicationContext.refresh(ServletWebServerApplicationContext.java:146)
	at org.springframework.boot.SpringApplication.refresh(SpringApplication.java:752)
	at org.springframework.boot.SpringApplication.refreshContext(SpringApplication.java:439)
	at org.springframework.boot.SpringApplication.run(SpringApplication.java:318)
	at com.company.micros1.Micros1Application.main(Micros1Application.java:22)
Caused by: java.lang.IllegalStateException: Only supported on Linux
	at io.grpc.netty.shaded.io.netty.channel.epoll.Native.loadNativeLibrary(Native.java:317)
	at io.grpc.netty.shaded.io.netty.channel.epoll.Native.<clinit>(Native.java:85)
	... 25 common frames omitted
2025-08-21 14:52:45 INFO  n.d.b.g.s.s.AbstractGrpcServerFactory - Registered gRPC service: solicitud.SolicitudResponseService, bean: solicitudResponse, class: com.company.micros1.grpc.service.solicitudResponse$$SpringCGLIB$$0
2025-08-21 14:52:45 INFO  n.d.b.g.s.s.AbstractGrpcServerFactory - Registered gRPC service: solicitud.SolicitudService, bean: solicitudServiceImpl, class: com.company.micros1.grpc.service.SolicitudServiceImpl$$SpringCGLIB$$0
2025-08-21 14:52:45 INFO  n.d.b.g.s.s.AbstractGrpcServerFactory - Registered gRPC service: grpc.health.v1.Health, bean: grpcHealthService, class: io.grpc.protobuf.services.HealthServiceImpl
2025-08-21 14:52:45 INFO  n.d.b.g.s.s.AbstractGrpcServerFactory - Registered gRPC service: grpc.reflection.v1alpha.ServerReflection, bean: protoReflectionService, class: io.grpc.protobuf.services.ProtoReflectionService
2025-08-21 14:52:45 DEBUG io.grpc.internal.ServerImplBuilder - Unable to apply census stats
java.lang.ClassNotFoundException: io.grpc.census.InternalCensusStatsAccessor
	at java.base/jdk.internal.loader.BuiltinClassLoader.loadClass(BuiltinClassLoader.java:641)
	at java.base/jdk.internal.loader.ClassLoaders$AppClassLoader.loadClass(ClassLoaders.java:188)
	at java.base/java.lang.ClassLoader.loadClass(ClassLoader.java:526)
	at java.base/java.lang.Class.forName0(Native Method)
	at java.base/java.lang.Class.forName(Class.java:421)
	at java.base/java.lang.Class.forName(Class.java:412)
	at io.grpc.internal.ServerImplBuilder.getTracerFactories(ServerImplBuilder.java:264)
	at io.grpc.internal.ServerImplBuilder.build(ServerImplBuilder.java:243)
	at io.grpc.internal.AbstractServerImplBuilder.build(AbstractServerImplBuilder.java:217)
	at net.devh.boot.grpc.server.serverfactory.AbstractGrpcServerFactory.createServer(AbstractGrpcServerFactory.java:67)
	at net.devh.boot.grpc.server.serverfactory.GrpcServerLifecycle.createAndStartGrpcServer(GrpcServerLifecycle.java:110)
	at net.devh.boot.grpc.server.serverfactory.GrpcServerLifecycle.start(GrpcServerLifecycle.java:71)
	at org.springframework.context.support.DefaultLifecycleProcessor.doStart(DefaultLifecycleProcessor.java:405)
	at org.springframework.context.support.DefaultLifecycleProcessor.doStart(DefaultLifecycleProcessor.java:394)
	at org.springframework.context.support.DefaultLifecycleProcessor$LifecycleGroup.start(DefaultLifecycleProcessor.java:586)
	at java.base/java.lang.Iterable.forEach(Iterable.java:75)
	at org.springframework.context.support.DefaultLifecycleProcessor.startBeans(DefaultLifecycleProcessor.java:364)
	at org.springframework.context.support.DefaultLifecycleProcessor.onRefresh(DefaultLifecycleProcessor.java:310)
	at org.springframework.context.support.AbstractApplicationContext.finishRefresh(AbstractApplicationContext.java:1006)
	at org.springframework.context.support.AbstractApplicationContext.refresh(AbstractApplicationContext.java:630)
	at org.springframework.boot.web.servlet.context.ServletWebServerApplicationContext.refresh(ServletWebServerApplicationContext.java:146)
	at org.springframework.boot.SpringApplication.refresh(SpringApplication.java:752)
	at org.springframework.boot.SpringApplication.refreshContext(SpringApplication.java:439)
	at org.springframework.boot.SpringApplication.run(SpringApplication.java:318)
	at com.company.micros1.Micros1Application.main(Micros1Application.java:22)
2025-08-21 14:52:45 DEBUG io.grpc.internal.ServerImplBuilder - Unable to apply census stats
java.lang.ClassNotFoundException: io.grpc.census.InternalCensusTracingAccessor
	at java.base/jdk.internal.loader.BuiltinClassLoader.loadClass(BuiltinClassLoader.java:641)
	at java.base/jdk.internal.loader.ClassLoaders$AppClassLoader.loadClass(ClassLoaders.java:188)
	at java.base/java.lang.ClassLoader.loadClass(ClassLoader.java:526)
	at java.base/java.lang.Class.forName0(Native Method)
	at java.base/java.lang.Class.forName(Class.java:421)
	at java.base/java.lang.Class.forName(Class.java:412)
	at io.grpc.internal.ServerImplBuilder.getTracerFactories(ServerImplBuilder.java:296)
	at io.grpc.internal.ServerImplBuilder.build(ServerImplBuilder.java:243)
	at io.grpc.internal.AbstractServerImplBuilder.build(AbstractServerImplBuilder.java:217)
	at net.devh.boot.grpc.server.serverfactory.AbstractGrpcServerFactory.createServer(AbstractGrpcServerFactory.java:67)
	at net.devh.boot.grpc.server.serverfactory.GrpcServerLifecycle.createAndStartGrpcServer(GrpcServerLifecycle.java:110)
	at net.devh.boot.grpc.server.serverfactory.GrpcServerLifecycle.start(GrpcServerLifecycle.java:71)
	at org.springframework.context.support.DefaultLifecycleProcessor.doStart(DefaultLifecycleProcessor.java:405)
	at org.springframework.context.support.DefaultLifecycleProcessor.doStart(DefaultLifecycleProcessor.java:394)
	at org.springframework.context.support.DefaultLifecycleProcessor$LifecycleGroup.start(DefaultLifecycleProcessor.java:586)
	at java.base/java.lang.Iterable.forEach(Iterable.java:75)
	at org.springframework.context.support.DefaultLifecycleProcessor.startBeans(DefaultLifecycleProcessor.java:364)
	at org.springframework.context.support.DefaultLifecycleProcessor.onRefresh(DefaultLifecycleProcessor.java:310)
	at org.springframework.context.support.AbstractApplicationContext.finishRefresh(AbstractApplicationContext.java:1006)
	at org.springframework.context.support.AbstractApplicationContext.refresh(AbstractApplicationContext.java:630)
	at org.springframework.boot.web.servlet.context.ServletWebServerApplicationContext.refresh(ServletWebServerApplicationContext.java:146)
	at org.springframework.boot.SpringApplication.refresh(SpringApplication.java:752)
	at org.springframework.boot.SpringApplication.refreshContext(SpringApplication.java:439)
	at org.springframework.boot.SpringApplication.run(SpringApplication.java:318)
	at com.company.micros1.Micros1Application.main(Micros1Application.java:22)
2025-08-21 14:52:45 DEBUG i.g.n.s.i.n.c.MultithreadEventLoopGroup - -Dio.netty.eventLoopThreads: 8
2025-08-21 14:52:45 DEBUG i.g.n.s.i.n.u.c.GlobalEventExecutor - -Dio.netty.globalEventExecutor.quietPeriodSeconds: 1
2025-08-21 14:52:45 DEBUG i.g.n.s.i.n.u.i.InternalThreadLocalMap - -Dio.netty.threadLocalMap.stringBuilder.initialSize: 1024
2025-08-21 14:52:45 DEBUG i.g.n.s.i.n.u.i.InternalThreadLocalMap - -Dio.netty.threadLocalMap.stringBuilder.maxSize: 4096
2025-08-21 14:52:45 DEBUG i.g.n.s.i.n.channel.nio.NioEventLoop - -Dio.netty.noKeySetOptimization: false
2025-08-21 14:52:45 DEBUG i.g.n.s.i.n.channel.nio.NioEventLoop - -Dio.netty.selectorAutoRebuildThreshold: 512
2025-08-21 14:52:45 DEBUG i.g.n.s.i.n.u.i.PlatformDependent - org.jctools-core.MpscChunkedArrayQueue: available
2025-08-21 14:52:45 DEBUG i.g.n.s.i.n.u.ResourceLeakDetector - -Dio.grpc.netty.shaded.io.netty.leakDetection.level: simple
2025-08-21 14:52:45 DEBUG i.g.n.s.i.n.u.ResourceLeakDetector - -Dio.grpc.netty.shaded.io.netty.leakDetection.targetRecords: 4
2025-08-21 14:52:45 DEBUG i.g.n.s.i.n.b.PooledByteBufAllocator - -Dio.netty.allocator.numHeapArenas: 8
2025-08-21 14:52:45 DEBUG i.g.n.s.i.n.b.PooledByteBufAllocator - -Dio.netty.allocator.numDirectArenas: 8
2025-08-21 14:52:45 DEBUG i.g.n.s.i.n.b.PooledByteBufAllocator - -Dio.netty.allocator.pageSize: 8192
2025-08-21 14:52:45 DEBUG i.g.n.s.i.n.b.PooledByteBufAllocator - -Dio.netty.allocator.maxOrder: 9
2025-08-21 14:52:45 DEBUG i.g.n.s.i.n.b.PooledByteBufAllocator - -Dio.netty.allocator.chunkSize: 4194304
2025-08-21 14:52:45 DEBUG i.g.n.s.i.n.b.PooledByteBufAllocator - -Dio.netty.allocator.smallCacheSize: 256
2025-08-21 14:52:45 DEBUG i.g.n.s.i.n.b.PooledByteBufAllocator - -Dio.netty.allocator.normalCacheSize: 64
2025-08-21 14:52:45 DEBUG i.g.n.s.i.n.b.PooledByteBufAllocator - -Dio.netty.allocator.maxCachedBufferCapacity: 32768
2025-08-21 14:52:45 DEBUG i.g.n.s.i.n.b.PooledByteBufAllocator - -Dio.netty.allocator.cacheTrimInterval: 8192
2025-08-21 14:52:45 DEBUG i.g.n.s.i.n.b.PooledByteBufAllocator - -Dio.netty.allocator.cacheTrimIntervalMillis: 0
2025-08-21 14:52:45 DEBUG i.g.n.s.i.n.b.PooledByteBufAllocator - -Dio.netty.allocator.useCacheForAllThreads: false
2025-08-21 14:52:45 DEBUG i.g.n.s.i.n.b.PooledByteBufAllocator - -Dio.netty.allocator.maxCachedByteBuffersPerChunk: 1023
2025-08-21 14:52:45 DEBUG i.g.netty.shaded.io.grpc.netty.Utils - Using custom allocator: forceHeapBuffer=false, defaultPreferDirect=true
2025-08-21 14:52:45 DEBUG i.g.netty.shaded.io.grpc.netty.Utils - Creating allocator, preferDirect=true
2025-08-21 14:52:45 DEBUG i.g.netty.shaded.io.grpc.netty.Utils - Forcing maxOrder=8
2025-08-21 14:52:45 DEBUG i.g.netty.shaded.io.grpc.netty.Utils - Using custom allocator: forceHeapBuffer=false, defaultPreferDirect=true
2025-08-21 14:52:45 DEBUG i.g.n.s.i.n.channel.DefaultChannelId - -Dio.netty.processId: 21240 (auto-detected)
2025-08-21 14:52:45 DEBUG i.g.n.shaded.io.netty.util.NetUtil - -Djava.net.preferIPv4Stack: false
2025-08-21 14:52:45 DEBUG i.g.n.shaded.io.netty.util.NetUtil - -Djava.net.preferIPv6Addresses: false
2025-08-21 14:52:45 DEBUG i.g.n.s.i.n.u.NetUtilInitializations - Loopback interface: loopback_0 (Software Loopback Interface 1, 0:0:0:0:0:0:0:1)
2025-08-21 14:52:45 DEBUG i.g.n.shaded.io.netty.util.NetUtil - Failed to get SOMAXCONN from sysctl and file \proc\sys\net\core\somaxconn. Default: 200
2025-08-21 14:52:45 DEBUG i.g.n.s.i.n.channel.DefaultChannelId - -Dio.netty.machineId: 58:00:e3:ff:fe:96:0d:70 (auto-detected)
2025-08-21 14:52:45 DEBUG i.g.n.s.io.netty.buffer.ByteBufUtil - -Dio.netty.allocator.type: pooled
2025-08-21 14:52:45 DEBUG i.g.n.s.io.netty.buffer.ByteBufUtil - -Dio.netty.threadLocalDirectBufferSize: 0
2025-08-21 14:52:45 DEBUG i.g.n.s.io.netty.buffer.ByteBufUtil - -Dio.netty.maxThreadLocalCharBufferSize: 16384
2025-08-21 14:52:45 INFO  n.d.b.g.s.s.GrpcServerLifecycle - gRPC Server started, listening on address: *, port: 9095
2025-08-21 14:52:45 DEBUG o.s.c.s.DefaultLifecycleProcessor - Successfully started bean 'shadedNettyGrpcServerLifecycle'
2025-08-21 14:52:46 DEBUG o.s.b.a.l.ConditionEvaluationReportLogger - 


============================
CONDITIONS EVALUATION REPORT
============================


Positive matches:
-----------------

   AopAutoConfiguration matched:
      - @ConditionalOnBooleanProperty (spring.aop.auto=true) matched (OnPropertyCondition)

   AopAutoConfiguration.AspectJAutoProxyingConfiguration matched:
      - @ConditionalOnClass found required class 'org.aspectj.weaver.Advice' (OnClassCondition)

   AopAutoConfiguration.AspectJAutoProxyingConfiguration.CglibAutoProxyConfiguration matched:
      - @ConditionalOnBooleanProperty (spring.aop.proxy-target-class=true) matched (OnPropertyCondition)

   ApplicationAvailabilityAutoConfiguration#applicationAvailability matched:
      - @ConditionalOnMissingBean (types: org.springframework.boot.availability.ApplicationAvailability; SearchStrategy: all) did not find any beans (OnBeanCondition)

   CacheMeterBinderProvidersConfiguration matched:
      - @ConditionalOnClass found required class 'io.micrometer.core.instrument.binder.MeterBinder' (OnClassCondition)

   CompositeMeterRegistryAutoConfiguration matched:
      - @ConditionalOnClass found required class 'io.micrometer.core.instrument.composite.CompositeMeterRegistry' (OnClassCondition)

   ConfigurationPropertiesReportEndpointAutoConfiguration matched:
      - @ConditionalOnAvailableEndpoint marked as exposed by a 'management.endpoints.web.exposure' property (OnAvailableEndpointCondition)

   ConfigurationPropertiesReportEndpointAutoConfiguration#configurationPropertiesReportEndpoint matched:
      - @ConditionalOnMissingBean (types: org.springframework.boot.actuate.context.properties.ConfigurationPropertiesReportEndpoint; SearchStrategy: all) did not find any beans (OnBeanCondition)

   ConfigurationPropertiesReportEndpointAutoConfiguration#configurationPropertiesReportEndpointWebExtension matched:
      - @ConditionalOnBean (types: org.springframework.boot.actuate.context.properties.ConfigurationPropertiesReportEndpoint; SearchStrategy: all) found bean 'configurationPropertiesReportEndpoint'; @ConditionalOnMissingBean (types: org.springframework.boot.actuate.context.properties.ConfigurationPropertiesReportEndpointWebExtension; SearchStrategy: all) did not find any beans (OnBeanCondition)
      - @ConditionalOnAvailableEndpoint marked as exposed by a 'management.endpoints.web.exposure' property (OnAvailableEndpointCondition)

   DataSourceAutoConfiguration matched:
      - @ConditionalOnClass found required classes 'javax.sql.DataSource', 'org.springframework.jdbc.datasource.embedded.EmbeddedDatabaseType' (OnClassCondition)
      - @ConditionalOnMissingBean (types: ?; SearchStrategy: all) did not find any beans (OnBeanCondition)

   DataSourceAutoConfiguration.PooledDataSourceConfiguration matched:
      - AnyNestedCondition 1 matched 1 did not; NestedCondition on DataSourceAutoConfiguration.PooledDataSourceCondition.PooledDataSourceAvailable PooledDataSource found supported DataSource; NestedCondition on DataSourceAutoConfiguration.PooledDataSourceCondition.ExplicitType @ConditionalOnProperty (spring.datasource.type) did not find property 'spring.datasource.type' (DataSourceAutoConfiguration.PooledDataSourceCondition)
      - @ConditionalOnMissingBean (types: javax.sql.DataSource,javax.sql.XADataSource; SearchStrategy: all) did not find any beans (OnBeanCondition)

   DataSourceAutoConfiguration.PooledDataSourceConfiguration#jdbcConnectionDetails matched:
      - @ConditionalOnMissingBean (types: org.springframework.boot.autoconfigure.jdbc.JdbcConnectionDetails; SearchStrategy: all) did not find any beans (OnBeanCondition)

   DataSourceConfiguration.Hikari matched:
      - @ConditionalOnClass found required class 'com.zaxxer.hikari.HikariDataSource' (OnClassCondition)
      - @ConditionalOnProperty (spring.datasource.type=com.zaxxer.hikari.HikariDataSource) matched (OnPropertyCondition)
      - @ConditionalOnMissingBean (types: javax.sql.DataSource; SearchStrategy: all) did not find any beans (OnBeanCondition)

   DataSourceHealthContributorAutoConfiguration matched:
      - @ConditionalOnClass found required classes 'org.springframework.jdbc.core.JdbcTemplate', 'org.springframework.jdbc.datasource.lookup.AbstractRoutingDataSource' (OnClassCondition)
      - @ConditionalOnEnabledHealthIndicator management.health.defaults.enabled is considered true (OnEnabledHealthIndicatorCondition)
      - @ConditionalOnBean (types: javax.sql.DataSource; SearchStrategy: all) found bean 'dataSource' (OnBeanCondition)

   DataSourceHealthContributorAutoConfiguration#dbHealthContributor matched:
      - @ConditionalOnMissingBean (names: dbHealthIndicator,dbHealthContributor; SearchStrategy: all) did not find any beans (OnBeanCondition)

   DataSourceInitializationConfiguration matched:
      - @ConditionalOnClass found required class 'org.springframework.jdbc.datasource.init.DatabasePopulator' (OnClassCondition)
      - @ConditionalOnSingleCandidate (types: javax.sql.DataSource; SearchStrategy: all) found a single bean 'dataSource'; @ConditionalOnMissingBean (types: org.springframework.boot.autoconfigure.sql.init.SqlDataSourceScriptDatabaseInitializer,org.springframework.boot.autoconfigure.sql.init.SqlR2dbcScriptDatabaseInitializer; SearchStrategy: all) did not find any beans (OnBeanCondition)

   DataSourcePoolMetadataProvidersConfiguration.HikariPoolDataSourceMetadataProviderConfiguration matched:
      - @ConditionalOnClass found required class 'com.zaxxer.hikari.HikariDataSource' (OnClassCondition)

   DataSourcePoolMetricsAutoConfiguration matched:
      - @ConditionalOnClass found required classes 'javax.sql.DataSource', 'io.micrometer.core.instrument.MeterRegistry' (OnClassCondition)
      - @ConditionalOnBean (types: javax.sql.DataSource,io.micrometer.core.instrument.MeterRegistry; SearchStrategy: all) found beans 'prometheusMeterRegistry', 'dataSource' (OnBeanCondition)

   DataSourcePoolMetricsAutoConfiguration.DataSourcePoolMetadataMetricsConfiguration matched:
      - @ConditionalOnBean (types: org.springframework.boot.jdbc.metadata.DataSourcePoolMetadataProvider; SearchStrategy: all) found bean 'hikariPoolDataSourceMetadataProvider' (OnBeanCondition)

   DataSourcePoolMetricsAutoConfiguration.HikariDataSourceMetricsConfiguration matched:
      - @ConditionalOnClass found required class 'com.zaxxer.hikari.HikariDataSource' (OnClassCondition)

   DataSourceTransactionManagerAutoConfiguration matched:
      - @ConditionalOnClass found required classes 'javax.sql.DataSource', 'org.springframework.jdbc.core.JdbcTemplate', 'org.springframework.transaction.TransactionManager' (OnClassCondition)

   DataSourceTransactionManagerAutoConfiguration.JdbcTransactionManagerConfiguration matched:
      - @ConditionalOnSingleCandidate (types: javax.sql.DataSource; SearchStrategy: all) found a single bean 'dataSource' (OnBeanCondition)

   DiskSpaceHealthContributorAutoConfiguration matched:
      - @ConditionalOnEnabledHealthIndicator management.health.defaults.enabled is considered true (OnEnabledHealthIndicatorCondition)

   DiskSpaceHealthContributorAutoConfiguration#diskSpaceHealthIndicator matched:
      - @ConditionalOnMissingBean (names: diskSpaceHealthIndicator; SearchStrategy: all) did not find any beans (OnBeanCondition)

   DispatcherServletAutoConfiguration matched:
      - @ConditionalOnClass found required class 'org.springframework.web.servlet.DispatcherServlet' (OnClassCondition)
      - found 'session' scope (OnWebApplicationCondition)

   DispatcherServletAutoConfiguration.DispatcherServletConfiguration matched:
      - @ConditionalOnClass found required class 'jakarta.servlet.ServletRegistration' (OnClassCondition)
      - Default DispatcherServlet did not find dispatcher servlet beans (DispatcherServletAutoConfiguration.DefaultDispatcherServletCondition)

   DispatcherServletAutoConfiguration.DispatcherServletRegistrationConfiguration matched:
      - @ConditionalOnClass found required class 'jakarta.servlet.ServletRegistration' (OnClassCondition)
      - DispatcherServlet Registration did not find servlet registration bean (DispatcherServletAutoConfiguration.DispatcherServletRegistrationCondition)

   DispatcherServletAutoConfiguration.DispatcherServletRegistrationConfiguration#dispatcherServletRegistration matched:
      - @ConditionalOnBean (names: dispatcherServlet types: org.springframework.web.servlet.DispatcherServlet; SearchStrategy: all) found bean 'dispatcherServlet' (OnBeanCondition)

   EmbeddedWebServerFactoryCustomizerAutoConfiguration matched:
      - @ConditionalOnWebApplication (required) found 'session' scope (OnWebApplicationCondition)
      - @ConditionalOnWarDeployment the application is not deployed as a WAR file. (OnWarDeploymentCondition)

   EmbeddedWebServerFactoryCustomizerAutoConfiguration.TomcatWebServerFactoryCustomizerConfiguration matched:
      - @ConditionalOnClass found required classes 'org.apache.catalina.startup.Tomcat', 'org.apache.coyote.UpgradeProtocol' (OnClassCondition)

   EndpointAutoConfiguration#endpointCachingOperationInvokerAdvisor matched:
      - @ConditionalOnMissingBean (types: org.springframework.boot.actuate.endpoint.invoker.cache.CachingOperationInvokerAdvisor; SearchStrategy: all) did not find any beans (OnBeanCondition)

   EndpointAutoConfiguration#endpointOperationParameterMapper matched:
      - @ConditionalOnMissingBean (types: org.springframework.boot.actuate.endpoint.invoke.ParameterValueMapper; SearchStrategy: all) did not find any beans (OnBeanCondition)

   EndpointAutoConfiguration#propertiesEndpointAccessResolver matched:
      - @ConditionalOnMissingBean (types: org.springframework.boot.actuate.endpoint.EndpointAccessResolver; SearchStrategy: all) did not find any beans (OnBeanCondition)

   EnvironmentEndpointAutoConfiguration matched:
      - @ConditionalOnAvailableEndpoint marked as exposed by a 'management.endpoints.web.exposure' property (OnAvailableEndpointCondition)

   EnvironmentEndpointAutoConfiguration#environmentEndpoint matched:
      - @ConditionalOnMissingBean (types: org.springframework.boot.actuate.env.EnvironmentEndpoint; SearchStrategy: all) did not find any beans (OnBeanCondition)

   EnvironmentEndpointAutoConfiguration#environmentEndpointWebExtension matched:
      - @ConditionalOnBean (types: org.springframework.boot.actuate.env.EnvironmentEndpoint; SearchStrategy: all) found bean 'environmentEndpoint'; @ConditionalOnMissingBean (types: org.springframework.boot.actuate.env.EnvironmentEndpointWebExtension; SearchStrategy: all) did not find any beans (OnBeanCondition)
      - @ConditionalOnAvailableEndpoint marked as exposed by a 'management.endpoints.web.exposure' property (OnAvailableEndpointCondition)

   ErrorMvcAutoConfiguration matched:
      - @ConditionalOnClass found required classes 'jakarta.servlet.Servlet', 'org.springframework.web.servlet.DispatcherServlet' (OnClassCondition)
      - found 'session' scope (OnWebApplicationCondition)

   ErrorMvcAutoConfiguration#basicErrorController matched:
      - @ConditionalOnMissingBean (types: org.springframework.boot.web.servlet.error.ErrorController; SearchStrategy: current) did not find any beans (OnBeanCondition)

   ErrorMvcAutoConfiguration#errorAttributes matched:
      - @ConditionalOnMissingBean (types: org.springframework.boot.web.servlet.error.ErrorAttributes; SearchStrategy: current) did not find any beans (OnBeanCondition)

   ErrorMvcAutoConfiguration.DefaultErrorViewResolverConfiguration#conventionErrorViewResolver matched:
      - @ConditionalOnBean (types: org.springframework.web.servlet.DispatcherServlet; SearchStrategy: all) found bean 'dispatcherServlet'; @ConditionalOnMissingBean (types: org.springframework.boot.autoconfigure.web.servlet.error.ErrorViewResolver; SearchStrategy: all) did not find any beans (OnBeanCondition)

   ErrorMvcAutoConfiguration.WhitelabelErrorViewConfiguration matched:
      - @ConditionalOnBooleanProperty (server.error.whitelabel.enabled=true) matched (OnPropertyCondition)
      - ErrorTemplate Missing did not find error template view (ErrorMvcAutoConfiguration.ErrorTemplateMissingCondition)

   ErrorMvcAutoConfiguration.WhitelabelErrorViewConfiguration#beanNameViewResolver matched:
      - @ConditionalOnMissingBean (types: org.springframework.web.servlet.view.BeanNameViewResolver; SearchStrategy: all) did not find any beans (OnBeanCondition)

   ErrorMvcAutoConfiguration.WhitelabelErrorViewConfiguration#defaultErrorView matched:
      - @ConditionalOnMissingBean (names: error; SearchStrategy: all) did not find any beans (OnBeanCondition)

   GenericCacheConfiguration matched:
      - Cache org.springframework.boot.autoconfigure.cache.GenericCacheConfiguration automatic cache type (CacheCondition)

   GrpcCommonCodecAutoConfiguration matched:
      - @ConditionalOnClass found required class 'io.grpc.Codec' (OnClassCondition)

   GrpcCommonCodecAutoConfiguration#defaultCompressorRegistry matched:
      - @ConditionalOnBean (types: net.devh.boot.grpc.common.codec.GrpcCodecDiscoverer; SearchStrategy: all) found bean 'defaultGrpcCodecDiscoverer'; @ConditionalOnMissingBean (types: io.grpc.CompressorRegistry; SearchStrategy: all) did not find any beans (OnBeanCondition)

   GrpcCommonCodecAutoConfiguration#defaultDecompressorRegistry matched:
      - @ConditionalOnBean (types: net.devh.boot.grpc.common.codec.GrpcCodecDiscoverer; SearchStrategy: all) found bean 'defaultGrpcCodecDiscoverer'; @ConditionalOnMissingBean (types: io.grpc.DecompressorRegistry; SearchStrategy: all) did not find any beans (OnBeanCondition)

   GrpcCommonCodecAutoConfiguration#defaultGrpcCodecDiscoverer matched:
      - @ConditionalOnMissingBean (types: net.devh.boot.grpc.common.codec.GrpcCodecDiscoverer; SearchStrategy: all) did not find any beans (OnBeanCondition)

   GrpcHealthServiceAutoConfiguration matched:
      - @ConditionalOnClass found required class 'io.grpc.protobuf.services.HealthStatusManager' (OnClassCondition)
      - @ConditionalOnProperty (grpc.server.health-service-enabled) matched (OnPropertyCondition)

   GrpcHealthServiceAutoConfiguration#healthStatusManager matched:
      - @ConditionalOnMissingBean (types: io.grpc.protobuf.services.HealthStatusManager; SearchStrategy: all) did not find any beans (OnBeanCondition)

   GrpcReflectionServiceAutoConfiguration matched:
      - @ConditionalOnClass found required class 'io.grpc.protobuf.services.ProtoReflectionService' (OnClassCondition)
      - @ConditionalOnProperty (grpc.server.reflection-service-enabled) matched (OnPropertyCondition)

   GrpcServerAutoConfiguration matched:
      - @ConditionalOnClass found required class 'io.grpc.Server' (OnClassCondition)

   GrpcServerAutoConfiguration#compressionServerConfigurer matched:
      - @ConditionalOnBean (types: io.grpc.CompressorRegistry; SearchStrategy: all) found bean 'defaultCompressorRegistry' (OnBeanCondition)

   GrpcServerAutoConfiguration#decompressionServerConfigurer matched:
      - @ConditionalOnBean (types: io.grpc.DecompressorRegistry; SearchStrategy: all) found bean 'defaultDecompressorRegistry' (OnBeanCondition)

   GrpcServerAutoConfiguration#defaultGrpcServerProperties matched:
      - @ConditionalOnMissingBean (types: net.devh.boot.grpc.server.config.GrpcServerProperties; SearchStrategy: all) did not find any beans (OnBeanCondition)

   GrpcServerAutoConfiguration#defaultGrpcServiceDiscoverer matched:
      - @ConditionalOnMissingBean (types: net.devh.boot.grpc.server.service.GrpcServiceDiscoverer; SearchStrategy: all) did not find any beans (OnBeanCondition)

   GrpcServerAutoConfiguration#globalServerInterceptorRegistry matched:
      - @ConditionalOnMissingBean (types: net.devh.boot.grpc.server.interceptor.GlobalServerInterceptorRegistry; SearchStrategy: all) did not find any beans (OnBeanCondition)

   GrpcServerAutoConfiguration#selfNameResolverFactory matched:
      - @ConditionalOnMissingBean (types: net.devh.boot.grpc.server.nameresolver.SelfNameResolverFactory; SearchStrategy: all) did not find any beans (OnBeanCondition)

   GrpcServerFactoryAutoConfiguration matched:
      - @ConditionalOnMissingBean (types: net.devh.boot.grpc.server.serverfactory.GrpcServerFactory,net.devh.boot.grpc.server.serverfactory.GrpcServerLifecycle; SearchStrategy: all) did not find any beans (OnBeanCondition)

   GrpcServerFactoryAutoConfiguration#shadedNettyGrpcServerFactory matched:
      - @ConditionalOnClass found required classes 'io.grpc.netty.shaded.io.netty.channel.Channel', 'io.grpc.netty.shaded.io.grpc.netty.NettyServerBuilder' (OnClassCondition)
      - NoneNestedConditions 0 matched 1 did not; NestedCondition on ConditionalOnInterprocessServer.NoServerPortCondition @ConditionalOnProperty (grpc.server.port=-1) found different value in property 'grpc.server.port' (ConditionalOnInterprocessServer)

   GrpcServerFactoryAutoConfiguration#shadedNettyGrpcServerLifecycle matched:
      - @ConditionalOnBean (types: net.devh.boot.grpc.server.serverfactory.ShadedNettyGrpcServerFactory; SearchStrategy: all) found bean 'shadedNettyGrpcServerFactory' (OnBeanCondition)

   GrpcServerMetricAutoConfiguration matched:
      - @ConditionalOnClass found required class 'io.micrometer.core.instrument.binder.grpc.MetricCollectingServerInterceptor' (OnClassCondition)
      - @ConditionalOnBean (types: io.micrometer.core.instrument.MeterRegistry; SearchStrategy: all) found bean 'prometheusMeterRegistry' (OnBeanCondition)

   GrpcServerMetricAutoConfiguration#metricCollectingServerInterceptor matched:
      - @ConditionalOnMissingBean (types: io.micrometer.core.instrument.binder.grpc.MetricCollectingServerInterceptor; SearchStrategy: all) did not find any beans (OnBeanCondition)

   GrpcServerMetricAutoConfiguration#streamTracerFactoryConfigurer matched:
      - @ConditionalOnProperty (grpc.metricsA66Enabled) matched (OnPropertyCondition)

   GrpcServerMicrometerTraceAutoConfiguration matched:
      - @ConditionalOnProperty (management.tracing.grpc.enabled) matched (OnPropertyCondition)
      - @ConditionalOnBean (types: io.micrometer.observation.ObservationRegistry; SearchStrategy: all) found bean 'observationRegistry' (OnBeanCondition)

   GsonAutoConfiguration matched:
      - @ConditionalOnClass found required class 'com.google.gson.Gson' (OnClassCondition)

   GsonAutoConfiguration#gson matched:
      - @ConditionalOnMissingBean (types: com.google.gson.Gson; SearchStrategy: all) did not find any beans (OnBeanCondition)

   GsonAutoConfiguration#gsonBuilder matched:
      - @ConditionalOnMissingBean (types: com.google.gson.GsonBuilder; SearchStrategy: all) did not find any beans (OnBeanCondition)

   GsonHttpMessageConvertersConfiguration matched:
      - @ConditionalOnClass found required class 'com.google.gson.Gson' (OnClassCondition)

   HealthContributorAutoConfiguration#pingHealthContributor matched:
      - @ConditionalOnEnabledHealthIndicator management.health.defaults.enabled is considered true (OnEnabledHealthIndicatorCondition)

   HealthEndpointAutoConfiguration matched:
      - @ConditionalOnAvailableEndpoint marked as exposed by a 'management.endpoints.web.exposure' property (OnAvailableEndpointCondition)

   HealthEndpointConfiguration#healthContributorRegistry matched:
      - @ConditionalOnMissingBean (types: org.springframework.boot.actuate.health.HealthContributorRegistry; SearchStrategy: all) did not find any beans (OnBeanCondition)

   HealthEndpointConfiguration#healthEndpoint matched:
      - @ConditionalOnMissingBean (types: org.springframework.boot.actuate.health.HealthEndpoint; SearchStrategy: all) did not find any beans (OnBeanCondition)

   HealthEndpointConfiguration#healthEndpointGroupMembershipValidator matched:
      - @ConditionalOnBooleanProperty (management.endpoint.health.validate-group-membership=true) matched (OnPropertyCondition)

   HealthEndpointConfiguration#healthEndpointGroups matched:
      - @ConditionalOnMissingBean (types: org.springframework.boot.actuate.health.HealthEndpointGroups; SearchStrategy: all) did not find any beans (OnBeanCondition)

   HealthEndpointConfiguration#healthHttpCodeStatusMapper matched:
      - @ConditionalOnMissingBean (types: org.springframework.boot.actuate.health.HttpCodeStatusMapper; SearchStrategy: all) did not find any beans (OnBeanCondition)

   HealthEndpointConfiguration#healthStatusAggregator matched:
      - @ConditionalOnMissingBean (types: org.springframework.boot.actuate.health.StatusAggregator; SearchStrategy: all) did not find any beans (OnBeanCondition)

   HealthEndpointWebExtensionConfiguration matched:
      - found 'session' scope (OnWebApplicationCondition)
      - @ConditionalOnAvailableEndpoint marked as exposed by a 'management.endpoints.web.exposure' property (OnAvailableEndpointCondition)
      - @ConditionalOnBean (types: org.springframework.boot.actuate.health.HealthEndpoint; SearchStrategy: all) found bean 'healthEndpoint' (OnBeanCondition)

   HealthEndpointWebExtensionConfiguration#healthEndpointWebExtension matched:
      - @ConditionalOnMissingBean (types: org.springframework.boot.actuate.health.HealthEndpointWebExtension; SearchStrategy: all) did not find any beans (OnBeanCondition)

   HealthEndpointWebExtensionConfiguration.MvcAdditionalHealthEndpointPathsConfiguration matched:
      - @ConditionalOnBean (types: org.springframework.web.servlet.DispatcherServlet; SearchStrategy: all) found bean 'dispatcherServlet' (OnBeanCondition)

   HibernateJpaAutoConfiguration matched:
      - @ConditionalOnClass found required classes 'org.springframework.orm.jpa.LocalContainerEntityManagerFactoryBean', 'jakarta.persistence.EntityManager', 'org.hibernate.engine.spi.SessionImplementor' (OnClassCondition)

   HibernateJpaConfiguration matched:
      - @ConditionalOnSingleCandidate (types: javax.sql.DataSource; SearchStrategy: all) found a single bean 'dataSource' (OnBeanCondition)

   HttpClientAutoConfiguration matched:
      - @ConditionalOnClass found required class 'org.springframework.http.client.ClientHttpRequestFactory' (OnClassCondition)
      - NoneNestedConditions 0 matched 1 did not; NestedCondition on NotReactiveWebApplicationCondition.ReactiveWebApplication did not find reactive web application classes (NotReactiveWebApplicationCondition)

   HttpClientAutoConfiguration#clientHttpRequestFactoryBuilder matched:
      - @ConditionalOnMissingBean (types: org.springframework.boot.http.client.ClientHttpRequestFactoryBuilder<?>; SearchStrategy: all) did not find any beans (OnBeanCondition)

   HttpClientAutoConfiguration#clientHttpRequestFactorySettings matched:
      - @ConditionalOnMissingBean (types: org.springframework.boot.http.client.ClientHttpRequestFactorySettings; SearchStrategy: all) did not find any beans (OnBeanCondition)

   HttpClientObservationsAutoConfiguration matched:
      - @ConditionalOnClass found required class 'io.micrometer.observation.Observation' (OnClassCondition)
      - @ConditionalOnBean (types: io.micrometer.observation.ObservationRegistry; SearchStrategy: all) found bean 'observationRegistry' (OnBeanCondition)

   HttpClientObservationsAutoConfiguration.MeterFilterConfiguration matched:
      - @ConditionalOnClass found required class 'io.micrometer.core.instrument.MeterRegistry' (OnClassCondition)
      - @ConditionalOnBean (types: io.micrometer.core.instrument.MeterRegistry; SearchStrategy: all) found bean 'prometheusMeterRegistry' (OnBeanCondition)

   HttpEncodingAutoConfiguration matched:
      - @ConditionalOnClass found required class 'org.springframework.web.filter.CharacterEncodingFilter' (OnClassCondition)
      - found 'session' scope (OnWebApplicationCondition)
      - @ConditionalOnBooleanProperty (server.servlet.encoding.enabled=true) matched (OnPropertyCondition)

   HttpEncodingAutoConfiguration#characterEncodingFilter matched:
      - @ConditionalOnMissingBean (types: org.springframework.web.filter.CharacterEncodingFilter; SearchStrategy: all) did not find any beans (OnBeanCondition)

   HttpMessageConvertersAutoConfiguration matched:
      - @ConditionalOnClass found required class 'org.springframework.http.converter.HttpMessageConverter' (OnClassCondition)
      - NoneNestedConditions 0 matched 1 did not; NestedCondition on HttpMessageConvertersAutoConfiguration.NotReactiveWebApplicationCondition.ReactiveWebApplication did not find reactive web application classes (HttpMessageConvertersAutoConfiguration.NotReactiveWebApplicationCondition)

   HttpMessageConvertersAutoConfiguration#messageConverters matched:
      - @ConditionalOnMissingBean (types: org.springframework.boot.autoconfigure.http.HttpMessageConverters; SearchStrategy: all) did not find any beans (OnBeanCondition)

   HttpMessageConvertersAutoConfiguration.StringHttpMessageConverterConfiguration matched:
      - @ConditionalOnClass found required class 'org.springframework.http.converter.StringHttpMessageConverter' (OnClassCondition)

   HttpMessageConvertersAutoConfiguration.StringHttpMessageConverterConfiguration#stringHttpMessageConverter matched:
      - @ConditionalOnMissingBean (types: org.springframework.http.converter.StringHttpMessageConverter; SearchStrategy: all) did not find any beans (OnBeanCondition)

   InfoEndpointAutoConfiguration matched:
      - @ConditionalOnAvailableEndpoint marked as exposed by a 'management.endpoints.web.exposure' property (OnAvailableEndpointCondition)

   InfoEndpointAutoConfiguration#infoEndpoint matched:
      - @ConditionalOnMissingBean (types: org.springframework.boot.actuate.info.InfoEndpoint; SearchStrategy: all) did not find any beans (OnBeanCondition)

   InstrumentationAnnotationsAutoConfiguration matched:
      - @ConditionalOnClass found required class 'org.aspectj.lang.annotation.Aspect' (OnClassCondition)
      - @ConditionalOnProperty (otel.instrumentation.annotations.enabled) matched (OnPropertyCondition)
      - @ConditionalOnBean (types: io.opentelemetry.api.OpenTelemetry; SearchStrategy: all) found bean 'customOpenTelemetry' (OnBeanCondition)

   InstrumentationAnnotationsAutoConfiguration#otelInstrumentationWithSpanAspect matched:
      - @ConditionalOnClass found required class 'io.opentelemetry.instrumentation.annotations.WithSpan' (OnClassCondition)

   JacksonAutoConfiguration matched:
      - @ConditionalOnClass found required class 'com.fasterxml.jackson.databind.ObjectMapper' (OnClassCondition)

   JacksonAutoConfiguration.Jackson2ObjectMapperBuilderCustomizerConfiguration matched:
      - @ConditionalOnClass found required class 'org.springframework.http.converter.json.Jackson2ObjectMapperBuilder' (OnClassCondition)

   JacksonAutoConfiguration.JacksonObjectMapperBuilderConfiguration matched:
      - @ConditionalOnClass found required class 'org.springframework.http.converter.json.Jackson2ObjectMapperBuilder' (OnClassCondition)

   JacksonAutoConfiguration.JacksonObjectMapperBuilderConfiguration#jacksonObjectMapperBuilder matched:
      - @ConditionalOnMissingBean (types: org.springframework.http.converter.json.Jackson2ObjectMapperBuilder; SearchStrategy: all) did not find any beans (OnBeanCondition)

   JacksonAutoConfiguration.JacksonObjectMapperConfiguration matched:
      - @ConditionalOnClass found required class 'org.springframework.http.converter.json.Jackson2ObjectMapperBuilder' (OnClassCondition)

   JacksonAutoConfiguration.JacksonObjectMapperConfiguration#jacksonObjectMapper matched:
      - @ConditionalOnMissingBean (types: com.fasterxml.jackson.databind.ObjectMapper; SearchStrategy: all) did not find any beans (OnBeanCondition)

   JacksonAutoConfiguration.ParameterNamesModuleConfiguration matched:
      - @ConditionalOnClass found required class 'com.fasterxml.jackson.module.paramnames.ParameterNamesModule' (OnClassCondition)

   JacksonAutoConfiguration.ParameterNamesModuleConfiguration#parameterNamesModule matched:
      - @ConditionalOnMissingBean (types: com.fasterxml.jackson.module.paramnames.ParameterNamesModule; SearchStrategy: all) did not find any beans (OnBeanCondition)

   JacksonEndpointAutoConfiguration#endpointObjectMapper matched:
      - @ConditionalOnClass found required classes 'com.fasterxml.jackson.databind.ObjectMapper', 'org.springframework.http.converter.json.Jackson2ObjectMapperBuilder' (OnClassCondition)
      - @ConditionalOnBooleanProperty (management.endpoints.jackson.isolated-object-mapper=true) matched (OnPropertyCondition)

   JacksonHttpMessageConvertersConfiguration.MappingJackson2HttpMessageConverterConfiguration matched:
      - @ConditionalOnClass found required class 'com.fasterxml.jackson.databind.ObjectMapper' (OnClassCondition)
      - @ConditionalOnPreferredJsonMapper JACKSON no property was configured and Jackson is the default (OnPreferredJsonMapperCondition)
      - @ConditionalOnBean (types: com.fasterxml.jackson.databind.ObjectMapper; SearchStrategy: all) found bean 'jacksonObjectMapper' (OnBeanCondition)

   JacksonHttpMessageConvertersConfiguration.MappingJackson2HttpMessageConverterConfiguration#mappingJackson2HttpMessageConverter matched:
      - @ConditionalOnMissingBean (types: org.springframework.http.converter.json.MappingJackson2HttpMessageConverter ignored: ?; SearchStrategy: all) did not find any beans (OnBeanCondition)

   JdbcClientAutoConfiguration matched:
      - @ConditionalOnSingleCandidate (types: org.springframework.jdbc.core.namedparam.NamedParameterJdbcTemplate; SearchStrategy: all) found a single bean 'namedParameterJdbcTemplate'; @ConditionalOnMissingBean (types: org.springframework.jdbc.core.simple.JdbcClient; SearchStrategy: all) did not find any beans (OnBeanCondition)

   JdbcTemplateAutoConfiguration matched:
      - @ConditionalOnClass found required classes 'javax.sql.DataSource', 'org.springframework.jdbc.core.JdbcTemplate' (OnClassCondition)
      - @ConditionalOnSingleCandidate (types: javax.sql.DataSource; SearchStrategy: all) found a single bean 'dataSource' (OnBeanCondition)

   JdbcTemplateConfiguration matched:
      - @ConditionalOnMissingBean (types: org.springframework.jdbc.core.JdbcOperations; SearchStrategy: all) did not find any beans (OnBeanCondition)

   JpaBaseConfiguration#entityManagerFactory matched:
      - @ConditionalOnMissingBean (types: org.springframework.orm.jpa.LocalContainerEntityManagerFactoryBean,jakarta.persistence.EntityManagerFactory; SearchStrategy: all) did not find any beans (OnBeanCondition)

   JpaBaseConfiguration#entityManagerFactoryBuilder matched:
      - @ConditionalOnMissingBean (types: org.springframework.boot.orm.jpa.EntityManagerFactoryBuilder; SearchStrategy: all) did not find any beans (OnBeanCondition)

   JpaBaseConfiguration#jpaVendorAdapter matched:
      - @ConditionalOnMissingBean (types: org.springframework.orm.jpa.JpaVendorAdapter; SearchStrategy: all) did not find any beans (OnBeanCondition)

   JpaBaseConfiguration#transactionManager matched:
      - @ConditionalOnMissingBean (types: org.springframework.transaction.TransactionManager; SearchStrategy: all) did not find any beans (OnBeanCondition)

   JpaBaseConfiguration.JpaWebConfiguration matched:
      - @ConditionalOnClass found required class 'org.springframework.web.servlet.config.annotation.WebMvcConfigurer' (OnClassCondition)
      - found 'session' scope (OnWebApplicationCondition)
      - @ConditionalOnBooleanProperty (spring.jpa.open-in-view=true) matched (OnPropertyCondition)
      - @ConditionalOnMissingBean (types: org.springframework.orm.jpa.support.OpenEntityManagerInViewInterceptor,org.springframework.orm.jpa.support.OpenEntityManagerInViewFilter; SearchStrategy: all) did not find any beans (OnBeanCondition)

   JpaBaseConfiguration.PersistenceManagedTypesConfiguration matched:
      - @ConditionalOnMissingBean (types: org.springframework.orm.jpa.LocalContainerEntityManagerFactoryBean,jakarta.persistence.EntityManagerFactory; SearchStrategy: all) did not find any beans (OnBeanCondition)

   JpaBaseConfiguration.PersistenceManagedTypesConfiguration#persistenceManagedTypes matched:
      - @ConditionalOnMissingBean (types: org.springframework.orm.jpa.persistenceunit.PersistenceManagedTypes; SearchStrategy: all) did not find any beans (OnBeanCondition)

   JpaRepositoriesAutoConfiguration matched:
      - @ConditionalOnClass found required class 'org.springframework.data.jpa.repository.JpaRepository' (OnClassCondition)
      - @ConditionalOnBooleanProperty (spring.data.jpa.repositories.enabled=true) matched (OnPropertyCondition)
      - @ConditionalOnBean (types: javax.sql.DataSource; SearchStrategy: all) found bean 'dataSource'; @ConditionalOnMissingBean (types: org.springframework.data.jpa.repository.support.JpaRepositoryFactoryBean,org.springframework.data.jpa.repository.config.JpaRepositoryConfigExtension; SearchStrategy: all) did not find any beans (OnBeanCondition)

   JtaAutoConfiguration matched:
      - @ConditionalOnClass found required class 'jakarta.transaction.Transaction' (OnClassCondition)
      - @ConditionalOnBooleanProperty (spring.jta.enabled=true) matched (OnPropertyCondition)

   JvmMetricsAutoConfiguration matched:
      - @ConditionalOnClass found required class 'io.micrometer.core.instrument.MeterRegistry' (OnClassCondition)
      - @ConditionalOnBean (types: io.micrometer.core.instrument.MeterRegistry; SearchStrategy: all) found bean 'prometheusMeterRegistry' (OnBeanCondition)

   JvmMetricsAutoConfiguration#classLoaderMetrics matched:
      - @ConditionalOnMissingBean (types: io.micrometer.core.instrument.binder.jvm.ClassLoaderMetrics; SearchStrategy: all) did not find any beans (OnBeanCondition)

   JvmMetricsAutoConfiguration#jvmCompilationMetrics matched:
      - @ConditionalOnMissingBean (types: io.micrometer.core.instrument.binder.jvm.JvmCompilationMetrics; SearchStrategy: all) did not find any beans (OnBeanCondition)

   JvmMetricsAutoConfiguration#jvmGcMetrics matched:
      - @ConditionalOnMissingBean (types: io.micrometer.core.instrument.binder.jvm.JvmGcMetrics; SearchStrategy: all) did not find any beans (OnBeanCondition)

   JvmMetricsAutoConfiguration#jvmHeapPressureMetrics matched:
      - @ConditionalOnMissingBean (types: io.micrometer.core.instrument.binder.jvm.JvmHeapPressureMetrics; SearchStrategy: all) did not find any beans (OnBeanCondition)

   JvmMetricsAutoConfiguration#jvmInfoMetrics matched:
      - @ConditionalOnMissingBean (types: io.micrometer.core.instrument.binder.jvm.JvmInfoMetrics; SearchStrategy: all) did not find any beans (OnBeanCondition)

   JvmMetricsAutoConfiguration#jvmMemoryMetrics matched:
      - @ConditionalOnMissingBean (types: io.micrometer.core.instrument.binder.jvm.JvmMemoryMetrics; SearchStrategy: all) did not find any beans (OnBeanCondition)

   JvmMetricsAutoConfiguration#jvmThreadMetrics matched:
      - @ConditionalOnMissingBean (types: io.micrometer.core.instrument.binder.jvm.JvmThreadMetrics; SearchStrategy: all) did not find any beans (OnBeanCondition)

   LifecycleAutoConfiguration#defaultLifecycleProcessor matched:
      - @ConditionalOnMissingBean (names: lifecycleProcessor; SearchStrategy: current) did not find any beans (OnBeanCondition)

   LogbackMetricsAutoConfiguration matched:
      - @ConditionalOnClass found required classes 'io.micrometer.core.instrument.MeterRegistry', 'ch.qos.logback.classic.LoggerContext', 'org.slf4j.LoggerFactory' (OnClassCondition)
      - LogbackLoggingCondition ILoggerFactory is a Logback LoggerContext (LogbackMetricsAutoConfiguration.LogbackLoggingCondition)
      - @ConditionalOnBean (types: io.micrometer.core.instrument.MeterRegistry; SearchStrategy: all) found bean 'prometheusMeterRegistry' (OnBeanCondition)

   LogbackMetricsAutoConfiguration#logbackMetrics matched:
      - @ConditionalOnMissingBean (types: io.micrometer.core.instrument.binder.logging.LogbackMetrics; SearchStrategy: all) did not find any beans (OnBeanCondition)

   LoggingSpanExporterAutoConfiguration matched:
      - @ConditionalOnClass found required class 'io.opentelemetry.exporter.logging.LoggingSpanExporter' (OnClassCondition)

   ManagementContextAutoConfiguration.SameManagementContextConfiguration matched:
      - Management Port actual port type (SAME) matched required type (OnManagementPortCondition)

   MetricsAutoConfiguration matched:
      - @ConditionalOnClass found required class 'io.micrometer.core.annotation.Timed' (OnClassCondition)

   MetricsAutoConfiguration#micrometerClock matched:
      - @ConditionalOnMissingBean (types: io.micrometer.core.instrument.Clock; SearchStrategy: all) did not find any beans (OnBeanCondition)

   MetricsEndpointAutoConfiguration matched:
      - @ConditionalOnClass found required class 'io.micrometer.core.annotation.Timed' (OnClassCondition)
      - @ConditionalOnAvailableEndpoint marked as exposed by a 'management.endpoints.web.exposure' property (OnAvailableEndpointCondition)

   MetricsEndpointAutoConfiguration#metricsEndpoint matched:
      - @ConditionalOnBean (types: io.micrometer.core.instrument.MeterRegistry; SearchStrategy: all) found bean 'prometheusMeterRegistry'; @ConditionalOnMissingBean (types: org.springframework.boot.actuate.metrics.MetricsEndpoint; SearchStrategy: all) did not find any beans (OnBeanCondition)

   MicrometerTracingAutoConfiguration matched:
      - @ConditionalOnClass found required class 'io.micrometer.tracing.Tracer' (OnClassCondition)
      - @ConditionalOnBean (types: io.micrometer.tracing.Tracer; SearchStrategy: all) found bean 'micrometerOtelTracer' (OnBeanCondition)

   MicrometerTracingAutoConfiguration#defaultTracingObservationHandler matched:
      - @ConditionalOnMissingBean (types: io.micrometer.tracing.handler.DefaultTracingObservationHandler; SearchStrategy: all) did not find any beans (OnBeanCondition)

   MicrometerTracingAutoConfiguration#propagatingReceiverTracingObservationHandler matched:
      - @ConditionalOnBean (types: io.micrometer.tracing.propagation.Propagator; SearchStrategy: all) found bean 'otelPropagator'; @ConditionalOnMissingBean (types: io.micrometer.tracing.handler.PropagatingReceiverTracingObservationHandler<?>; SearchStrategy: all) did not find any beans (OnBeanCondition)

   MicrometerTracingAutoConfiguration#propagatingSenderTracingObservationHandler matched:
      - @ConditionalOnBean (types: io.micrometer.tracing.propagation.Propagator; SearchStrategy: all) found bean 'otelPropagator'; @ConditionalOnMissingBean (types: io.micrometer.tracing.handler.PropagatingSenderTracingObservationHandler<?>; SearchStrategy: all) did not find any beans (OnBeanCondition)

   MultipartAutoConfiguration matched:
      - @ConditionalOnClass found required classes 'jakarta.servlet.Servlet', 'org.springframework.web.multipart.support.StandardServletMultipartResolver', 'jakarta.servlet.MultipartConfigElement' (OnClassCondition)
      - found 'session' scope (OnWebApplicationCondition)
      - @ConditionalOnBooleanProperty (spring.servlet.multipart.enabled=true) matched (OnPropertyCondition)

   MultipartAutoConfiguration#multipartConfigElement matched:
      - @ConditionalOnMissingBean (types: jakarta.servlet.MultipartConfigElement; SearchStrategy: all) did not find any beans (OnBeanCondition)

   MultipartAutoConfiguration#multipartResolver matched:
      - @ConditionalOnMissingBean (types: org.springframework.web.multipart.MultipartResolver; SearchStrategy: all) did not find any beans (OnBeanCondition)

   NamedParameterJdbcTemplateConfiguration matched:
      - @ConditionalOnSingleCandidate (types: org.springframework.jdbc.core.JdbcTemplate; SearchStrategy: all) found a single bean 'jdbcTemplate'; @ConditionalOnMissingBean (types: org.springframework.jdbc.core.namedparam.NamedParameterJdbcOperations; SearchStrategy: all) did not find any beans (OnBeanCondition)

   NoOpCacheConfiguration matched:
      - Cache org.springframework.boot.autoconfigure.cache.NoOpCacheConfiguration automatic cache type (CacheCondition)

   ObservationAutoConfiguration matched:
      - @ConditionalOnClass found required class 'io.micrometer.observation.ObservationRegistry' (OnClassCondition)

   ObservationAutoConfiguration#observationRegistry matched:
      - @ConditionalOnMissingBean (types: io.micrometer.observation.ObservationRegistry; SearchStrategy: all) did not find any beans (OnBeanCondition)

   ObservationAutoConfiguration.MeterObservationHandlerConfiguration matched:
      - @ConditionalOnBean (types: io.micrometer.core.instrument.MeterRegistry; SearchStrategy: all) found bean 'prometheusMeterRegistry'; @ConditionalOnMissingBean (types: io.micrometer.core.instrument.observation.MeterObservationHandler; SearchStrategy: all) did not find any beans (OnBeanCondition)

   ObservationAutoConfiguration.MeterObservationHandlerConfiguration.TracingAndMetricsObservationHandlerConfiguration matched:
      - @ConditionalOnBean (types: io.micrometer.tracing.Tracer; SearchStrategy: all) found bean 'micrometerOtelTracer' (OnBeanCondition)

   ObservationAutoConfiguration.MetricsWithTracingConfiguration matched:
      - @ConditionalOnClass found required classes 'io.micrometer.core.instrument.MeterRegistry', 'io.micrometer.tracing.Tracer' (OnClassCondition)

   OpenTelemetryAppenderAutoConfiguration matched:
      - @ConditionalOnBean (types: io.opentelemetry.api.OpenTelemetry; SearchStrategy: all) found bean 'customOpenTelemetry' (OnBeanCondition)

   OpenTelemetryAppenderAutoConfiguration.LogbackAppenderConfig matched:
      - @ConditionalOnClass found required class 'ch.qos.logback.classic.LoggerContext' (OnClassCondition)
      - @ConditionalOnProperty (otel.instrumentation.logback-appender.enabled) matched (OnPropertyCondition)

   OpenTelemetryAutoConfiguration matched:
      - @ConditionalOnClass found required class 'io.opentelemetry.sdk.OpenTelemetrySdk' (OnClassCondition)

   OpenTelemetryAutoConfiguration#openTelemetryResource matched:
      - @ConditionalOnMissingBean (types: io.opentelemetry.sdk.resources.Resource; SearchStrategy: all) did not find any beans (OnBeanCondition)

   OpenTelemetryLoggingAutoConfiguration matched:
      - @ConditionalOnClass found required classes 'io.opentelemetry.sdk.logs.SdkLoggerProvider', 'io.opentelemetry.api.OpenTelemetry' (OnClassCondition)

   OpenTelemetryLoggingAutoConfiguration#batchLogRecordProcessor matched:
      - @ConditionalOnMissingBean (types: io.opentelemetry.sdk.logs.export.BatchLogRecordProcessor; SearchStrategy: all) did not find any beans (OnBeanCondition)

   OpenTelemetryLoggingAutoConfiguration#otelSdkLoggerProvider matched:
      - @ConditionalOnMissingBean (types: io.opentelemetry.sdk.logs.SdkLoggerProvider; SearchStrategy: all) did not find any beans (OnBeanCondition)

   OpenTelemetryPropagationConfigurations.PropagationWithBaggage matched:
      - @ConditionalOnBooleanProperty (management.tracing.baggage.enabled=true) matched (OnPropertyCondition)

   OpenTelemetryPropagationConfigurations.PropagationWithBaggage#otelSlf4JBaggageEventListener matched:
      - @ConditionalOnBooleanProperty (management.tracing.baggage.correlation.enabled=true) matched (OnPropertyCondition)
      - @ConditionalOnMissingBean (types: io.micrometer.tracing.otel.bridge.Slf4JBaggageEventListener; SearchStrategy: all) did not find any beans (OnBeanCondition)

   OpenTelemetryPropagationConfigurations.PropagationWithBaggage#textMapPropagatorWithBaggage matched:
      - @ConditionalOnEnabledTracing management.tracing.enabled is true (OnEnabledTracingCondition)

   OpenTelemetryTracingAutoConfiguration matched:
      - @ConditionalOnClass found required classes 'io.micrometer.tracing.otel.bridge.OtelTracer', 'io.opentelemetry.sdk.trace.SdkTracerProvider', 'io.opentelemetry.api.OpenTelemetry' (OnClassCondition)

   OpenTelemetryTracingAutoConfiguration#micrometerOtelTracer matched:
      - @ConditionalOnMissingBean (types: io.micrometer.tracing.Tracer; SearchStrategy: all) did not find any beans (OnBeanCondition)

   OpenTelemetryTracingAutoConfiguration#otelCurrentTraceContext matched:
      - @ConditionalOnMissingBean (types: io.micrometer.tracing.otel.bridge.OtelCurrentTraceContext; SearchStrategy: all) did not find any beans (OnBeanCondition)

   OpenTelemetryTracingAutoConfiguration#otelPropagator matched:
      - @ConditionalOnMissingBean (types: io.micrometer.tracing.otel.bridge.OtelPropagator; SearchStrategy: all) did not find any beans (OnBeanCondition)

   OpenTelemetryTracingAutoConfiguration#otelSampler matched:
      - @ConditionalOnMissingBean (types: io.opentelemetry.sdk.trace.samplers.Sampler; SearchStrategy: all) did not find any beans (OnBeanCondition)

   OpenTelemetryTracingAutoConfiguration#otelSdkTracerProvider matched:
      - @ConditionalOnMissingBean (types: io.opentelemetry.sdk.trace.SdkTracerProvider; SearchStrategy: all) did not find any beans (OnBeanCondition)

   OpenTelemetryTracingAutoConfiguration#otelSlf4JEventListener matched:
      - @ConditionalOnMissingBean (types: io.micrometer.tracing.otel.bridge.Slf4JEventListener; SearchStrategy: all) did not find any beans (OnBeanCondition)

   OpenTelemetryTracingAutoConfiguration#otelSpanCustomizer matched:
      - @ConditionalOnMissingBean (types: io.micrometer.tracing.SpanCustomizer; SearchStrategy: all) did not find any beans (OnBeanCondition)

   OpenTelemetryTracingAutoConfiguration#otelSpanProcessor matched:
      - @ConditionalOnMissingBean (types: io.opentelemetry.sdk.trace.export.BatchSpanProcessor; SearchStrategy: all) did not find any beans (OnBeanCondition)

   OpenTelemetryTracingAutoConfiguration#otelTracer matched:
      - @ConditionalOnMissingBean (types: io.opentelemetry.api.trace.Tracer; SearchStrategy: all) did not find any beans (OnBeanCondition)

   OpenTelemetryTracingAutoConfiguration#otelTracerEventPublisher matched:
      - @ConditionalOnMissingBean (types: io.micrometer.tracing.otel.bridge.OtelTracer$EventPublisher; SearchStrategy: all) did not find any beans (OnBeanCondition)

   OpenTelemetryTracingAutoConfiguration#spanExporters matched:
      - @ConditionalOnMissingBean (types: org.springframework.boot.actuate.autoconfigure.tracing.SpanExporters; SearchStrategy: all) did not find any beans (OnBeanCondition)

   OpenTelemetryTracingAutoConfiguration#spanProcessors matched:
      - @ConditionalOnMissingBean (types: org.springframework.boot.actuate.autoconfigure.tracing.SpanProcessors; SearchStrategy: all) did not find any beans (OnBeanCondition)

   OtelResourceAutoConfiguration matched:
      - @ConditionalOnProperty (otel.springboot.resource.enabled) matched (OnPropertyCondition)

   OtlpLoggerExporterAutoConfiguration matched:
      - @ConditionalOnClass found required class 'io.opentelemetry.exporter.otlp.logs.OtlpGrpcLogRecordExporter' (OnClassCondition)

   OtlpLoggerExporterAutoConfiguration#otelOtlpLogRecordExporter matched:
      - @ConditionalOnMissingBean (types: io.opentelemetry.exporter.otlp.logs.OtlpGrpcLogRecordExporter,io.opentelemetry.exporter.otlp.http.logs.OtlpHttpLogRecordExporter; SearchStrategy: all) did not find any beans (OnBeanCondition)

   OtlpLoggingAutoConfiguration matched:
      - @ConditionalOnClass found required classes 'io.opentelemetry.sdk.logs.SdkLoggerProvider', 'io.opentelemetry.api.OpenTelemetry', 'io.opentelemetry.exporter.otlp.http.logs.OtlpHttpLogRecordExporter' (OnClassCondition)

   OtlpMetricExporterAutoConfiguration matched:
      - @ConditionalOnClass found required class 'io.opentelemetry.exporter.otlp.metrics.OtlpGrpcMetricExporter' (OnClassCondition)

   OtlpMetricExporterAutoConfiguration#otelOtlpMetricExporter matched:
      - @ConditionalOnMissingBean (types: io.opentelemetry.exporter.otlp.metrics.OtlpGrpcMetricExporter,io.opentelemetry.exporter.otlp.http.metrics.OtlpHttpMetricExporter; SearchStrategy: all) did not find any beans (OnBeanCondition)

   OtlpSpanExporterAutoConfiguration matched:
      - @ConditionalOnClass found required class 'io.opentelemetry.exporter.otlp.trace.OtlpGrpcSpanExporter' (OnClassCondition)

   OtlpSpanExporterAutoConfiguration#otelOtlpHttpSpanExporterBuilder matched:
      - @ConditionalOnMissingBean (types: io.opentelemetry.exporter.otlp.http.trace.OtlpHttpSpanExporterBuilder; SearchStrategy: all) did not find any beans (OnBeanCondition)

   OtlpSpanExporterAutoConfiguration#otelOtlpSpanExporter matched:
      - @ConditionalOnMissingBean (types: io.opentelemetry.exporter.otlp.trace.OtlpGrpcSpanExporter,io.opentelemetry.exporter.otlp.http.trace.OtlpHttpSpanExporter; SearchStrategy: all) did not find any beans (OnBeanCondition)

   OtlpTracingAutoConfiguration matched:
      - @ConditionalOnClass found required classes 'io.micrometer.tracing.otel.bridge.OtelTracer', 'io.opentelemetry.sdk.trace.SdkTracerProvider', 'io.opentelemetry.api.OpenTelemetry', 'io.opentelemetry.exporter.otlp.http.trace.OtlpHttpSpanExporter' (OnClassCondition)

   OtlpTracingConfigurations.ConnectionDetails#otlpTracingConnectionDetails matched:
      - @ConditionalOnProperty (management.otlp.tracing.endpoint) matched (OnPropertyCondition)
      - @ConditionalOnMissingBean (types: org.springframework.boot.actuate.autoconfigure.tracing.otlp.OtlpTracingConnectionDetails; SearchStrategy: all) did not find any beans (OnBeanCondition)

   OtlpTracingConfigurations.Exporters matched:
      - @ConditionalOnEnabledTracing management.tracing.enabled is true (OnEnabledTracingCondition)
      - @ConditionalOnBean (types: org.springframework.boot.actuate.autoconfigure.tracing.otlp.OtlpTracingConnectionDetails; SearchStrategy: all) found bean 'otlpTracingConnectionDetails'; @ConditionalOnMissingBean (types: io.opentelemetry.exporter.otlp.trace.OtlpGrpcSpanExporter,io.opentelemetry.exporter.otlp.http.trace.OtlpHttpSpanExporter; SearchStrategy: all) did not find any beans (OnBeanCondition)

   OtlpTracingConfigurations.Exporters#otlpHttpSpanExporter matched:
      - @ConditionalOnProperty (management.otlp.tracing.transport=http) matched (OnPropertyCondition)

   PersistenceExceptionTranslationAutoConfiguration matched:
      - @ConditionalOnClass found required class 'org.springframework.dao.annotation.PersistenceExceptionTranslationPostProcessor' (OnClassCondition)

   PersistenceExceptionTranslationAutoConfiguration#persistenceExceptionTranslationPostProcessor matched:
      - @ConditionalOnBooleanProperty (spring.dao.exceptiontranslation.enabled=true) matched (OnPropertyCondition)
      - @ConditionalOnMissingBean (types: org.springframework.dao.annotation.PersistenceExceptionTranslationPostProcessor; SearchStrategy: all) did not find any beans (OnBeanCondition)

   PrometheusExemplarsAutoConfiguration matched:
      - @ConditionalOnClass found required classes 'io.micrometer.tracing.Tracer', 'io.prometheus.metrics.tracer.common.SpanContext' (OnClassCondition)
      - @ConditionalOnBean (types: io.micrometer.tracing.Tracer; SearchStrategy: all) found bean 'micrometerOtelTracer' (OnBeanCondition)

   PrometheusExemplarsAutoConfiguration#spanContext matched:
      - @ConditionalOnMissingBean (types: io.prometheus.metrics.tracer.common.SpanContext; SearchStrategy: all) did not find any beans (OnBeanCondition)

   PrometheusMetricsExportAutoConfiguration matched:
      - @ConditionalOnClass found required class 'io.micrometer.prometheusmetrics.PrometheusMeterRegistry' (OnClassCondition)
      - @ConditionalOnEnabledMetricsExport management.defaults.metrics.export.enabled is considered true (OnMetricsExportEnabledCondition)
      - @ConditionalOnBean (types: io.micrometer.core.instrument.Clock; SearchStrategy: all) found bean 'micrometerClock' (OnBeanCondition)

   PrometheusMetricsExportAutoConfiguration#prometheusConfig matched:
      - @ConditionalOnMissingBean (types: io.micrometer.prometheusmetrics.PrometheusConfig; SearchStrategy: all) did not find any beans (OnBeanCondition)

   PrometheusMetricsExportAutoConfiguration#prometheusMeterRegistry matched:
      - @ConditionalOnMissingBean (types: io.micrometer.prometheusmetrics.PrometheusMeterRegistry; SearchStrategy: all) did not find any beans (OnBeanCondition)

   PrometheusMetricsExportAutoConfiguration#prometheusRegistry matched:
      - @ConditionalOnMissingBean (types: io.prometheus.metrics.model.registry.PrometheusRegistry; SearchStrategy: all) did not find any beans (OnBeanCondition)

   PrometheusMetricsExportAutoConfiguration.PrometheusScrapeEndpointConfiguration matched:
      - @ConditionalOnAvailableEndpoint marked as exposed by a 'management.endpoints.web.exposure' property (OnAvailableEndpointCondition)

   PrometheusMetricsExportAutoConfiguration.PrometheusScrapeEndpointConfiguration#prometheusEndpoint matched:
      - @ConditionalOnMissingBean (types: org.springframework.boot.actuate.metrics.export.prometheus.PrometheusScrapeEndpoint; SearchStrategy: all) did not find any beans (OnBeanCondition)

   PropagationAutoConfiguration matched:
      - @ConditionalOnProperty (otel.propagation.enabled) matched (OnPropertyCondition)

   PropagationAutoConfiguration#contextPropagators matched:
      - @ConditionalOnMissingBean (types: io.opentelemetry.context.propagation.ContextPropagators; SearchStrategy: all) did not find any beans (OnBeanCondition)

   PropertyPlaceholderAutoConfiguration#propertySourcesPlaceholderConfigurer matched:
      - @ConditionalOnMissingBean (types: org.springframework.context.support.PropertySourcesPlaceholderConfigurer; SearchStrategy: current) did not find any beans (OnBeanCondition)

   RepositoryMetricsAutoConfiguration matched:
      - @ConditionalOnClass found required class 'org.springframework.data.repository.Repository' (OnClassCondition)
      - @ConditionalOnBean (types: io.micrometer.core.instrument.MeterRegistry; SearchStrategy: all) found bean 'prometheusMeterRegistry' (OnBeanCondition)

   RepositoryMetricsAutoConfiguration#metricsRepositoryMethodInvocationListener matched:
      - @ConditionalOnMissingBean (types: org.springframework.boot.actuate.metrics.data.MetricsRepositoryMethodInvocationListener; SearchStrategy: all) did not find any beans (OnBeanCondition)

   RepositoryMetricsAutoConfiguration#repositoryTagsProvider matched:
      - @ConditionalOnMissingBean (types: org.springframework.boot.actuate.metrics.data.RepositoryTagsProvider; SearchStrategy: all) did not find any beans (OnBeanCondition)

   RestClientAutoConfiguration matched:
      - @ConditionalOnClass found required class 'org.springframework.web.client.RestClient' (OnClassCondition)
      - AnyNestedCondition 1 matched 1 did not; NestedCondition on NotReactiveWebApplicationOrVirtualThreadsExecutorEnabledCondition.VirtualThreadsExecutorEnabled found non-matching nested conditions @ConditionalOnThreading did not find VIRTUAL, @ConditionalOnBean (names: applicationTaskExecutor; SearchStrategy: all) did not find any beans named applicationTaskExecutor; NestedCondition on NotReactiveWebApplicationOrVirtualThreadsExecutorEnabledCondition.NotReactiveWebApplication NoneNestedConditions 0 matched 1 did not; NestedCondition on NotReactiveWebApplicationCondition.ReactiveWebApplication did not find reactive web application classes (NotReactiveWebApplicationOrVirtualThreadsExecutorEnabledCondition)

   RestClientAutoConfiguration#httpMessageConvertersRestClientCustomizer matched:
      - @ConditionalOnMissingBean (types: org.springframework.boot.autoconfigure.web.client.HttpMessageConvertersRestClientCustomizer; SearchStrategy: all) did not find any beans (OnBeanCondition)

   RestClientAutoConfiguration#restClientBuilder matched:
      - @ConditionalOnMissingBean (types: org.springframework.web.client.RestClient$Builder; SearchStrategy: all) did not find any beans (OnBeanCondition)

   RestClientAutoConfiguration#restClientBuilderConfigurer matched:
      - @ConditionalOnMissingBean (types: org.springframework.boot.autoconfigure.web.client.RestClientBuilderConfigurer; SearchStrategy: all) did not find any beans (OnBeanCondition)

   RestClientAutoConfiguration#restClientSsl matched:
      - @ConditionalOnBean (types: org.springframework.boot.ssl.SslBundles; SearchStrategy: all) found bean 'sslBundleRegistry'; @ConditionalOnMissingBean (types: org.springframework.boot.autoconfigure.web.client.RestClientSsl; SearchStrategy: all) did not find any beans (OnBeanCondition)

   RestClientObservationConfiguration matched:
      - @ConditionalOnClass found required class 'org.springframework.web.client.RestClient' (OnClassCondition)
      - @ConditionalOnBean (types: org.springframework.web.client.RestClient$Builder; SearchStrategy: all) found bean 'restClientBuilder' (OnBeanCondition)

   RestTemplateAutoConfiguration matched:
      - @ConditionalOnClass found required class 'org.springframework.web.client.RestTemplate' (OnClassCondition)
      - NoneNestedConditions 0 matched 1 did not; NestedCondition on NotReactiveWebApplicationCondition.ReactiveWebApplication did not find reactive web application classes (NotReactiveWebApplicationCondition)

   RestTemplateAutoConfiguration#restTemplateBuilder matched:
      - @ConditionalOnMissingBean (types: org.springframework.boot.web.client.RestTemplateBuilder; SearchStrategy: all) did not find any beans (OnBeanCondition)

   RestTemplateObservationConfiguration matched:
      - @ConditionalOnClass found required class 'org.springframework.web.client.RestTemplate' (OnClassCondition)
      - @ConditionalOnBean (types: org.springframework.boot.web.client.RestTemplateBuilder; SearchStrategy: all) found bean 'restTemplateBuilder' (OnBeanCondition)

   ScheduledTasksObservabilityAutoConfiguration matched:
      - @ConditionalOnClass found required class 'org.springframework.scheduling.concurrent.ThreadPoolTaskScheduler' (OnClassCondition)
      - @ConditionalOnBean (types: io.micrometer.observation.ObservationRegistry; SearchStrategy: all) found bean 'observationRegistry' (OnBeanCondition)

   ServletEndpointManagementContextConfiguration matched:
      - found 'session' scope (OnWebApplicationCondition)

   ServletEndpointManagementContextConfiguration.WebMvcServletEndpointManagementContextConfiguration matched:
      - @ConditionalOnClass found required class 'org.springframework.web.servlet.DispatcherServlet' (OnClassCondition)

   ServletManagementContextAutoConfiguration matched:
      - @ConditionalOnClass found required class 'jakarta.servlet.Servlet' (OnClassCondition)
      - found 'session' scope (OnWebApplicationCondition)

   ServletWebServerFactoryAutoConfiguration matched:
      - @ConditionalOnClass found required class 'jakarta.servlet.ServletRequest' (OnClassCondition)
      - found 'session' scope (OnWebApplicationCondition)

   ServletWebServerFactoryAutoConfiguration#tomcatServletWebServerFactoryCustomizer matched:
      - @ConditionalOnClass found required class 'org.apache.catalina.startup.Tomcat' (OnClassCondition)

   ServletWebServerFactoryConfiguration.EmbeddedTomcat matched:
      - @ConditionalOnClass found required classes 'jakarta.servlet.Servlet', 'org.apache.catalina.startup.Tomcat', 'org.apache.coyote.UpgradeProtocol' (OnClassCondition)
      - @ConditionalOnMissingBean (types: org.springframework.boot.web.servlet.server.ServletWebServerFactory; SearchStrategy: current) did not find any beans (OnBeanCondition)

   SimpleCacheConfiguration matched:
      - Cache org.springframework.boot.autoconfigure.cache.SimpleCacheConfiguration automatic cache type (CacheCondition)

   SpringDataWebAutoConfiguration matched:
      - @ConditionalOnClass found required classes 'org.springframework.data.web.PageableHandlerMethodArgumentResolver', 'org.springframework.web.servlet.config.annotation.WebMvcConfigurer' (OnClassCondition)
      - found 'session' scope (OnWebApplicationCondition)
      - @ConditionalOnMissingBean (types: org.springframework.data.web.PageableHandlerMethodArgumentResolver; SearchStrategy: all) did not find any beans (OnBeanCondition)

   SpringDataWebAutoConfiguration#pageableCustomizer matched:
      - @ConditionalOnMissingBean (types: org.springframework.data.web.config.PageableHandlerMethodArgumentResolverCustomizer; SearchStrategy: all) did not find any beans (OnBeanCondition)

   SpringDataWebAutoConfiguration#sortCustomizer matched:
      - @ConditionalOnMissingBean (types: org.springframework.data.web.config.SortHandlerMethodArgumentResolverCustomizer; SearchStrategy: all) did not find any beans (OnBeanCondition)

   SpringDataWebAutoConfiguration#springDataWebSettings matched:
      - @ConditionalOnMissingBean (types: org.springframework.data.web.config.SpringDataWebSettings; SearchStrategy: all) did not find any beans (OnBeanCondition)

   SpringWebInstrumentationAutoConfiguration matched:
      - @ConditionalOnClass found required class 'org.springframework.web.client.RestTemplate' (OnClassCondition)
      - @ConditionalOnProperty (otel.instrumentation.spring-web.enabled) matched (OnPropertyCondition)
      - @ConditionalOnBean (types: io.opentelemetry.api.OpenTelemetry; SearchStrategy: all) found bean 'customOpenTelemetry' (OnBeanCondition)

   SpringWebMvc6InstrumentationAutoConfiguration matched:
      - @ConditionalOnClass found required classes 'jakarta.servlet.Filter', 'org.springframework.web.filter.OncePerRequestFilter', 'org.springframework.web.servlet.DispatcherServlet' (OnClassCondition)
      - @ConditionalOnProperty (otel.instrumentation.spring-webmvc.enabled) matched (OnPropertyCondition)
      - @ConditionalOnBean (types: io.opentelemetry.api.OpenTelemetry; SearchStrategy: all) found bean 'customOpenTelemetry' (OnBeanCondition)

   SqlInitializationAutoConfiguration matched:
      - @ConditionalOnBooleanProperty (spring.sql.init.enabled=true) matched (OnPropertyCondition)
      - NoneNestedConditions 0 matched 1 did not; NestedCondition on SqlInitializationAutoConfiguration.SqlInitializationModeCondition.ModeIsNever @ConditionalOnProperty (spring.sql.init.mode=never) did not find property 'spring.sql.init.mode' (SqlInitializationAutoConfiguration.SqlInitializationModeCondition)

   SslAutoConfiguration#sslBundleRegistry matched:
      - @ConditionalOnMissingBean (types: org.springframework.boot.ssl.SslBundleRegistry,org.springframework.boot.ssl.SslBundles; SearchStrategy: all) did not find any beans (OnBeanCondition)

   SslHealthContributorAutoConfiguration matched:
      - @ConditionalOnEnabledHealthIndicator management.health.defaults.enabled is considered true (OnEnabledHealthIndicatorCondition)

   SslHealthContributorAutoConfiguration#sslHealthIndicator matched:
      - @ConditionalOnMissingBean (names: sslHealthIndicator; SearchStrategy: all) did not find any beans (OnBeanCondition)

   SslHealthContributorAutoConfiguration#sslInfo matched:
      - @ConditionalOnMissingBean (types: org.springframework.boot.info.SslInfo; SearchStrategy: all) did not find any beans (OnBeanCondition)

   SslObservabilityAutoConfiguration matched:
      - @ConditionalOnClass found required class 'io.micrometer.core.instrument.MeterRegistry' (OnClassCondition)
      - @ConditionalOnBean (types: io.micrometer.core.instrument.MeterRegistry,org.springframework.boot.ssl.SslBundles; SearchStrategy: all) found beans 'prometheusMeterRegistry', 'sslBundleRegistry' (OnBeanCondition)

   StartupTimeMetricsListenerAutoConfiguration matched:
      - @ConditionalOnClass found required class 'io.micrometer.core.instrument.MeterRegistry' (OnClassCondition)
      - @ConditionalOnBean (types: io.micrometer.core.instrument.MeterRegistry; SearchStrategy: all) found bean 'prometheusMeterRegistry' (OnBeanCondition)

   StartupTimeMetricsListenerAutoConfiguration#startupTimeMetrics matched:
      - @ConditionalOnMissingBean (types: org.springframework.boot.actuate.metrics.startup.StartupTimeMetricsListener; SearchStrategy: all) did not find any beans (OnBeanCondition)

   SystemMetricsAutoConfiguration matched:
      - @ConditionalOnClass found required class 'io.micrometer.core.instrument.MeterRegistry' (OnClassCondition)
      - @ConditionalOnBean (types: io.micrometer.core.instrument.MeterRegistry; SearchStrategy: all) found bean 'prometheusMeterRegistry' (OnBeanCondition)

   SystemMetricsAutoConfiguration#diskSpaceMetrics matched:
      - @ConditionalOnMissingBean (types: org.springframework.boot.actuate.metrics.system.DiskSpaceMetricsBinder; SearchStrategy: all) did not find any beans (OnBeanCondition)

   SystemMetricsAutoConfiguration#fileDescriptorMetrics matched:
      - @ConditionalOnMissingBean (types: io.micrometer.core.instrument.binder.system.FileDescriptorMetrics; SearchStrategy: all) did not find any beans (OnBeanCondition)

   SystemMetricsAutoConfiguration#processorMetrics matched:
      - @ConditionalOnMissingBean (types: io.micrometer.core.instrument.binder.system.ProcessorMetrics; SearchStrategy: all) did not find any beans (OnBeanCondition)

   SystemMetricsAutoConfiguration#uptimeMetrics matched:
      - @ConditionalOnMissingBean (types: io.micrometer.core.instrument.binder.system.UptimeMetrics; SearchStrategy: all) did not find any beans (OnBeanCondition)

   TaskExecutionAutoConfiguration matched:
      - @ConditionalOnClass found required class 'org.springframework.scheduling.concurrent.ThreadPoolTaskExecutor' (OnClassCondition)

   TaskExecutorConfigurations.SimpleAsyncTaskExecutorBuilderConfiguration#simpleAsyncTaskExecutorBuilder matched:
      - @ConditionalOnMissingBean (types: org.springframework.boot.task.SimpleAsyncTaskExecutorBuilder; SearchStrategy: all) did not find any beans (OnBeanCondition)
      - @ConditionalOnThreading found PLATFORM (OnThreadingCondition)

   TaskExecutorConfigurations.ThreadPoolTaskExecutorBuilderConfiguration#threadPoolTaskExecutorBuilder matched:
      - @ConditionalOnMissingBean (types: org.springframework.boot.task.ThreadPoolTaskExecutorBuilder; SearchStrategy: all) did not find any beans (OnBeanCondition)

   TaskExecutorMetricsAutoConfiguration matched:
      - @ConditionalOnClass found required class 'io.micrometer.core.instrument.binder.jvm.ExecutorServiceMetrics' (OnClassCondition)
      - @ConditionalOnBean (types: java.util.concurrent.Executor,io.micrometer.core.instrument.MeterRegistry; SearchStrategy: all) found beans 'procesamientoExecutor', 'prometheusMeterRegistry', 'taskScheduler' (OnBeanCondition)

   TaskSchedulingAutoConfiguration matched:
      - @ConditionalOnClass found required class 'org.springframework.scheduling.concurrent.ThreadPoolTaskScheduler' (OnClassCondition)

   TaskSchedulingAutoConfiguration#scheduledBeanLazyInitializationExcludeFilter matched:
      - @ConditionalOnBean (names: org.springframework.context.annotation.internalScheduledAnnotationProcessor; SearchStrategy: all) found bean 'org.springframework.context.annotation.internalScheduledAnnotationProcessor' (OnBeanCondition)

   TaskSchedulingConfigurations.SimpleAsyncTaskSchedulerBuilderConfiguration#simpleAsyncTaskSchedulerBuilder matched:
      - @ConditionalOnMissingBean (types: org.springframework.boot.task.SimpleAsyncTaskSchedulerBuilder; SearchStrategy: all) did not find any beans (OnBeanCondition)
      - @ConditionalOnThreading found PLATFORM (OnThreadingCondition)

   TaskSchedulingConfigurations.TaskSchedulerConfiguration matched:
      - @ConditionalOnBean (names: org.springframework.context.annotation.internalScheduledAnnotationProcessor; SearchStrategy: all) found bean 'org.springframework.context.annotation.internalScheduledAnnotationProcessor'; @ConditionalOnMissingBean (types: org.springframework.scheduling.TaskScheduler,java.util.concurrent.ScheduledExecutorService; SearchStrategy: all) did not find any beans (OnBeanCondition)

   TaskSchedulingConfigurations.TaskSchedulerConfiguration#taskScheduler matched:
      - @ConditionalOnThreading found PLATFORM (OnThreadingCondition)

   TaskSchedulingConfigurations.ThreadPoolTaskSchedulerBuilderConfiguration#threadPoolTaskSchedulerBuilder matched:
      - @ConditionalOnMissingBean (types: org.springframework.boot.task.ThreadPoolTaskSchedulerBuilder; SearchStrategy: all) did not find any beans (OnBeanCondition)

   ThreadDumpEndpointAutoConfiguration matched:
      - @ConditionalOnAvailableEndpoint marked as exposed by a 'management.endpoints.web.exposure' property (OnAvailableEndpointCondition)

   ThreadDumpEndpointAutoConfiguration#dumpEndpoint matched:
      - @ConditionalOnMissingBean (types: org.springframework.boot.actuate.management.ThreadDumpEndpoint; SearchStrategy: all) did not find any beans (OnBeanCondition)

   TomcatMetricsAutoConfiguration matched:
      - @ConditionalOnClass found required classes 'io.micrometer.core.instrument.binder.tomcat.TomcatMetrics', 'org.apache.catalina.Manager' (OnClassCondition)
      - @ConditionalOnWebApplication (required) found 'session' scope (OnWebApplicationCondition)

   TomcatMetricsAutoConfiguration#tomcatMetricsBinder matched:
      - @ConditionalOnBean (types: io.micrometer.core.instrument.MeterRegistry; SearchStrategy: all) found bean 'prometheusMeterRegistry'; @ConditionalOnMissingBean (types: io.micrometer.core.instrument.binder.tomcat.TomcatMetrics,org.springframework.boot.actuate.metrics.web.tomcat.TomcatMetricsBinder; SearchStrategy: all) did not find any beans (OnBeanCondition)

   TransactionAutoConfiguration matched:
      - @ConditionalOnClass found required class 'org.springframework.transaction.PlatformTransactionManager' (OnClassCondition)

   TransactionAutoConfiguration.TransactionTemplateConfiguration matched:
      - @ConditionalOnSingleCandidate (types: org.springframework.transaction.PlatformTransactionManager; SearchStrategy: all) found a single bean 'transactionManager' (OnBeanCondition)

   TransactionAutoConfiguration.TransactionTemplateConfiguration#transactionTemplate matched:
      - @ConditionalOnMissingBean (types: org.springframework.transaction.support.TransactionOperations; SearchStrategy: all) did not find any beans (OnBeanCondition)

   TransactionManagerCustomizationAutoConfiguration matched:
      - @ConditionalOnClass found required class 'org.springframework.transaction.PlatformTransactionManager' (OnClassCondition)

   TransactionManagerCustomizationAutoConfiguration#platformTransactionManagerCustomizers matched:
      - @ConditionalOnMissingBean (types: org.springframework.boot.autoconfigure.transaction.TransactionManagerCustomizers; SearchStrategy: all) did not find any beans (OnBeanCondition)

   WebEndpointAutoConfiguration matched:
      - @ConditionalOnWebApplication (required) found 'session' scope (OnWebApplicationCondition)

   WebEndpointAutoConfiguration#controllerEndpointDiscoverer matched:
      - @ConditionalOnMissingBean (types: org.springframework.boot.actuate.endpoint.web.annotation.ControllerEndpointsSupplier; SearchStrategy: all) did not find any beans (OnBeanCondition)

   WebEndpointAutoConfiguration#endpointMediaTypes matched:
      - @ConditionalOnMissingBean (types: org.springframework.boot.actuate.endpoint.web.EndpointMediaTypes; SearchStrategy: all) did not find any beans (OnBeanCondition)

   WebEndpointAutoConfiguration#pathMappedEndpoints matched:
      - @ConditionalOnMissingBean (types: org.springframework.boot.actuate.endpoint.web.PathMappedEndpoints; SearchStrategy: all) did not find any beans (OnBeanCondition)

   WebEndpointAutoConfiguration#webEndpointDiscoverer matched:
      - @ConditionalOnMissingBean (types: org.springframework.boot.actuate.endpoint.web.WebEndpointsSupplier; SearchStrategy: all) did not find any beans (OnBeanCondition)

   WebEndpointAutoConfiguration.WebEndpointServletConfiguration matched:
      - found 'session' scope (OnWebApplicationCondition)

   WebEndpointAutoConfiguration.WebEndpointServletConfiguration#servletEndpointDiscoverer matched:
      - @ConditionalOnMissingBean (types: org.springframework.boot.actuate.endpoint.web.annotation.ServletEndpointsSupplier; SearchStrategy: all) did not find any beans (OnBeanCondition)

   WebMvcAutoConfiguration matched:
      - @ConditionalOnClass found required classes 'jakarta.servlet.Servlet', 'org.springframework.web.servlet.DispatcherServlet', 'org.springframework.web.servlet.config.annotation.WebMvcConfigurer' (OnClassCondition)
      - found 'session' scope (OnWebApplicationCondition)
      - @ConditionalOnMissingBean (types: org.springframework.web.servlet.config.annotation.WebMvcConfigurationSupport; SearchStrategy: all) did not find any beans (OnBeanCondition)

   WebMvcAutoConfiguration#formContentFilter matched:
      - @ConditionalOnBooleanProperty (spring.mvc.formcontent.filter.enabled=true) matched (OnPropertyCondition)
      - @ConditionalOnMissingBean (types: org.springframework.web.filter.FormContentFilter; SearchStrategy: all) did not find any beans (OnBeanCondition)

   WebMvcAutoConfiguration.EnableWebMvcConfiguration#flashMapManager matched:
      - @ConditionalOnMissingBean (names: flashMapManager; SearchStrategy: all) did not find any beans (OnBeanCondition)

   WebMvcAutoConfiguration.EnableWebMvcConfiguration#localeResolver matched:
      - @ConditionalOnMissingBean (names: localeResolver; SearchStrategy: all) did not find any beans (OnBeanCondition)

   WebMvcAutoConfiguration.EnableWebMvcConfiguration#themeResolver matched:
      - @ConditionalOnMissingBean (names: themeResolver; SearchStrategy: all) did not find any beans (OnBeanCondition)

   WebMvcAutoConfiguration.EnableWebMvcConfiguration#viewNameTranslator matched:
      - @ConditionalOnMissingBean (names: viewNameTranslator; SearchStrategy: all) did not find any beans (OnBeanCondition)

   WebMvcAutoConfiguration.WebMvcAutoConfigurationAdapter#defaultViewResolver matched:
      - @ConditionalOnMissingBean (types: org.springframework.web.servlet.view.InternalResourceViewResolver; SearchStrategy: all) did not find any beans (OnBeanCondition)

   WebMvcAutoConfiguration.WebMvcAutoConfigurationAdapter#requestContextFilter matched:
      - @ConditionalOnMissingBean (types: org.springframework.web.context.request.RequestContextListener,org.springframework.web.filter.RequestContextFilter; SearchStrategy: all) did not find any beans (OnBeanCondition)

   WebMvcAutoConfiguration.WebMvcAutoConfigurationAdapter#viewResolver matched:
      - @ConditionalOnBean (types: org.springframework.web.servlet.ViewResolver; SearchStrategy: all) found beans 'defaultViewResolver', 'beanNameViewResolver', 'mvcViewResolver'; @ConditionalOnMissingBean (names: viewResolver types: org.springframework.web.servlet.view.ContentNegotiatingViewResolver; SearchStrategy: all) did not find any beans (OnBeanCondition)

   WebMvcEndpointManagementContextConfiguration matched:
      - @ConditionalOnClass found required class 'org.springframework.web.servlet.DispatcherServlet' (OnClassCondition)
      - found 'session' scope (OnWebApplicationCondition)
      - @ConditionalOnBean (types: org.springframework.web.servlet.DispatcherServlet,org.springframework.boot.actuate.endpoint.web.WebEndpointsSupplier; SearchStrategy: all) found beans 'webEndpointDiscoverer', 'dispatcherServlet' (OnBeanCondition)

   WebMvcEndpointManagementContextConfiguration#controllerEndpointHandlerMapping matched:
      - @ConditionalOnMissingBean (types: org.springframework.boot.actuate.endpoint.web.servlet.ControllerEndpointHandlerMapping; SearchStrategy: all) did not find any beans (OnBeanCondition)

   WebMvcEndpointManagementContextConfiguration#endpointObjectMapperWebMvcConfigurer matched:
      - @ConditionalOnBean (types: org.springframework.boot.actuate.endpoint.jackson.EndpointObjectMapper; SearchStrategy: all) found bean 'endpointObjectMapper' (OnBeanCondition)

   WebMvcEndpointManagementContextConfiguration#webEndpointServletHandlerMapping matched:
      - @ConditionalOnMissingBean (types: org.springframework.boot.actuate.endpoint.web.servlet.WebMvcEndpointHandlerMapping; SearchStrategy: all) did not find any beans (OnBeanCondition)

   WebMvcObservationAutoConfiguration matched:
      - @ConditionalOnClass found required classes 'org.springframework.web.servlet.DispatcherServlet', 'io.micrometer.observation.Observation' (OnClassCondition)
      - found 'session' scope (OnWebApplicationCondition)
      - @ConditionalOnBean (types: io.micrometer.observation.ObservationRegistry; SearchStrategy: all) found bean 'observationRegistry' (OnBeanCondition)

   WebMvcObservationAutoConfiguration#webMvcObservationFilter matched:
      - @ConditionalOnMissingBean (types: org.springframework.web.filter.ServerHttpObservationFilter; SearchStrategy: all) did not find any beans (OnBeanCondition)

   WebMvcObservationAutoConfiguration.MeterFilterConfiguration matched:
      - @ConditionalOnClass found required class 'io.micrometer.core.instrument.MeterRegistry' (OnClassCondition)
      - @ConditionalOnBean (types: io.micrometer.core.instrument.MeterRegistry; SearchStrategy: all) found bean 'prometheusMeterRegistry' (OnBeanCondition)

   WebSocketServletAutoConfiguration matched:
      - @ConditionalOnClass found required classes 'jakarta.servlet.Servlet', 'jakarta.websocket.server.ServerContainer' (OnClassCondition)
      - found 'session' scope (OnWebApplicationCondition)

   WebSocketServletAutoConfiguration.TomcatWebSocketConfiguration matched:
      - @ConditionalOnClass found required classes 'org.apache.catalina.startup.Tomcat', 'org.apache.tomcat.websocket.server.WsSci' (OnClassCondition)

   WebSocketServletAutoConfiguration.TomcatWebSocketConfiguration#websocketServletWebServerCustomizer matched:
      - @ConditionalOnMissingBean (names: websocketServletWebServerCustomizer; SearchStrategy: all) did not find any beans (OnBeanCondition)


Negative matches:
-----------------

   ActiveMQAutoConfiguration:
      Did not match:
         - @ConditionalOnClass did not find required class 'jakarta.jms.ConnectionFactory' (OnClassCondition)

   AopAutoConfiguration.AspectJAutoProxyingConfiguration.JdkDynamicAutoProxyConfiguration:
      Did not match:
         - @ConditionalOnBooleanProperty (spring.aop.proxy-target-class=false) did not find property 'spring.aop.proxy-target-class' (OnPropertyCondition)

   AopAutoConfiguration.ClassProxyingConfiguration:
      Did not match:
         - @ConditionalOnMissingClass found unwanted class 'org.aspectj.weaver.Advice' (OnClassCondition)

   AppOpticsMetricsExportAutoConfiguration:
      Did not match:
         - @ConditionalOnClass did not find required class 'io.micrometer.appoptics.AppOpticsMeterRegistry' (OnClassCondition)

   ArtemisAutoConfiguration:
      Did not match:
         - @ConditionalOnClass did not find required class 'jakarta.jms.ConnectionFactory' (OnClassCondition)

   AtlasMetricsExportAutoConfiguration:
      Did not match:
         - @ConditionalOnClass did not find required class 'io.micrometer.atlas.AtlasMeterRegistry' (OnClassCondition)

   AuditAutoConfiguration:
      Did not match:
         - @ConditionalOnBean (types: org.springframework.boot.actuate.audit.AuditEventRepository; SearchStrategy: all) did not find any beans of type org.springframework.boot.actuate.audit.AuditEventRepository (OnBeanCondition)
      Matched:
         - @ConditionalOnBooleanProperty (management.auditevents.enabled=true) matched (OnPropertyCondition)

   AuditEventsEndpointAutoConfiguration:
      Did not match:
         - @ConditionalOnAvailableEndpoint not exposed (OnAvailableEndpointCondition)

   AvailabilityHealthContributorAutoConfiguration#livenessStateHealthIndicator:
      Did not match:
         - @ConditionalOnBooleanProperty (management.health.livenessstate.enabled=true) did not find property 'management.health.livenessstate.enabled' (OnPropertyCondition)

   AvailabilityHealthContributorAutoConfiguration#readinessStateHealthIndicator:
      Did not match:
         - @ConditionalOnBooleanProperty (management.health.readinessstate.enabled=true) did not find property 'management.health.readinessstate.enabled' (OnPropertyCondition)

   AvailabilityProbesAutoConfiguration:
      Did not match:
         - Probes availability not running on a supported cloud platform (AvailabilityProbesAutoConfiguration.ProbesCondition)

   BatchAutoConfiguration:
      Did not match:
         - @ConditionalOnClass did not find required class 'org.springframework.batch.core.launch.JobLauncher' (OnClassCondition)

   BatchObservationAutoConfiguration:
      Did not match:
         - @ConditionalOnClass did not find required class 'org.springframework.batch.core.configuration.annotation.BatchObservabilityBeanPostProcessor' (OnClassCondition)

   BeansEndpointAutoConfiguration:
      Did not match:
         - @ConditionalOnAvailableEndpoint not exposed (OnAvailableEndpointCondition)

   BraveAutoConfiguration:
      Did not match:
         - @ConditionalOnClass did not find required class 'brave.Tracer' (OnClassCondition)

   Cache2kCacheConfiguration:
      Did not match:
         - @ConditionalOnClass did not find required class 'org.cache2k.Cache2kBuilder' (OnClassCondition)

   CacheAutoConfiguration:
      Did not match:
         - @ConditionalOnBean (types: org.springframework.cache.interceptor.CacheAspectSupport; SearchStrategy: all) did not find any beans of type org.springframework.cache.interceptor.CacheAspectSupport (OnBeanCondition)
      Matched:
         - @ConditionalOnClass found required class 'org.springframework.cache.CacheManager' (OnClassCondition)

   CacheAutoConfiguration.CacheManagerEntityManagerFactoryDependsOnPostProcessor:
      Did not match:
         - Ancestor org.springframework.boot.autoconfigure.cache.CacheAutoConfiguration did not match (ConditionEvaluationReport.AncestorsMatchedCondition)
      Matched:
         - @ConditionalOnClass found required class 'org.springframework.orm.jpa.LocalContainerEntityManagerFactoryBean' (OnClassCondition)

   CacheMeterBinderProvidersConfiguration.Cache2kCacheMeterBinderProviderConfiguration:
      Did not match:
         - @ConditionalOnClass did not find required classes 'org.cache2k.Cache2kBuilder', 'org.cache2k.extra.spring.SpringCache2kCache', 'org.cache2k.extra.micrometer.Cache2kCacheMetrics' (OnClassCondition)

   CacheMeterBinderProvidersConfiguration.CaffeineCacheMeterBinderProviderConfiguration:
      Did not match:
         - @ConditionalOnClass did not find required classes 'org.springframework.cache.caffeine.CaffeineCache', 'com.github.benmanes.caffeine.cache.Cache' (OnClassCondition)

   CacheMeterBinderProvidersConfiguration.HazelcastCacheMeterBinderProviderConfiguration:
      Did not match:
         - @ConditionalOnClass did not find required classes 'com.hazelcast.spring.cache.HazelcastCache', 'com.hazelcast.core.Hazelcast' (OnClassCondition)

   CacheMeterBinderProvidersConfiguration.JCacheCacheMeterBinderProviderConfiguration:
      Did not match:
         - @ConditionalOnClass did not find required classes 'org.springframework.cache.jcache.JCacheCache', 'javax.cache.CacheManager' (OnClassCondition)

   CacheMeterBinderProvidersConfiguration.RedisCacheMeterBinderProviderConfiguration:
      Did not match:
         - @ConditionalOnClass did not find required class 'org.springframework.data.redis.cache.RedisCache' (OnClassCondition)

   CacheMetricsAutoConfiguration:
      Did not match:
         - @ConditionalOnBean (types: org.springframework.cache.CacheManager; SearchStrategy: all) did not find any beans of type org.springframework.cache.CacheManager (OnBeanCondition)

   CachesEndpointAutoConfiguration:
      Did not match:
         - @ConditionalOnAvailableEndpoint not exposed (OnAvailableEndpointCondition)
      Matched:
         - @ConditionalOnClass found required class 'org.springframework.cache.CacheManager' (OnClassCondition)

   CaffeineCacheConfiguration:
      Did not match:
         - @ConditionalOnClass did not find required class 'com.github.benmanes.caffeine.cache.Caffeine' (OnClassCondition)

   CassandraAutoConfiguration:
      Did not match:
         - @ConditionalOnClass did not find required class 'com.datastax.oss.driver.api.core.CqlSession' (OnClassCondition)

   CassandraDataAutoConfiguration:
      Did not match:
         - @ConditionalOnClass did not find required class 'com.datastax.oss.driver.api.core.CqlSession' (OnClassCondition)

   CassandraHealthContributorAutoConfiguration:
      Did not match:
         - @ConditionalOnClass did not find required class 'com.datastax.oss.driver.api.core.CqlSession' (OnClassCondition)

   CassandraReactiveDataAutoConfiguration:
      Did not match:
         - @ConditionalOnClass did not find required class 'com.datastax.oss.driver.api.core.CqlSession' (OnClassCondition)

   CassandraReactiveHealthContributorAutoConfiguration:
      Did not match:
         - @ConditionalOnClass did not find required class 'com.datastax.oss.driver.api.core.CqlSession' (OnClassCondition)

   CassandraReactiveRepositoriesAutoConfiguration:
      Did not match:
         - @ConditionalOnClass did not find required class 'org.springframework.data.cassandra.ReactiveSession' (OnClassCondition)

   CassandraRepositoriesAutoConfiguration:
      Did not match:
         - @ConditionalOnClass did not find required class 'com.datastax.oss.driver.api.core.CqlSession' (OnClassCondition)

   org.springframework.boot.autoconfigure.http.client.reactive.ClientHttpConnectorAutoConfiguration:
      Did not match:
         - @ConditionalOnClass did not find required class 'reactor.core.publisher.Mono' (OnClassCondition)

   org.springframework.boot.autoconfigure.web.reactive.function.client.ClientHttpConnectorAutoConfiguration:
      Did not match:
         - @ConditionalOnClass did not find required class 'org.springframework.web.reactive.function.client.WebClient' (OnClassCondition)

   CloudFoundryActuatorAutoConfiguration:
      Did not match:
         - @ConditionalOnCloudPlatform did not find CLOUD_FOUNDRY (OnCloudPlatformCondition)
      Matched:
         - @ConditionalOnClass found required class 'org.springframework.web.servlet.DispatcherServlet' (OnClassCondition)
         - found 'session' scope (OnWebApplicationCondition)
         - @ConditionalOnBooleanProperty (management.cloudfoundry.enabled=true) matched (OnPropertyCondition)

   CodecsAutoConfiguration:
      Did not match:
         - @ConditionalOnClass did not find required class 'org.springframework.web.reactive.function.client.WebClient' (OnClassCondition)

   CompositeMeterRegistryConfiguration:
      Did not match:
         - NoneNestedConditions 1 matched 1 did not; NestedCondition on CompositeMeterRegistryConfiguration.MultipleNonPrimaryMeterRegistriesCondition.SingleInjectableMeterRegistry @ConditionalOnSingleCandidate (types: io.micrometer.core.instrument.MeterRegistry; SearchStrategy: all) found a single bean 'prometheusMeterRegistry'; NestedCondition on CompositeMeterRegistryConfiguration.MultipleNonPrimaryMeterRegistriesCondition.NoMeterRegistryCondition @ConditionalOnMissingBean (types: io.micrometer.core.instrument.MeterRegistry; SearchStrategy: all) found beans of type 'io.micrometer.core.instrument.MeterRegistry' prometheusMeterRegistry (CompositeMeterRegistryConfiguration.MultipleNonPrimaryMeterRegistriesCondition)

   ConditionsReportEndpointAutoConfiguration:
      Did not match:
         - @ConditionalOnAvailableEndpoint not exposed (OnAvailableEndpointCondition)

   ConnectionFactoryHealthContributorAutoConfiguration:
      Did not match:
         - @ConditionalOnClass did not find required class 'io.r2dbc.spi.ConnectionFactory' (OnClassCondition)

   ConnectionPoolMetricsAutoConfiguration:
      Did not match:
         - @ConditionalOnClass did not find required class 'io.r2dbc.pool.ConnectionPool' (OnClassCondition)

   CouchbaseAutoConfiguration:
      Did not match:
         - @ConditionalOnClass did not find required class 'com.couchbase.client.java.Cluster' (OnClassCondition)

   CouchbaseCacheConfiguration:
      Did not match:
         - @ConditionalOnClass did not find required class 'com.couchbase.client.java.Cluster' (OnClassCondition)

   CouchbaseDataAutoConfiguration:
      Did not match:
         - @ConditionalOnClass did not find required class 'com.couchbase.client.java.Bucket' (OnClassCondition)

   CouchbaseHealthContributorAutoConfiguration:
      Did not match:
         - @ConditionalOnClass did not find required class 'com.couchbase.client.java.Cluster' (OnClassCondition)

   CouchbaseReactiveDataAutoConfiguration:
      Did not match:
         - @ConditionalOnClass did not find required class 'com.couchbase.client.java.Cluster' (OnClassCondition)

   CouchbaseReactiveHealthContributorAutoConfiguration:
      Did not match:
         - @ConditionalOnClass did not find required class 'com.couchbase.client.java.Cluster' (OnClassCondition)

   CouchbaseReactiveRepositoriesAutoConfiguration:
      Did not match:
         - @ConditionalOnClass did not find required class 'com.couchbase.client.java.Cluster' (OnClassCondition)

   CouchbaseRepositoriesAutoConfiguration:
      Did not match:
         - @ConditionalOnClass did not find required class 'com.couchbase.client.java.Bucket' (OnClassCondition)

   DataSourceAutoConfiguration.EmbeddedDatabaseConfiguration:
      Did not match:
         - EmbeddedDataSource spring.datasource.url is set (DataSourceAutoConfiguration.EmbeddedDatabaseCondition)

   DataSourceCheckpointRestoreConfiguration:
      Did not match:
         - @ConditionalOnClass did not find required class 'org.crac.Resource' (OnClassCondition)

   DataSourceConfiguration.Dbcp2:
      Did not match:
         - @ConditionalOnClass did not find required class 'org.apache.commons.dbcp2.BasicDataSource' (OnClassCondition)

   DataSourceConfiguration.Generic:
      Did not match:
         - @ConditionalOnProperty (spring.datasource.type) did not find property 'spring.datasource.type' (OnPropertyCondition)

   DataSourceConfiguration.OracleUcp:
      Did not match:
         - @ConditionalOnClass did not find required classes 'oracle.ucp.jdbc.PoolDataSourceImpl', 'oracle.jdbc.OracleConnection' (OnClassCondition)

   DataSourceConfiguration.Tomcat:
      Did not match:
         - @ConditionalOnClass did not find required class 'org.apache.tomcat.jdbc.pool.DataSource' (OnClassCondition)

   DataSourceJmxConfiguration:
      Did not match:
         - @ConditionalOnBooleanProperty (spring.jmx.enabled=true) did not find property 'spring.jmx.enabled' (OnPropertyCondition)

   DataSourcePoolMetadataProvidersConfiguration.CommonsDbcp2PoolDataSourceMetadataProviderConfiguration:
      Did not match:
         - @ConditionalOnClass did not find required class 'org.apache.commons.dbcp2.BasicDataSource' (OnClassCondition)

   DataSourcePoolMetadataProvidersConfiguration.OracleUcpPoolDataSourceMetadataProviderConfiguration:
      Did not match:
         - @ConditionalOnClass did not find required classes 'oracle.ucp.jdbc.PoolDataSource', 'oracle.jdbc.OracleConnection' (OnClassCondition)

   DataSourcePoolMetadataProvidersConfiguration.TomcatDataSourcePoolMetadataProviderConfiguration:
      Did not match:
         - @ConditionalOnClass did not find required class 'org.apache.tomcat.jdbc.pool.DataSource' (OnClassCondition)

   DataSourceTransactionManagerAutoConfiguration.JdbcTransactionManagerConfiguration#transactionManager:
      Did not match:
         - @ConditionalOnMissingBean (types: org.springframework.transaction.TransactionManager; SearchStrategy: all) found beans of type 'org.springframework.transaction.TransactionManager' transactionManager (OnBeanCondition)

   DatadogMetricsExportAutoConfiguration:
      Did not match:
         - @ConditionalOnClass did not find required class 'io.micrometer.datadog.DatadogMeterRegistry' (OnClassCondition)

   DispatcherServletAutoConfiguration.DispatcherServletConfiguration#multipartResolver:
      Did not match:
         - @ConditionalOnBean (types: org.springframework.web.multipart.MultipartResolver; SearchStrategy: all) did not find any beans of type org.springframework.web.multipart.MultipartResolver (OnBeanCondition)

   DynatraceMetricsExportAutoConfiguration:
      Did not match:
         - @ConditionalOnClass did not find required class 'io.micrometer.dynatrace.DynatraceMeterRegistry' (OnClassCondition)

   ElasticMetricsExportAutoConfiguration:
      Did not match:
         - @ConditionalOnClass did not find required class 'io.micrometer.elastic.ElasticMeterRegistry' (OnClassCondition)

   ElasticsearchClientAutoConfiguration:
      Did not match:
         - @ConditionalOnClass did not find required class 'co.elastic.clients.elasticsearch.ElasticsearchClient' (OnClassCondition)

   ElasticsearchDataAutoConfiguration:
      Did not match:
         - @ConditionalOnClass did not find required class 'org.springframework.data.elasticsearch.client.elc.ElasticsearchTemplate' (OnClassCondition)

   ElasticsearchReactiveHealthContributorAutoConfiguration:
      Did not match:
         - @ConditionalOnClass did not find required class 'reactor.core.publisher.Flux' (OnClassCondition)

   ElasticsearchRepositoriesAutoConfiguration:
      Did not match:
         - @ConditionalOnClass did not find required class 'org.springframework.data.elasticsearch.repository.ElasticsearchRepository' (OnClassCondition)

   ElasticsearchRestClientAutoConfiguration:
      Did not match:
         - @ConditionalOnClass did not find required class 'org.elasticsearch.client.RestClientBuilder' (OnClassCondition)

   ElasticsearchRestHealthContributorAutoConfiguration:
      Did not match:
         - @ConditionalOnClass did not find required class 'org.elasticsearch.client.RestClient' (OnClassCondition)

   EmbeddedLdapAutoConfiguration:
      Did not match:
         - @ConditionalOnClass did not find required class 'com.unboundid.ldap.listener.InMemoryDirectoryServer' (OnClassCondition)

   EmbeddedWebServerFactoryCustomizerAutoConfiguration.JettyWebServerFactoryCustomizerConfiguration:
      Did not match:
         - @ConditionalOnClass did not find required classes 'org.eclipse.jetty.server.Server', 'org.eclipse.jetty.util.Loader', 'org.eclipse.jetty.ee10.webapp.WebAppContext' (OnClassCondition)

   EmbeddedWebServerFactoryCustomizerAutoConfiguration.NettyWebServerFactoryCustomizerConfiguration:
      Did not match:
         - @ConditionalOnClass did not find required class 'reactor.netty.http.server.HttpServer' (OnClassCondition)

   EmbeddedWebServerFactoryCustomizerAutoConfiguration.TomcatWebServerFactoryCustomizerConfiguration#tomcatVirtualThreadsProtocolHandlerCustomizer:
      Did not match:
         - @ConditionalOnThreading did not find VIRTUAL (OnThreadingCondition)

   EmbeddedWebServerFactoryCustomizerAutoConfiguration.UndertowWebServerFactoryCustomizerConfiguration:
      Did not match:
         - @ConditionalOnClass did not find required classes 'io.undertow.Undertow', 'org.xnio.SslClientAuthMode' (OnClassCondition)

   ErrorWebFluxAutoConfiguration:
      Did not match:
         - @ConditionalOnClass did not find required class 'org.springframework.web.reactive.config.WebFluxConfigurer' (OnClassCondition)

   FlywayAutoConfiguration:
      Did not match:
         - @ConditionalOnClass did not find required class 'org.flywaydb.core.Flyway' (OnClassCondition)

   FlywayEndpointAutoConfiguration:
      Did not match:
         - @ConditionalOnClass did not find required class 'org.flywaydb.core.Flyway' (OnClassCondition)

   FreeMarkerAutoConfiguration:
      Did not match:
         - @ConditionalOnClass did not find required class 'freemarker.template.Configuration' (OnClassCondition)

   GangliaMetricsExportAutoConfiguration:
      Did not match:
         - @ConditionalOnClass did not find required class 'io.micrometer.ganglia.GangliaMeterRegistry' (OnClassCondition)

   GraphQlAutoConfiguration:
      Did not match:
         - @ConditionalOnClass did not find required class 'graphql.GraphQL' (OnClassCondition)

   GraphQlObservationAutoConfiguration:
      Did not match:
         - @ConditionalOnClass did not find required class 'graphql.GraphQL' (OnClassCondition)

   GraphQlQueryByExampleAutoConfiguration:
      Did not match:
         - @ConditionalOnClass did not find required class 'graphql.GraphQL' (OnClassCondition)

   GraphQlQuerydslAutoConfiguration:
      Did not match:
         - @ConditionalOnClass did not find required class 'com.querydsl.core.Query' (OnClassCondition)

   GraphQlRSocketAutoConfiguration:
      Did not match:
         - @ConditionalOnClass did not find required class 'graphql.GraphQL' (OnClassCondition)

   GraphQlReactiveQueryByExampleAutoConfiguration:
      Did not match:
         - @ConditionalOnClass did not find required class 'graphql.GraphQL' (OnClassCondition)

   GraphQlReactiveQuerydslAutoConfiguration:
      Did not match:
         - @ConditionalOnClass did not find required class 'com.querydsl.core.Query' (OnClassCondition)

   GraphQlWebFluxAutoConfiguration:
      Did not match:
         - @ConditionalOnClass did not find required class 'graphql.GraphQL' (OnClassCondition)

   GraphQlWebFluxSecurityAutoConfiguration:
      Did not match:
         - @ConditionalOnClass did not find required class 'graphql.GraphQL' (OnClassCondition)

   GraphQlWebMvcAutoConfiguration:
      Did not match:
         - @ConditionalOnClass did not find required class 'graphql.GraphQL' (OnClassCondition)

   GraphQlWebMvcSecurityAutoConfiguration:
      Did not match:
         - @ConditionalOnClass did not find required class 'graphql.GraphQL' (OnClassCondition)

   GraphiteMetricsExportAutoConfiguration:
      Did not match:
         - @ConditionalOnClass did not find required class 'io.micrometer.graphite.GraphiteMeterRegistry' (OnClassCondition)

   GroovyTemplateAutoConfiguration:
      Did not match:
         - @ConditionalOnClass did not find required class 'groovy.text.markup.MarkupTemplateEngine' (OnClassCondition)

   GrpcMetadataConsulConfiguration:
      Did not match:
         - @ConditionalOnClass did not find required class 'org.springframework.cloud.consul.serviceregistry.ConsulRegistration' (OnClassCondition)

   GrpcMetadataEurekaConfiguration:
      Did not match:
         - @ConditionalOnClass did not find required class 'org.springframework.cloud.netflix.eureka.serviceregistry.EurekaRegistration' (OnClassCondition)

   GrpcMetadataNacosConfiguration:
      Did not match:
         - @ConditionalOnClass did not find required class 'com.alibaba.cloud.nacos.registry.NacosRegistration' (OnClassCondition)

   GrpcMetadataZookeeperConfiguration:
      Did not match:
         - @ConditionalOnClass did not find required class 'org.springframework.cloud.zookeeper.serviceregistry.ZookeeperRegistration' (OnClassCondition)

   GrpcServerAutoConfiguration#defaultServerConfigurers:
      Did not match:
         - @ConditionalOnMissingBean (types: net.devh.boot.grpc.server.serverfactory.GrpcServerConfigurer; SearchStrategy: all) found beans of type 'net.devh.boot.grpc.server.serverfactory.GrpcServerConfigurer' streamTracerFactoryConfigurer, compressionServerConfigurer, decompressionServerConfigurer (OnBeanCondition)

   GrpcServerAutoConfiguration#grpcServerLifecycle:
      Did not match:
         - @ConditionalOnBean (types: net.devh.boot.grpc.server.serverfactory.GrpcServerFactory; SearchStrategy: all) did not find any beans of type net.devh.boot.grpc.server.serverfactory.GrpcServerFactory (OnBeanCondition)

   GrpcServerFactoryAutoConfiguration#inProcessGrpcServerFactory:
      Did not match:
         - @ConditionalOnProperty (grpc.server.in-process-name) did not find property 'in-process-name' (OnPropertyCondition)

   GrpcServerFactoryAutoConfiguration#inProcessGrpcServerLifecycle:
      Did not match:
         - @ConditionalOnBean (types: net.devh.boot.grpc.server.serverfactory.InProcessGrpcServerFactory; SearchStrategy: all) did not find any beans of type net.devh.boot.grpc.server.serverfactory.InProcessGrpcServerFactory (OnBeanCondition)

   GrpcServerFactoryAutoConfiguration#nettyGrpcServerFactory:
      Did not match:
         - @ConditionalOnClass did not find required classes 'io.netty.channel.Channel', 'io.grpc.netty.NettyServerBuilder' (OnClassCondition)

   GrpcServerFactoryAutoConfiguration#nettyGrpcServerLifecycle:
      Did not match:
         - @ConditionalOnBean (types: net.devh.boot.grpc.server.serverfactory.NettyGrpcServerFactory; SearchStrategy: all) did not find any beans of type net.devh.boot.grpc.server.serverfactory.NettyGrpcServerFactory (OnBeanCondition)

   GrpcServerSecurityAutoConfiguration:
      Did not match:
         - @ConditionalOnBean did not find required type 'org.springframework.security.authentication.AuthenticationManager' (OnBeanCondition)

   GsonHttpMessageConvertersConfiguration.GsonHttpMessageConverterConfiguration:
      Did not match:
         - AnyNestedCondition 0 matched 2 did not; NestedCondition on GsonHttpMessageConvertersConfiguration.PreferGsonOrJacksonAndJsonbUnavailableCondition.JacksonJsonbUnavailable NoneNestedConditions 1 matched 1 did not; NestedCondition on GsonHttpMessageConvertersConfiguration.JacksonAndJsonbUnavailableCondition.JsonbPreferred @ConditionalOnPreferredJsonMapper JSONB no property was configured and Jackson is the default; NestedCondition on GsonHttpMessageConvertersConfiguration.JacksonAndJsonbUnavailableCondition.JacksonAvailable @ConditionalOnBean (types: org.springframework.http.converter.json.MappingJackson2HttpMessageConverter; SearchStrategy: all) found bean 'mappingJackson2HttpMessageConverter'; NestedCondition on GsonHttpMessageConvertersConfiguration.PreferGsonOrJacksonAndJsonbUnavailableCondition.GsonPreferred @ConditionalOnPreferredJsonMapper GSON no property was configured and Jackson is the default (GsonHttpMessageConvertersConfiguration.PreferGsonOrJacksonAndJsonbUnavailableCondition)

   H2ConsoleAutoConfiguration:
      Did not match:
         - @ConditionalOnClass did not find required class 'org.h2.server.web.JakartaWebServlet' (OnClassCondition)

   HazelcastAutoConfiguration:
      Did not match:
         - @ConditionalOnClass did not find required class 'com.hazelcast.core.HazelcastInstance' (OnClassCondition)

   HazelcastCacheConfiguration:
      Did not match:
         - @ConditionalOnClass did not find required class 'com.hazelcast.core.HazelcastInstance' (OnClassCondition)

   HazelcastHealthContributorAutoConfiguration:
      Did not match:
         - @ConditionalOnClass did not find required class 'com.hazelcast.core.HazelcastInstance' (OnClassCondition)

   HazelcastJpaDependencyAutoConfiguration:
      Did not match:
         - @ConditionalOnClass did not find required class 'com.hazelcast.core.HazelcastInstance' (OnClassCondition)

   HealthEndpointReactiveWebExtensionConfiguration:
      Did not match:
         - did not find reactive web application classes (OnWebApplicationCondition)

   HealthEndpointWebExtensionConfiguration.JerseyAdditionalHealthEndpointPathsConfiguration:
      Did not match:
         - @ConditionalOnClass did not find required class 'org.glassfish.jersey.server.ResourceConfig' (OnClassCondition)

   HeapDumpWebEndpointAutoConfiguration:
      Did not match:
         - @ConditionalOnAvailableEndpoint the configured access for endpoint 'heapdump' is NONE (OnAvailableEndpointCondition)

   HibernateMetricsAutoConfiguration:
      Did not match:
         - @ConditionalOnClass did not find required class 'org.hibernate.stat.HibernateMetrics' (OnClassCondition)

   HttpExchangesAutoConfiguration:
      Did not match:
         - @ConditionalOnBean (types: org.springframework.boot.actuate.web.exchanges.HttpExchangeRepository; SearchStrategy: all) did not find any beans of type org.springframework.boot.actuate.web.exchanges.HttpExchangeRepository (OnBeanCondition)
      Matched:
         - @ConditionalOnWebApplication (required) found 'session' scope (OnWebApplicationCondition)
         - @ConditionalOnBooleanProperty (management.httpexchanges.recording.enabled=true) matched (OnPropertyCondition)

   HttpExchangesAutoConfiguration.ReactiveHttpExchangesConfiguration:
      Did not match:
         - did not find reactive web application classes (OnWebApplicationCondition)
         - Ancestor org.springframework.boot.actuate.autoconfigure.web.exchanges.HttpExchangesAutoConfiguration did not match (ConditionEvaluationReport.AncestorsMatchedCondition)

   HttpExchangesAutoConfiguration.ServletHttpExchangesConfiguration:
      Did not match:
         - Ancestor org.springframework.boot.actuate.autoconfigure.web.exchanges.HttpExchangesAutoConfiguration did not match (ConditionEvaluationReport.AncestorsMatchedCondition)
      Matched:
         - found 'session' scope (OnWebApplicationCondition)

   HttpExchangesEndpointAutoConfiguration:
      Did not match:
         - @ConditionalOnAvailableEndpoint not exposed (OnAvailableEndpointCondition)

   HttpHandlerAutoConfiguration:
      Did not match:
         - @ConditionalOnClass did not find required class 'org.springframework.web.reactive.DispatcherHandler' (OnClassCondition)

   HumioMetricsExportAutoConfiguration:
      Did not match:
         - @ConditionalOnClass did not find required class 'io.micrometer.humio.HumioMeterRegistry' (OnClassCondition)

   HypermediaAutoConfiguration:
      Did not match:
         - @ConditionalOnClass did not find required class 'org.springframework.hateoas.EntityModel' (OnClassCondition)

   InfinispanCacheConfiguration:
      Did not match:
         - @ConditionalOnClass did not find required class 'org.infinispan.spring.embedded.provider.SpringEmbeddedCacheManager' (OnClassCondition)

   InfluxMetricsExportAutoConfiguration:
      Did not match:
         - @ConditionalOnClass did not find required class 'io.micrometer.influx.InfluxMeterRegistry' (OnClassCondition)

   InfoContributorAutoConfiguration#buildInfoContributor:
      Did not match:
         - @ConditionalOnSingleCandidate (types: org.springframework.boot.info.BuildProperties; SearchStrategy: all) did not find any beans (OnBeanCondition)
      Matched:
         - @ConditionalOnEnabledInfoContributor management.info.defaults.enabled is considered true (OnEnabledInfoContributorCondition)

   InfoContributorAutoConfiguration#envInfoContributor:
      Did not match:
         - @ConditionalOnEnabledInfoContributor management.info.env.enabled is not true (OnEnabledInfoContributorCondition)

   InfoContributorAutoConfiguration#gitInfoContributor:
      Did not match:
         - @ConditionalOnSingleCandidate (types: org.springframework.boot.info.GitProperties; SearchStrategy: all) did not find any beans (OnBeanCondition)
      Matched:
         - @ConditionalOnEnabledInfoContributor management.info.defaults.enabled is considered true (OnEnabledInfoContributorCondition)

   InfoContributorAutoConfiguration#javaInfoContributor:
      Did not match:
         - @ConditionalOnEnabledInfoContributor management.info.java.enabled is not true (OnEnabledInfoContributorCondition)

   InfoContributorAutoConfiguration#osInfoContributor:
      Did not match:
         - @ConditionalOnEnabledInfoContributor management.info.os.enabled is not true (OnEnabledInfoContributorCondition)

   InfoContributorAutoConfiguration#processInfoContributor:
      Did not match:
         - @ConditionalOnEnabledInfoContributor management.info.process.enabled is not true (OnEnabledInfoContributorCondition)

   InfoContributorAutoConfiguration#sslInfo:
      Did not match:
         - @ConditionalOnEnabledInfoContributor management.info.ssl.enabled is not true (OnEnabledInfoContributorCondition)
      Matched:
         - @ConditionalOnMissingBean (types: org.springframework.boot.info.SslInfo; SearchStrategy: all) did not find any beans (OnBeanCondition)

   InfoContributorAutoConfiguration#sslInfoContributor:
      Did not match:
         - @ConditionalOnEnabledInfoContributor management.info.ssl.enabled is not true (OnEnabledInfoContributorCondition)

   InstrumentationAnnotationsAutoConfiguration#otelSdkExtensionWithSpanAspect:
      Did not match:
         - @ConditionalOnClass did not find required class 'io.opentelemetry.extension.annotations.WithSpan' (OnClassCondition)

   IntegrationAutoConfiguration:
      Did not match:
         - @ConditionalOnClass did not find required class 'org.springframework.integration.config.EnableIntegration' (OnClassCondition)

   IntegrationGraphEndpointAutoConfiguration:
      Did not match:
         - @ConditionalOnClass did not find required class 'org.springframework.integration.graph.IntegrationGraphServer' (OnClassCondition)

   JCacheCacheConfiguration:
      Did not match:
         - @ConditionalOnClass did not find required class 'javax.cache.Caching' (OnClassCondition)

   JacksonHttpMessageConvertersConfiguration.MappingJackson2XmlHttpMessageConverterConfiguration:
      Did not match:
         - @ConditionalOnClass did not find required class 'com.fasterxml.jackson.dataformat.xml.XmlMapper' (OnClassCondition)

   JaegerSpanExporterAutoConfiguration:
      Did not match:
         - @ConditionalOnClass did not find required class 'io.opentelemetry.exporter.jaeger.JaegerGrpcSpanExporter' (OnClassCondition)

   JdbcRepositoriesAutoConfiguration:
      Did not match:
         - @ConditionalOnClass did not find required class 'org.springframework.data.jdbc.repository.config.AbstractJdbcConfiguration' (OnClassCondition)

   JerseyAutoConfiguration:
      Did not match:
         - @ConditionalOnClass did not find required class 'org.glassfish.jersey.server.spring.SpringComponentProvider' (OnClassCondition)

   JerseySameManagementContextConfiguration:
      Did not match:
         - @ConditionalOnClass did not find required class 'org.glassfish.jersey.server.ResourceConfig' (OnClassCondition)

   JerseyServerMetricsAutoConfiguration:
      Did not match:
         - @ConditionalOnClass did not find required class 'org.glassfish.jersey.micrometer.server.ObservationApplicationEventListener' (OnClassCondition)

   JerseyWebEndpointManagementContextConfiguration:
      Did not match:
         - @ConditionalOnClass did not find required class 'org.glassfish.jersey.server.ResourceConfig' (OnClassCondition)

   JettyMetricsAutoConfiguration:
      Did not match:
         - @ConditionalOnClass did not find required class 'org.eclipse.jetty.server.Server' (OnClassCondition)

   JmsAutoConfiguration:
      Did not match:
         - @ConditionalOnClass did not find required class 'jakarta.jms.Message' (OnClassCondition)

   JmsHealthContributorAutoConfiguration:
      Did not match:
         - @ConditionalOnClass did not find required class 'jakarta.jms.ConnectionFactory' (OnClassCondition)

   JmxAutoConfiguration:
      Did not match:
         - @ConditionalOnBooleanProperty (spring.jmx.enabled=true) did not find property 'spring.jmx.enabled' (OnPropertyCondition)
      Matched:
         - @ConditionalOnClass found required class 'org.springframework.jmx.export.MBeanExporter' (OnClassCondition)

   JmxEndpointAutoConfiguration:
      Did not match:
         - @ConditionalOnBooleanProperty (spring.jmx.enabled=true) did not find property 'spring.jmx.enabled' (OnPropertyCondition)

   JmxMetricsExportAutoConfiguration:
      Did not match:
         - @ConditionalOnClass did not find required class 'io.micrometer.jmx.JmxMeterRegistry' (OnClassCondition)

   JndiConnectionFactoryAutoConfiguration:
      Did not match:
         - @ConditionalOnClass did not find required class 'org.springframework.jms.core.JmsTemplate' (OnClassCondition)

   JndiDataSourceAutoConfiguration:
      Did not match:
         - @ConditionalOnProperty (spring.datasource.jndi-name) did not find property 'spring.datasource.jndi-name' (OnPropertyCondition)
      Matched:
         - @ConditionalOnClass found required classes 'javax.sql.DataSource', 'org.springframework.jdbc.datasource.embedded.EmbeddedDatabaseType' (OnClassCondition)

   JndiJtaConfiguration:
      Did not match:
         - @ConditionalOnJndi JNDI environment is not available (OnJndiCondition)
      Matched:
         - @ConditionalOnClass found required class 'org.springframework.transaction.jta.JtaTransactionManager' (OnClassCondition)

   JooqAutoConfiguration:
      Did not match:
         - @ConditionalOnClass did not find required class 'org.jooq.DSLContext' (OnClassCondition)

   JpaRepositoriesAutoConfiguration#entityManagerFactoryBootstrapExecutorCustomizer:
      Did not match:
         - AnyNestedCondition 0 matched 2 did not; NestedCondition on JpaRepositoriesAutoConfiguration.BootstrapExecutorCondition.LazyBootstrapMode @ConditionalOnProperty (spring.data.jpa.repositories.bootstrap-mode=lazy) did not find property 'spring.data.jpa.repositories.bootstrap-mode'; NestedCondition on JpaRepositoriesAutoConfiguration.BootstrapExecutorCondition.DeferredBootstrapMode @ConditionalOnProperty (spring.data.jpa.repositories.bootstrap-mode=deferred) did not find property 'spring.data.jpa.repositories.bootstrap-mode' (JpaRepositoriesAutoConfiguration.BootstrapExecutorCondition)

   JsonbAutoConfiguration:
      Did not match:
         - @ConditionalOnClass did not find required class 'jakarta.json.bind.Jsonb' (OnClassCondition)

   JsonbHttpMessageConvertersConfiguration:
      Did not match:
         - @ConditionalOnClass did not find required class 'jakarta.json.bind.Jsonb' (OnClassCondition)

   JvmMetricsAutoConfiguration#virtualThreadMetrics:
      Did not match:
         - @ConditionalOnClass did not find required class 'io.micrometer.java21.instrument.binder.jdk.VirtualThreadMetrics' (OnClassCondition)

   KafkaAutoConfiguration:
      Did not match:
         - @ConditionalOnClass did not find required class 'org.springframework.kafka.core.KafkaTemplate' (OnClassCondition)

   KafkaInstrumentationAutoConfiguration:
      Did not match:
         - @ConditionalOnClass did not find required class 'org.springframework.kafka.config.ConcurrentKafkaListenerContainerFactory' (OnClassCondition)

   KafkaMetricsAutoConfiguration:
      Did not match:
         - @ConditionalOnClass did not find required class 'org.springframework.kafka.core.ProducerFactory' (OnClassCondition)

   KairosMetricsExportAutoConfiguration:
      Did not match:
         - @ConditionalOnClass did not find required class 'io.micrometer.kairos.KairosMeterRegistry' (OnClassCondition)

   LdapAutoConfiguration:
      Did not match:
         - @ConditionalOnClass did not find required class 'org.springframework.ldap.core.ContextSource' (OnClassCondition)

   LdapHealthContributorAutoConfiguration:
      Did not match:
         - @ConditionalOnClass did not find required class 'org.springframework.ldap.core.LdapOperations' (OnClassCondition)

   LdapRepositoriesAutoConfiguration:
      Did not match:
         - @ConditionalOnClass did not find required class 'org.springframework.data.ldap.repository.LdapRepository' (OnClassCondition)

   LettuceMetricsAutoConfiguration:
      Did not match:
         - @ConditionalOnClass did not find required class 'io.lettuce.core.metrics.MicrometerCommandLatencyRecorder' (OnClassCondition)

   LiquibaseAutoConfiguration:
      Did not match:
         - @ConditionalOnClass did not find required class 'liquibase.change.DatabaseChange' (OnClassCondition)

   LiquibaseEndpointAutoConfiguration:
      Did not match:
         - @ConditionalOnClass did not find required class 'liquibase.integration.spring.SpringLiquibase' (OnClassCondition)

   Log4J2MetricsAutoConfiguration:
      Did not match:
         - @ConditionalOnClass did not find required class 'org.apache.logging.log4j.core.LoggerContext' (OnClassCondition)

   LogFileWebEndpointAutoConfiguration:
      Did not match:
         - @ConditionalOnAvailableEndpoint not exposed (OnAvailableEndpointCondition)

   LoggersEndpointAutoConfiguration:
      Did not match:
         - @ConditionalOnAvailableEndpoint not exposed (OnAvailableEndpointCondition)

   MailHealthContributorAutoConfiguration:
      Did not match:
         - @ConditionalOnClass did not find required class 'org.springframework.mail.javamail.JavaMailSenderImpl' (OnClassCondition)

   MailSenderAutoConfiguration:
      Did not match:
         - @ConditionalOnClass did not find required class 'jakarta.mail.internet.MimeMessage' (OnClassCondition)

   MailSenderValidatorAutoConfiguration:
      Did not match:
         - @ConditionalOnSingleCandidate did not find required type 'org.springframework.mail.javamail.JavaMailSenderImpl' (OnBeanCondition)

   ManagementContextAutoConfiguration.DifferentManagementContextConfiguration:
      Did not match:
         - Management Port actual port type (SAME) did not match required type (DIFFERENT) (OnManagementPortCondition)

   ManagementWebSecurityAutoConfiguration:
      Did not match:
         - AllNestedConditions 1 matched 1 did not; NestedCondition on DefaultWebSecurityCondition.Beans @ConditionalOnMissingBean (types: ?; SearchStrategy: all) did not find any beans; NestedCondition on DefaultWebSecurityCondition.Classes @ConditionalOnClass did not find required classes 'org.springframework.security.web.SecurityFilterChain', 'org.springframework.security.config.annotation.web.builders.HttpSecurity' (DefaultWebSecurityCondition)
      Matched:
         - found 'session' scope (OnWebApplicationCondition)

   MappingsEndpointAutoConfiguration:
      Did not match:
         - @ConditionalOnAvailableEndpoint not exposed (OnAvailableEndpointCondition)

   MessageSourceAutoConfiguration:
      Did not match:
         - ResourceBundle did not find bundle with basename messages (MessageSourceAutoConfiguration.ResourceBundleCondition)

   MetricsAspectsAutoConfiguration:
      Did not match:
         - @ConditionalOnBooleanProperty (management.observations.annotations.enabled=true) did not find property 'management.observations.annotations.enabled' (OnPropertyCondition)
      Matched:
         - @ConditionalOnClass found required classes 'io.micrometer.core.instrument.MeterRegistry', 'org.aspectj.weaver.Advice' (OnClassCondition)

   MicrometerBridgeAutoConfiguration:
      Did not match:
         - @ConditionalOnProperty (otel.instrumentation.micrometer.enabled) did not find property 'otel.instrumentation.micrometer.enabled' (OnPropertyCondition)
      Matched:
         - @ConditionalOnClass found required class 'io.micrometer.core.instrument.MeterRegistry' (OnClassCondition)

   MicrometerTracingAutoConfiguration.SpanAspectConfiguration:
      Did not match:
         - @ConditionalOnBooleanProperty (management.observations.annotations.enabled=true) did not find property 'management.observations.annotations.enabled' (OnPropertyCondition)
      Matched:
         - @ConditionalOnClass found required class 'org.aspectj.weaver.Advice' (OnClassCondition)

   MongoAutoConfiguration:
      Did not match:
         - @ConditionalOnClass did not find required class 'com.mongodb.client.MongoClient' (OnClassCondition)

   MongoDataAutoConfiguration:
      Did not match:
         - @ConditionalOnClass did not find required class 'com.mongodb.client.MongoClient' (OnClassCondition)

   MongoHealthContributorAutoConfiguration:
      Did not match:
         - @ConditionalOnClass did not find required class 'org.springframework.data.mongodb.core.MongoTemplate' (OnClassCondition)

   MongoMetricsAutoConfiguration:
      Did not match:
         - @ConditionalOnClass did not find required class 'com.mongodb.MongoClientSettings' (OnClassCondition)

   MongoReactiveAutoConfiguration:
      Did not match:
         - @ConditionalOnClass did not find required class 'com.mongodb.reactivestreams.client.MongoClient' (OnClassCondition)

   MongoReactiveDataAutoConfiguration:
      Did not match:
         - @ConditionalOnClass did not find required class 'com.mongodb.reactivestreams.client.MongoClient' (OnClassCondition)

   MongoReactiveHealthContributorAutoConfiguration:
      Did not match:
         - @ConditionalOnClass did not find required class 'reactor.core.publisher.Flux' (OnClassCondition)

   MongoReactiveRepositoriesAutoConfiguration:
      Did not match:
         - @ConditionalOnClass did not find required class 'com.mongodb.reactivestreams.client.MongoClient' (OnClassCondition)

   MongoRepositoriesAutoConfiguration:
      Did not match:
         - @ConditionalOnClass did not find required class 'com.mongodb.client.MongoClient' (OnClassCondition)

   MustacheAutoConfiguration:
      Did not match:
         - @ConditionalOnClass did not find required class 'com.samskivert.mustache.Mustache' (OnClassCondition)

   Neo4jAutoConfiguration:
      Did not match:
         - @ConditionalOnClass did not find required class 'org.neo4j.driver.Driver' (OnClassCondition)

   Neo4jDataAutoConfiguration:
      Did not match:
         - @ConditionalOnClass did not find required class 'org.neo4j.driver.Driver' (OnClassCondition)

   Neo4jHealthContributorAutoConfiguration:
      Did not match:
         - @ConditionalOnClass did not find required class 'org.neo4j.driver.Driver' (OnClassCondition)

   Neo4jReactiveDataAutoConfiguration:
      Did not match:
         - @ConditionalOnClass did not find required class 'org.neo4j.driver.Driver' (OnClassCondition)

   Neo4jReactiveRepositoriesAutoConfiguration:
      Did not match:
         - @ConditionalOnClass did not find required class 'org.neo4j.driver.Driver' (OnClassCondition)

   Neo4jRepositoriesAutoConfiguration:
      Did not match:
         - @ConditionalOnClass did not find required class 'org.neo4j.driver.Driver' (OnClassCondition)

   NettyAutoConfiguration:
      Did not match:
         - @ConditionalOnClass did not find required class 'io.netty.util.NettyRuntime' (OnClassCondition)

   NewRelicMetricsExportAutoConfiguration:
      Did not match:
         - @ConditionalOnClass did not find required class 'io.micrometer.newrelic.NewRelicMeterRegistry' (OnClassCondition)

   NoOpMeterRegistryConfiguration:
      Did not match:
         - @ConditionalOnMissingBean (types: io.micrometer.core.instrument.MeterRegistry; SearchStrategy: all) found beans of type 'io.micrometer.core.instrument.MeterRegistry' prometheusMeterRegistry (OnBeanCondition)

   NoopTracerAutoConfiguration:
      Did not match:
         - @ConditionalOnMissingBean (types: io.micrometer.tracing.Tracer; SearchStrategy: all) found beans of type 'io.micrometer.tracing.Tracer' micrometerOtelTracer (OnBeanCondition)
      Matched:
         - @ConditionalOnClass found required class 'io.micrometer.tracing.Tracer' (OnClassCondition)

   OAuth2AuthorizationServerAutoConfiguration:
      Did not match:
         - @ConditionalOnClass did not find required class 'org.springframework.security.oauth2.server.authorization.OAuth2Authorization' (OnClassCondition)

   OAuth2AuthorizationServerJwtAutoConfiguration:
      Did not match:
         - @ConditionalOnClass did not find required class 'com.nimbusds.jose.jwk.source.JWKSource' (OnClassCondition)

   OAuth2ClientAutoConfiguration:
      Did not match:
         - @ConditionalOnClass did not find required class 'org.springframework.security.oauth2.client.registration.ClientRegistration' (OnClassCondition)

   OAuth2ClientWebSecurityAutoConfiguration:
      Did not match:
         - @ConditionalOnClass did not find required class 'org.springframework.security.config.annotation.web.configuration.EnableWebSecurity' (OnClassCondition)

   OAuth2ResourceServerAutoConfiguration:
      Did not match:
         - @ConditionalOnClass did not find required class 'org.springframework.security.oauth2.server.resource.authentication.BearerTokenAuthenticationToken' (OnClassCondition)

   ObservationAutoConfiguration.MeterObservationHandlerConfiguration.OnlyMetricsMeterObservationHandlerConfiguration:
      Did not match:
         - @ConditionalOnMissingBean (types: io.micrometer.tracing.Tracer; SearchStrategy: all) found beans of type 'io.micrometer.tracing.Tracer' micrometerOtelTracer (OnBeanCondition)

   ObservationAutoConfiguration.ObservedAspectConfiguration:
      Did not match:
         - @ConditionalOnBooleanProperty (management.observations.annotations.enabled=true) did not find property 'management.observations.annotations.enabled' (OnPropertyCondition)
      Matched:
         - @ConditionalOnClass found required class 'org.aspectj.weaver.Advice' (OnClassCondition)

   ObservationAutoConfiguration.OnlyMetricsConfiguration:
      Did not match:
         - @ConditionalOnMissingClass found unwanted class 'io.micrometer.tracing.Tracer' (OnClassCondition)

   ObservationAutoConfiguration.OnlyTracingConfiguration:
      Did not match:
         - @ConditionalOnMissingClass found unwanted class 'io.micrometer.core.instrument.MeterRegistry' (OnClassCondition)

   OpenTelemetryAppenderAutoConfiguration.Log4jAppenderConfig:
      Did not match:
         - @ConditionalOnClass did not find required class 'org.apache.logging.log4j.core.LoggerContext' (OnClassCondition)

   OpenTelemetryAutoConfiguration#openTelemetry:
      Did not match:
         - @ConditionalOnMissingBean (types: io.opentelemetry.api.OpenTelemetry; SearchStrategy: all) found beans of type 'io.opentelemetry.api.OpenTelemetry' customOpenTelemetry (OnBeanCondition)

   OpenTelemetryAutoConfiguration.DisabledOpenTelemetrySdkConfig:
      Did not match:
         - @ConditionalOnProperty (otel.sdk.disabled=true) did not find property 'otel.sdk.disabled' (OnPropertyCondition)

   OpenTelemetryAutoConfiguration.OpenTelemetrySdkConfig:
      Did not match:
         - @ConditionalOnMissingBean (types: io.opentelemetry.api.OpenTelemetry; SearchStrategy: all) found beans of type 'io.opentelemetry.api.OpenTelemetry' customOpenTelemetry (OnBeanCondition)
      Matched:
         - @ConditionalOnProperty (otel.sdk.disabled=false) matched (OnPropertyCondition)

   OpenTelemetryJdbcDriverAutoConfiguration:
      Did not match:
         - @ConditionalOnProperty (spring.datasource.driver-class-name=io.opentelemetry.instrumentation.jdbc.OpenTelemetryDriver) did not find property 'spring.datasource.driver-class-name' (OnPropertyCondition)
      Matched:
         - @ConditionalOnClass found required class 'io.opentelemetry.instrumentation.jdbc.OpenTelemetryDriver' (OnClassCondition)

   OpenTelemetryPropagationConfigurations.NoPropagation#noopTextMapPropagator:
      Did not match:
         - @ConditionalOnMissingBean (types: io.opentelemetry.context.propagation.TextMapPropagator; SearchStrategy: all) found beans of type 'io.opentelemetry.context.propagation.TextMapPropagator' compositeTextMapPropagator, textMapPropagatorWithBaggage (OnBeanCondition)

   OpenTelemetryPropagationConfigurations.PropagationWithoutBaggage:
      Did not match:
         - @ConditionalOnBooleanProperty (management.tracing.baggage.enabled=false) did not find property 'management.tracing.baggage.enabled' (OnPropertyCondition)

   OpenTelemetryTracingAutoConfiguration#otelContextPropagators:
      Did not match:
         - @ConditionalOnMissingBean (types: io.opentelemetry.context.propagation.ContextPropagators; SearchStrategy: all) found beans of type 'io.opentelemetry.context.propagation.ContextPropagators' contextPropagators (OnBeanCondition)

   OtelResourceAutoConfiguration#otelContainerResourceProvider:
      Did not match:
         - @ConditionalOnClass did not find required class 'io.opentelemetry.instrumentation.resources.ContainerResource' (OnClassCondition)

   OtelResourceAutoConfiguration#otelHostResourceProvider:
      Did not match:
         - @ConditionalOnClass did not find required class 'io.opentelemetry.instrumentation.resources.HostResource' (OnClassCondition)

   OtelResourceAutoConfiguration#otelOsResourceProvider:
      Did not match:
         - @ConditionalOnClass did not find required class 'io.opentelemetry.instrumentation.resources.OsResource' (OnClassCondition)

   OtelResourceAutoConfiguration#otelProcessResourceProvider:
      Did not match:
         - @ConditionalOnClass did not find required class 'io.opentelemetry.instrumentation.resources.ProcessResource' (OnClassCondition)

   OtelResourceAutoConfiguration#otelProcessRuntimeResourceProvider:
      Did not match:
         - @ConditionalOnClass did not find required class 'io.opentelemetry.instrumentation.resources.ProcessRuntimeResource' (OnClassCondition)

   OtlpLoggingConfigurations.ConnectionDetails#otlpLoggingConnectionDetails:
      Did not match:
         - @ConditionalOnProperty (management.otlp.logging.endpoint) did not find property 'management.otlp.logging.endpoint' (OnPropertyCondition)

   OtlpLoggingConfigurations.Exporters:
      Did not match:
         - @ConditionalOnBean (types: org.springframework.boot.actuate.autoconfigure.logging.otlp.OtlpLoggingConnectionDetails; SearchStrategy: all) did not find any beans of type org.springframework.boot.actuate.autoconfigure.logging.otlp.OtlpLoggingConnectionDetails (OnBeanCondition)
      Matched:
         - @ConditionalOnEnabledLoggingExport is enabled by default (OnEnabledLoggingExportCondition)

   OtlpMetricsExportAutoConfiguration:
      Did not match:
         - @ConditionalOnClass did not find required class 'io.micrometer.registry.otlp.OtlpMeterRegistry' (OnClassCondition)

   OtlpTracingConfigurations.Exporters#otlpGrpcSpanExporter:
      Did not match:
         - @ConditionalOnProperty (management.otlp.tracing.transport=grpc) did not find property 'management.otlp.tracing.transport' (OnPropertyCondition)

   ProjectInfoAutoConfiguration#buildProperties:
      Did not match:
         - @ConditionalOnResource did not find resource '${spring.info.build.location:classpath:META-INF/build-info.properties}' (OnResourceCondition)

   ProjectInfoAutoConfiguration#gitProperties:
      Did not match:
         - GitResource did not find git info at classpath:git.properties (ProjectInfoAutoConfiguration.GitResourceAvailableCondition)

   PrometheusMetricsExportAutoConfiguration.PrometheusPushGatewayConfiguration:
      Did not match:
         - @ConditionalOnClass did not find required class 'io.prometheus.metrics.exporter.pushgateway.PushGateway' (OnClassCondition)

   PulsarAutoConfiguration:
      Did not match:
         - @ConditionalOnClass did not find required class 'org.apache.pulsar.client.api.PulsarClient' (OnClassCondition)

   PulsarReactiveAutoConfiguration:
      Did not match:
         - @ConditionalOnClass did not find required class 'org.apache.pulsar.client.api.PulsarClient' (OnClassCondition)

   QuartzAutoConfiguration:
      Did not match:
         - @ConditionalOnClass did not find required class 'org.quartz.Scheduler' (OnClassCondition)

   QuartzEndpointAutoConfiguration:
      Did not match:
         - @ConditionalOnClass did not find required class 'org.quartz.Scheduler' (OnClassCondition)

   R2dbcAutoConfiguration:
      Did not match:
         - @ConditionalOnClass did not find required class 'io.r2dbc.spi.ConnectionFactory' (OnClassCondition)

   R2dbcDataAutoConfiguration:
      Did not match:
         - @ConditionalOnClass did not find required class 'org.springframework.data.r2dbc.core.R2dbcEntityTemplate' (OnClassCondition)

   R2dbcInitializationConfiguration:
      Did not match:
         - @ConditionalOnClass did not find required classes 'io.r2dbc.spi.ConnectionFactory', 'org.springframework.r2dbc.connection.init.DatabasePopulator' (OnClassCondition)

   R2dbcObservationAutoConfiguration:
      Did not match:
         - @ConditionalOnClass did not find required class 'io.r2dbc.proxy.ProxyConnectionFactory' (OnClassCondition)

   R2dbcProxyAutoConfiguration:
      Did not match:
         - @ConditionalOnClass did not find required class 'io.r2dbc.proxy.ProxyConnectionFactory' (OnClassCondition)

   R2dbcRepositoriesAutoConfiguration:
      Did not match:
         - @ConditionalOnClass did not find required class 'io.r2dbc.spi.ConnectionFactory' (OnClassCondition)

   R2dbcTransactionManagerAutoConfiguration:
      Did not match:
         - @ConditionalOnClass did not find required class 'org.springframework.r2dbc.connection.R2dbcTransactionManager' (OnClassCondition)

   RSocketGraphQlClientAutoConfiguration:
      Did not match:
         - @ConditionalOnClass did not find required class 'graphql.GraphQL' (OnClassCondition)

   RSocketMessagingAutoConfiguration:
      Did not match:
         - @ConditionalOnClass did not find required class 'io.rsocket.RSocket' (OnClassCondition)

   RSocketRequesterAutoConfiguration:
      Did not match:
         - @ConditionalOnClass did not find required class 'io.rsocket.RSocket' (OnClassCondition)

   RSocketSecurityAutoConfiguration:
      Did not match:
         - @ConditionalOnClass did not find required class 'org.springframework.security.rsocket.core.SecuritySocketAcceptorInterceptor' (OnClassCondition)

   RSocketServerAutoConfiguration:
      Did not match:
         - @ConditionalOnClass did not find required class 'io.rsocket.core.RSocketServer' (OnClassCondition)

   RSocketStrategiesAutoConfiguration:
      Did not match:
         - @ConditionalOnClass did not find required class 'io.netty.buffer.PooledByteBufAllocator' (OnClassCondition)

   RabbitAutoConfiguration:
      Did not match:
         - @ConditionalOnClass did not find required class 'com.rabbitmq.client.Channel' (OnClassCondition)

   RabbitHealthContributorAutoConfiguration:
      Did not match:
         - @ConditionalOnClass did not find required class 'org.springframework.amqp.rabbit.core.RabbitTemplate' (OnClassCondition)

   RabbitMetricsAutoConfiguration:
      Did not match:
         - @ConditionalOnClass did not find required class 'com.rabbitmq.client.ConnectionFactory' (OnClassCondition)

   ReactiveCloudFoundryActuatorAutoConfiguration:
      Did not match:
         - @ConditionalOnWebApplication did not find reactive web application classes (OnWebApplicationCondition)

   ReactiveElasticsearchClientAutoConfiguration:
      Did not match:
         - @ConditionalOnClass did not find required class 'co.elastic.clients.transport.ElasticsearchTransport' (OnClassCondition)

   ReactiveElasticsearchRepositoriesAutoConfiguration:
      Did not match:
         - @ConditionalOnClass did not find required class 'reactor.core.publisher.Mono' (OnClassCondition)

   ReactiveHealthEndpointConfiguration:
      Did not match:
         - @ConditionalOnClass did not find required class 'reactor.core.publisher.Flux' (OnClassCondition)

   ReactiveManagementContextAutoConfiguration:
      Did not match:
         - @ConditionalOnClass did not find required class 'reactor.core.publisher.Flux' (OnClassCondition)

   ReactiveManagementWebSecurityAutoConfiguration:
      Did not match:
         - @ConditionalOnClass did not find required class 'org.springframework.security.config.annotation.web.reactive.EnableWebFluxSecurity' (OnClassCondition)

   ReactiveMultipartAutoConfiguration:
      Did not match:
         - @ConditionalOnClass did not find required class 'org.springframework.web.reactive.config.WebFluxConfigurer' (OnClassCondition)

   ReactiveOAuth2ClientAutoConfiguration:
      Did not match:
         - @ConditionalOnClass did not find required class 'reactor.core.publisher.Flux' (OnClassCondition)

   ReactiveOAuth2ClientWebSecurityAutoConfiguration:
      Did not match:
         - @ConditionalOnClass did not find required class 'reactor.core.publisher.Flux' (OnClassCondition)

   ReactiveOAuth2ResourceServerAutoConfiguration:
      Did not match:
         - @ConditionalOnClass did not find required class 'org.springframework.security.config.annotation.web.reactive.EnableWebFluxSecurity' (OnClassCondition)

   ReactiveSecurityAutoConfiguration:
      Did not match:
         - @ConditionalOnClass did not find required class 'reactor.core.publisher.Flux' (OnClassCondition)

   ReactiveUserDetailsServiceAutoConfiguration:
      Did not match:
         - @ConditionalOnClass did not find required class 'org.springframework.security.authentication.ReactiveAuthenticationManager' (OnClassCondition)

   ReactiveWebServerFactoryAutoConfiguration:
      Did not match:
         - @ConditionalOnWebApplication did not find reactive web application classes (OnWebApplicationCondition)

   ReactorAutoConfiguration:
      Did not match:
         - @ConditionalOnClass did not find required class 'reactor.core.publisher.Hooks' (OnClassCondition)

   RedisAutoConfiguration:
      Did not match:
         - @ConditionalOnClass did not find required class 'org.springframework.data.redis.core.RedisOperations' (OnClassCondition)

   RedisCacheConfiguration:
      Did not match:
         - @ConditionalOnClass did not find required class 'org.springframework.data.redis.connection.RedisConnectionFactory' (OnClassCondition)

   RedisHealthContributorAutoConfiguration:
      Did not match:
         - @ConditionalOnClass did not find required class 'org.springframework.data.redis.connection.RedisConnectionFactory' (OnClassCondition)

   RedisReactiveAutoConfiguration:
      Did not match:
         - @ConditionalOnClass did not find required class 'reactor.core.publisher.Flux' (OnClassCondition)

   RedisReactiveHealthContributorAutoConfiguration:
      Did not match:
         - @ConditionalOnClass did not find required class 'reactor.core.publisher.Flux' (OnClassCondition)

   RedisRepositoriesAutoConfiguration:
      Did not match:
         - @ConditionalOnClass did not find required class 'org.springframework.data.redis.repository.configuration.EnableRedisRepositories' (OnClassCondition)

   RepositoryRestMvcAutoConfiguration:
      Did not match:
         - @ConditionalOnClass did not find required class 'org.springframework.data.rest.webmvc.config.RepositoryRestMvcConfiguration' (OnClassCondition)

   Saml2RelyingPartyAutoConfiguration:
      Did not match:
         - @ConditionalOnClass did not find required class 'org.springframework.security.saml2.provider.service.registration.RelyingPartyRegistrationRepository' (OnClassCondition)

   SbomEndpointAutoConfiguration:
      Did not match:
         - @ConditionalOnAvailableEndpoint not exposed (OnAvailableEndpointCondition)

   ScheduledTasksEndpointAutoConfiguration:
      Did not match:
         - @ConditionalOnAvailableEndpoint not exposed (OnAvailableEndpointCondition)

   SecurityAutoConfiguration:
      Did not match:
         - @ConditionalOnClass did not find required class 'org.springframework.security.authentication.DefaultAuthenticationEventPublisher' (OnClassCondition)

   SecurityFilterAutoConfiguration:
      Did not match:
         - @ConditionalOnClass did not find required class 'org.springframework.security.config.http.SessionCreationPolicy' (OnClassCondition)

   SecurityRequestMatchersManagementContextConfiguration:
      Did not match:
         - @ConditionalOnClass did not find required class 'org.springframework.security.web.util.matcher.RequestMatcher' (OnClassCondition)

   SendGridAutoConfiguration:
      Did not match:
         - @ConditionalOnClass did not find required class 'com.sendgrid.SendGrid' (OnClassCondition)

   ServletEndpointManagementContextConfiguration.JerseyServletEndpointManagementContextConfiguration:
      Did not match:
         - @ConditionalOnClass did not find required class 'org.glassfish.jersey.server.ResourceConfig' (OnClassCondition)

   ServletManagementContextAutoConfiguration.ApplicationContextFilterConfiguration:
      Did not match:
         - @ConditionalOnBooleanProperty (management.server.add-application-context-header=true) did not find property 'management.server.add-application-context-header' (OnPropertyCondition)

   ServletWebServerFactoryAutoConfiguration.ForwardedHeaderFilterConfiguration:
      Did not match:
         - @ConditionalOnProperty (server.forward-headers-strategy=framework) did not find property 'server.forward-headers-strategy' (OnPropertyCondition)

   ServletWebServerFactoryConfiguration.EmbeddedJetty:
      Did not match:
         - @ConditionalOnClass did not find required classes 'org.eclipse.jetty.server.Server', 'org.eclipse.jetty.util.Loader', 'org.eclipse.jetty.ee10.webapp.WebAppContext' (OnClassCondition)

   ServletWebServerFactoryConfiguration.EmbeddedUndertow:
      Did not match:
         - @ConditionalOnClass did not find required classes 'io.undertow.Undertow', 'org.xnio.SslClientAuthMode' (OnClassCondition)

   SessionAutoConfiguration:
      Did not match:
         - @ConditionalOnClass did not find required class 'org.springframework.session.Session' (OnClassCondition)

   SessionsEndpointAutoConfiguration:
      Did not match:
         - @ConditionalOnClass did not find required class 'org.springframework.session.Session' (OnClassCondition)

   ShutdownEndpointAutoConfiguration:
      Did not match:
         - @ConditionalOnAvailableEndpoint the configured access for endpoint 'shutdown' is NONE (OnAvailableEndpointCondition)

   SignalFxMetricsExportAutoConfiguration:
      Did not match:
         - @ConditionalOnClass did not find required class 'io.micrometer.signalfx.SignalFxMeterRegistry' (OnClassCondition)

   SimpleMetricsExportAutoConfiguration:
      Did not match:
         - @ConditionalOnMissingBean (types: io.micrometer.core.instrument.MeterRegistry; SearchStrategy: all) found beans of type 'io.micrometer.core.instrument.MeterRegistry' prometheusMeterRegistry (OnBeanCondition)
      Matched:
         - @ConditionalOnEnabledMetricsExport management.defaults.metrics.export.enabled is considered true (OnMetricsExportEnabledCondition)

   SpringApplicationAdminJmxAutoConfiguration:
      Did not match:
         - @ConditionalOnBooleanProperty (spring.application.admin.enabled=true) did not find property 'spring.application.admin.enabled' (OnPropertyCondition)

   SpringWebfluxInstrumentationAutoConfiguration:
      Did not match:
         - @ConditionalOnClass did not find required class 'org.springframework.web.reactive.function.client.WebClient' (OnClassCondition)

   SslObservabilityAutoConfiguration#sslInfoProvider:
      Did not match:
         - @ConditionalOnMissingBean (types: org.springframework.boot.info.SslInfo; SearchStrategy: all) found beans of type 'org.springframework.boot.info.SslInfo' sslInfo (OnBeanCondition)

   StackdriverMetricsExportAutoConfiguration:
      Did not match:
         - @ConditionalOnClass did not find required class 'io.micrometer.stackdriver.StackdriverMeterRegistry' (OnClassCondition)

   StartupEndpointAutoConfiguration:
      Did not match:
         - ApplicationStartup configured applicationStartup is of type class org.springframework.core.metrics.DefaultApplicationStartup, expected BufferingApplicationStartup. (StartupEndpointAutoConfiguration.ApplicationStartupCondition)

   StatsdMetricsExportAutoConfiguration:
      Did not match:
         - @ConditionalOnClass did not find required class 'io.micrometer.statsd.StatsdMeterRegistry' (OnClassCondition)

   TaskExecutorConfigurations.SimpleAsyncTaskExecutorBuilderConfiguration#simpleAsyncTaskExecutorBuilderVirtualThreads:
      Did not match:
         - @ConditionalOnMissingBean (types: org.springframework.boot.task.SimpleAsyncTaskExecutorBuilder; SearchStrategy: all) found beans of type 'org.springframework.boot.task.SimpleAsyncTaskExecutorBuilder' simpleAsyncTaskExecutorBuilder (OnBeanCondition)

   TaskExecutorConfigurations.TaskExecutorConfiguration:
      Did not match:
         - AnyNestedCondition 0 matched 2 did not; NestedCondition on TaskExecutorConfigurations.OnExecutorCondition.ModelCondition @ConditionalOnProperty (spring.task.execution.mode=force) did not find property 'spring.task.execution.mode'; NestedCondition on TaskExecutorConfigurations.OnExecutorCondition.ExecutorBeanCondition @ConditionalOnMissingBean (types: java.util.concurrent.Executor; SearchStrategy: all) found beans of type 'java.util.concurrent.Executor' procesamientoExecutor (TaskExecutorConfigurations.OnExecutorCondition)

   TaskSchedulingConfigurations.SimpleAsyncTaskSchedulerBuilderConfiguration#simpleAsyncTaskSchedulerBuilderVirtualThreads:
      Did not match:
         - @ConditionalOnMissingBean (types: org.springframework.boot.task.SimpleAsyncTaskSchedulerBuilder; SearchStrategy: all) found beans of type 'org.springframework.boot.task.SimpleAsyncTaskSchedulerBuilder' simpleAsyncTaskSchedulerBuilder (OnBeanCondition)

   TaskSchedulingConfigurations.TaskSchedulerConfiguration#taskSchedulerVirtualThreads:
      Did not match:
         - @ConditionalOnThreading did not find VIRTUAL (OnThreadingCondition)

   ThymeleafAutoConfiguration:
      Did not match:
         - @ConditionalOnClass did not find required class 'org.thymeleaf.spring6.SpringTemplateEngine' (OnClassCondition)

   TransactionAutoConfiguration#transactionalOperator:
      Did not match:
         - @ConditionalOnSingleCandidate (types: org.springframework.transaction.ReactiveTransactionManager; SearchStrategy: all) did not find any beans (OnBeanCondition)

   TransactionAutoConfiguration.AspectJTransactionManagementConfiguration:
      Did not match:
         - @ConditionalOnBean (types: org.springframework.transaction.aspectj.AbstractTransactionAspect; SearchStrategy: all) did not find any beans of type org.springframework.transaction.aspectj.AbstractTransactionAspect (OnBeanCondition)

   TransactionAutoConfiguration.EnableTransactionManagementConfiguration:
      Did not match:
         - @ConditionalOnMissingBean (types: org.springframework.transaction.annotation.AbstractTransactionManagementConfiguration; SearchStrategy: all) found beans of type 'org.springframework.transaction.annotation.AbstractTransactionManagementConfiguration' org.springframework.transaction.annotation.ProxyTransactionManagementConfiguration (OnBeanCondition)

   TransactionAutoConfiguration.EnableTransactionManagementConfiguration.CglibAutoProxyConfiguration:
      Did not match:
         - Ancestor org.springframework.boot.autoconfigure.transaction.TransactionAutoConfiguration$EnableTransactionManagementConfiguration did not match (ConditionEvaluationReport.AncestorsMatchedCondition)
      Matched:
         - @ConditionalOnBooleanProperty (spring.aop.proxy-target-class=true) matched (OnPropertyCondition)

   TransactionAutoConfiguration.EnableTransactionManagementConfiguration.JdkDynamicAutoProxyConfiguration:
      Did not match:
         - @ConditionalOnBooleanProperty (spring.aop.proxy-target-class=false) did not find property 'spring.aop.proxy-target-class' (OnPropertyCondition)
         - Ancestor org.springframework.boot.autoconfigure.transaction.TransactionAutoConfiguration$EnableTransactionManagementConfiguration did not match (ConditionEvaluationReport.AncestorsMatchedCondition)

   UserDetailsServiceAutoConfiguration:
      Did not match:
         - @ConditionalOnClass did not find required class 'org.springframework.security.authentication.AuthenticationManager' (OnClassCondition)

   ValidationAutoConfiguration:
      Did not match:
         - @ConditionalOnClass did not find required class 'jakarta.validation.executable.ExecutableValidator' (OnClassCondition)

   WavefrontAutoConfiguration:
      Did not match:
         - @ConditionalOnClass did not find required class 'com.wavefront.sdk.common.application.ApplicationTags' (OnClassCondition)

   WavefrontMetricsExportAutoConfiguration:
      Did not match:
         - @ConditionalOnClass did not find required class 'com.wavefront.sdk.common.WavefrontSender' (OnClassCondition)

   WavefrontTracingAutoConfiguration:
      Did not match:
         - @ConditionalOnClass did not find required class 'com.wavefront.sdk.common.WavefrontSender' (OnClassCondition)

   WebClientAutoConfiguration:
      Did not match:
         - @ConditionalOnClass did not find required class 'org.springframework.web.reactive.function.client.WebClient' (OnClassCondition)

   WebClientObservationConfiguration:
      Did not match:
         - @ConditionalOnClass did not find required class 'org.springframework.web.reactive.function.client.WebClient' (OnClassCondition)

   WebFluxAutoConfiguration:
      Did not match:
         - @ConditionalOnClass did not find required class 'org.springframework.web.reactive.config.WebFluxConfigurer' (OnClassCondition)

   WebFluxEndpointManagementContextConfiguration:
      Did not match:
         - @ConditionalOnClass did not find required class 'org.springframework.web.reactive.DispatcherHandler' (OnClassCondition)

   WebFluxObservationAutoConfiguration:
      Did not match:
         - @ConditionalOnWebApplication did not find reactive web application classes (OnWebApplicationCondition)

   WebMvcAutoConfiguration#hiddenHttpMethodFilter:
      Did not match:
         - @ConditionalOnBooleanProperty (spring.mvc.hiddenmethod.filter.enabled=true) did not find property 'spring.mvc.hiddenmethod.filter.enabled' (OnPropertyCondition)

   WebMvcAutoConfiguration.ProblemDetailsErrorHandlingConfiguration:
      Did not match:
         - @ConditionalOnBooleanProperty (spring.mvc.problemdetails.enabled=true) did not find property 'spring.mvc.problemdetails.enabled' (OnPropertyCondition)

   WebMvcAutoConfiguration.ResourceChainCustomizerConfiguration:
      Did not match:
         - @ConditionalOnEnabledResourceChain did not find class org.webjars.WebJarVersionLocator (OnEnabledResourceChainCondition)

   WebMvcAutoConfiguration.WebMvcAutoConfigurationAdapter#beanNameViewResolver:
      Did not match:
         - @ConditionalOnMissingBean (types: org.springframework.web.servlet.view.BeanNameViewResolver; SearchStrategy: all) found beans of type 'org.springframework.web.servlet.view.BeanNameViewResolver' beanNameViewResolver (OnBeanCondition)

   WebMvcEndpointManagementContextConfiguration#managementHealthEndpointWebMvcHandlerMapping:
      Did not match:
         - Management Port actual port type (SAME) did not match required type (DIFFERENT) (OnManagementPortCondition)

   WebServiceTemplateAutoConfiguration:
      Did not match:
         - @ConditionalOnClass did not find required class 'org.springframework.oxm.Marshaller' (OnClassCondition)

   WebServicesAutoConfiguration:
      Did not match:
         - @ConditionalOnClass did not find required class 'org.springframework.ws.transport.http.MessageDispatcherServlet' (OnClassCondition)

   WebSessionIdResolverAutoConfiguration:
      Did not match:
         - @ConditionalOnClass did not find required class 'reactor.core.publisher.Mono' (OnClassCondition)

   WebSocketMessagingAutoConfiguration:
      Did not match:
         - @ConditionalOnClass did not find required class 'org.springframework.web.socket.config.annotation.WebSocketMessageBrokerConfigurer' (OnClassCondition)

   WebSocketReactiveAutoConfiguration:
      Did not match:
         - @ConditionalOnWebApplication did not find reactive web application classes (OnWebApplicationCondition)

   WebSocketServletAutoConfiguration.JettyWebSocketConfiguration:
      Did not match:
         - @ConditionalOnClass did not find required class 'org.eclipse.jetty.ee10.websocket.jakarta.server.config.JakartaWebSocketServletContainerInitializer' (OnClassCondition)

   WebSocketServletAutoConfiguration.UndertowWebSocketConfiguration:
      Did not match:
         - @ConditionalOnClass did not find required class 'io.undertow.websockets.jsr.Bootstrap' (OnClassCondition)

   XADataSourceAutoConfiguration:
      Did not match:
         - @ConditionalOnBean (types: org.springframework.boot.jdbc.XADataSourceWrapper; SearchStrategy: all) did not find any beans of type org.springframework.boot.jdbc.XADataSourceWrapper (OnBeanCondition)
      Matched:
         - @ConditionalOnClass found required classes 'javax.sql.DataSource', 'jakarta.transaction.TransactionManager', 'org.springframework.jdbc.datasource.embedded.EmbeddedDatabaseType' (OnClassCondition)

   ZipkinAutoConfiguration:
      Did not match:
         - @ConditionalOnClass did not find required class 'zipkin2.reporter.Encoding' (OnClassCondition)

   ZipkinSpanExporterAutoConfiguration:
      Did not match:
         - @ConditionalOnClass did not find required class 'io.opentelemetry.exporter.zipkin.ZipkinSpanExporter' (OnClassCondition)


Exclusions:
-----------

    None


Unconditional classes:
----------------------

    org.springframework.boot.autoconfigure.context.ConfigurationPropertiesAutoConfiguration

    org.springframework.boot.actuate.autoconfigure.availability.AvailabilityHealthContributorAutoConfiguration

    org.springframework.boot.autoconfigure.ssl.SslAutoConfiguration

    org.springframework.boot.actuate.autoconfigure.info.InfoContributorAutoConfiguration

    org.springframework.boot.autoconfigure.context.PropertyPlaceholderAutoConfiguration

    org.springframework.boot.autoconfigure.context.LifecycleAutoConfiguration

    org.springframework.boot.actuate.autoconfigure.metrics.integration.IntegrationMetricsAutoConfiguration

    org.springframework.boot.actuate.autoconfigure.endpoint.EndpointAutoConfiguration

    net.devh.boot.grpc.server.autoconfigure.GrpcAdviceAutoConfiguration

    org.springframework.boot.actuate.autoconfigure.web.server.ManagementContextAutoConfiguration

    io.opentelemetry.instrumentation.spring.autoconfigure.OpenTelemetryAutoConfiguration

    org.springframework.boot.actuate.autoconfigure.health.HealthContributorAutoConfiguration

    org.springframework.boot.actuate.autoconfigure.endpoint.jackson.JacksonEndpointAutoConfiguration

    org.springframework.boot.autoconfigure.availability.ApplicationAvailabilityAutoConfiguration

    org.springframework.boot.autoconfigure.info.ProjectInfoAutoConfiguration



2025-08-21 14:52:46 INFO  c.company.micros1.Micros1Application - Started Micros1Application in 50.035 seconds (process running for 51.733)
2025-08-21 14:52:46 DEBUG o.s.b.a.ApplicationAvailabilityBean - Application availability state LivenessState changed to CORRECT
2025-08-21 14:52:46 DEBUG o.s.b.a.ApplicationAvailabilityBean - Application availability state ReadinessState changed to ACCEPTING_TRAFFIC
2025-08-21 14:56:00 DEBUG i.g.n.s.i.n.buffer.AbstractByteBuf - -Dio.grpc.netty.shaded.io.netty.buffer.checkAccessible: true
2025-08-21 14:56:00 DEBUG i.g.n.s.i.n.buffer.AbstractByteBuf - -Dio.grpc.netty.shaded.io.netty.buffer.checkBounds: true
2025-08-21 14:56:00 DEBUG i.g.n.s.i.n.u.ResourceLeakDetectorFactory - Loaded default ResourceLeakDetector: io.grpc.netty.shaded.io.netty.util.ResourceLeakDetector@5f59afff
2025-08-21 14:56:00 DEBUG i.g.n.s.i.g.netty.NettyServerHandler - [id: 0x516d7b62, L:/127.0.0.1:9095 - R:/127.0.0.1:58833] OUTBOUND SETTINGS: ack=false settings={MAX_CONCURRENT_STREAMS=2147483647, INITIAL_WINDOW_SIZE=1048576, MAX_HEADER_LIST_SIZE=8192}
2025-08-21 14:56:00 DEBUG i.g.n.s.i.g.netty.NettyServerHandler - [id: 0x003a99f9, L:/[0:0:0:0:0:0:0:1]:9095 - R:/[0:0:0:0:0:0:0:1]:58834] OUTBOUND SETTINGS: ack=false settings={MAX_CONCURRENT_STREAMS=2147483647, INITIAL_WINDOW_SIZE=1048576, MAX_HEADER_LIST_SIZE=8192}
2025-08-21 14:56:00 DEBUG i.g.n.shaded.io.netty.util.Recycler - -Dio.netty.recycler.maxCapacityPerThread: 4096
2025-08-21 14:56:00 DEBUG i.g.n.shaded.io.netty.util.Recycler - -Dio.netty.recycler.ratio: 8
2025-08-21 14:56:00 DEBUG i.g.n.shaded.io.netty.util.Recycler - -Dio.netty.recycler.chunkSize: 32
2025-08-21 14:56:00 DEBUG i.g.n.shaded.io.netty.util.Recycler - -Dio.netty.recycler.blocking: false
2025-08-21 14:56:00 DEBUG i.g.n.shaded.io.netty.util.Recycler - -Dio.netty.recycler.batchFastThreadLocalOnly: true
2025-08-21 14:56:00 DEBUG i.g.n.s.i.g.netty.NettyServerHandler - [id: 0x003a99f9, L:/[0:0:0:0:0:0:0:1]:9095 - R:/[0:0:0:0:0:0:0:1]:58834] OUTBOUND WINDOW_UPDATE: streamId=0 windowSizeIncrement=983041
2025-08-21 14:56:00 DEBUG i.g.n.s.i.g.netty.NettyServerHandler - [id: 0x516d7b62, L:/127.0.0.1:9095 - R:/127.0.0.1:58833] OUTBOUND WINDOW_UPDATE: streamId=0 windowSizeIncrement=983041
2025-08-21 14:56:00 DEBUG i.g.n.s.i.g.netty.NettyServerHandler - [id: 0x516d7b62, L:/127.0.0.1:9095 - R:/127.0.0.1:58833] INBOUND SETTINGS: ack=false settings={ENABLE_PUSH=0, MAX_CONCURRENT_STREAMS=0, INITIAL_WINDOW_SIZE=1048576, MAX_HEADER_LIST_SIZE=8192}
2025-08-21 14:56:00 DEBUG i.g.n.s.i.g.netty.NettyServerHandler - [id: 0x003a99f9, L:/[0:0:0:0:0:0:0:1]:9095 - R:/[0:0:0:0:0:0:0:1]:58834] INBOUND SETTINGS: ack=false settings={ENABLE_PUSH=0, MAX_CONCURRENT_STREAMS=0, INITIAL_WINDOW_SIZE=1048576, MAX_HEADER_LIST_SIZE=8192}
2025-08-21 14:56:00 DEBUG i.g.n.s.i.g.netty.NettyServerHandler - [id: 0x516d7b62, L:/127.0.0.1:9095 - R:/127.0.0.1:58833] OUTBOUND SETTINGS: ack=true
2025-08-21 14:56:00 DEBUG i.g.n.s.i.g.netty.NettyServerHandler - [id: 0x003a99f9, L:/[0:0:0:0:0:0:0:1]:9095 - R:/[0:0:0:0:0:0:0:1]:58834] OUTBOUND SETTINGS: ack=true
2025-08-21 14:56:00 DEBUG i.g.n.s.i.g.netty.NettyServerHandler - [id: 0x516d7b62, L:/127.0.0.1:9095 - R:/127.0.0.1:58833] INBOUND WINDOW_UPDATE: streamId=0 windowSizeIncrement=983041
2025-08-21 14:56:00 DEBUG i.g.n.s.i.g.netty.NettyServerHandler - [id: 0x003a99f9, L:/[0:0:0:0:0:0:0:1]:9095 - R:/[0:0:0:0:0:0:0:1]:58834] INBOUND WINDOW_UPDATE: streamId=0 windowSizeIncrement=983041
2025-08-21 14:56:00 DEBUG i.g.n.s.i.g.netty.NettyServerHandler - [id: 0x516d7b62, L:/127.0.0.1:9095 - R:/127.0.0.1:58833] INBOUND SETTINGS: ack=true
2025-08-21 14:56:00 DEBUG i.g.n.s.i.g.netty.NettyServerHandler - [id: 0x003a99f9, L:/[0:0:0:0:0:0:0:1]:9095 - R:/[0:0:0:0:0:0:0:1]:58834] INBOUND SETTINGS: ack=true
2025-08-21 14:56:00 DEBUG i.g.n.s.i.g.netty.NettyServerHandler - [id: 0x003a99f9, L:/[0:0:0:0:0:0:0:1]:9095 - R:/[0:0:0:0:0:0:0:1]:58834] INBOUND HEADERS: streamId=3 headers=GrpcHttp2RequestHeaders[:path: /solicitud.SolicitudResponseService/EnviarRespuesta, :authority: localhost:9095, :method: POST, :scheme: http, te: trailers, content-type: application/grpc, user-agent: grpc-java-netty/1.63.0, b3: f47833ec18099fe9aa2388fb0246ed76-83ce110536804f55-1, x-b3-traceid: f47833ec18099fe9aa2388fb0246ed76, x-b3-spanid: 83ce110536804f55, x-b3-sampled: 1, traceparent: 00-f47833ec18099fe9aa2388fb0246ed76-83ce110536804f55-01, grpc-accept-encoding: gzip] streamDependency=0 weight=16 exclusive=false padding=0 endStream=false
2025-08-21 14:56:00 DEBUG i.g.n.s.i.g.netty.NettyServerHandler - [id: 0x003a99f9, L:/[0:0:0:0:0:0:0:1]:9095 - R:/[0:0:0:0:0:0:0:1]:58834] INBOUND DATA: streamId=3 padding=0 endStream=false length=59 bytes=000000003608800418012207454e5649414441622656616c6964616369c3b36e20636f6d706c657461646120657869746f73616d656e74652e2e2e
2025-08-21 14:56:00 DEBUG i.g.n.s.i.g.netty.NettyServerHandler - [id: 0x003a99f9, L:/[0:0:0:0:0:0:0:1]:9095 - R:/[0:0:0:0:0:0:0:1]:58834] OUTBOUND PING: ack=false bytes=1234
2025-08-21 14:56:00 DEBUG i.g.n.s.i.g.netty.NettyServerHandler - [id: 0x003a99f9, L:/[0:0:0:0:0:0:0:1]:9095 - R:/[0:0:0:0:0:0:0:1]:58834] INBOUND DATA: streamId=3 padding=0 endStream=true length=0 bytes=
2025-08-21 14:56:00 DEBUG i.g.n.s.i.g.netty.NettyServerHandler - [id: 0x003a99f9, L:/[0:0:0:0:0:0:0:1]:9095 - R:/[0:0:0:0:0:0:0:1]:58834] INBOUND PING: ack=true bytes=1234
2025-08-21 14:56:00 DEBUG i.g.n.s.i.g.netty.NettyServerHandler - Window: 1,048,576
2025-08-21 14:56:01 DEBUG i.m.t.o.p.BaggageTextMapPropagator - Will propagate new baggage context for entries {}
2025-08-21 14:56:01 DEBUG i.g.n.s.i.g.netty.NettyServerHandler - [id: 0x003a99f9, L:/[0:0:0:0:0:0:0:1]:9095 - R:/[0:0:0:0:0:0:0:1]:58834] OUTBOUND HEADERS: streamId=3 headers=GrpcHttp2OutboundHeaders[:status: 200, content-type: application/grpc, grpc-encoding: identity, grpc-accept-encoding: gzip] padding=0 endStream=false
2025-08-21 14:56:01 DEBUG i.g.n.s.i.g.netty.NettyServerHandler - [id: 0x003a99f9, L:/[0:0:0:0:0:0:0:1]:9095 - R:/[0:0:0:0:0:0:0:1]:58834] OUTBOUND DATA: streamId=3 padding=0 endStream=false length=41 bytes=0000000024088004121d52657370756573746120726563696269646120636f6e20c3a97869746f1801
2025-08-21 14:56:01 DEBUG i.g.n.s.i.g.netty.NettyServerHandler - [id: 0x003a99f9, L:/[0:0:0:0:0:0:0:1]:9095 - R:/[0:0:0:0:0:0:0:1]:58834] OUTBOUND HEADERS: streamId=3 headers=GrpcHttp2OutboundHeaders[grpc-status: 0] padding=0 endStream=true
2025-08-21 14:56:01 DEBUG i.g.n.s.i.g.netty.NettyServerHandler - [id: 0x003a99f9, L:/[0:0:0:0:0:0:0:1]:9095 - R:/[0:0:0:0:0:0:0:1]:58834] INBOUND PING: ack=false bytes=1234
2025-08-21 14:56:01 DEBUG i.g.n.s.i.g.netty.NettyServerHandler - [id: 0x003a99f9, L:/[0:0:0:0:0:0:0:1]:9095 - R:/[0:0:0:0:0:0:0:1]:58834] OUTBOUND PING: ack=true bytes=1234
2025-08-21 14:56:03 DEBUG o.h.e.t.internal.TransactionImpl - On TransactionImpl creation, JpaCompliance#isJpaTransactionComplianceEnabled == false
2025-08-21 14:56:03 DEBUG o.h.e.t.internal.TransactionImpl - begin
2025-08-21 14:56:03 DEBUG o.h.j.i.PersistenceUnitUtilImpl - jakarta.persistence.PersistenceUnitUtil.getIdentifier is only intended to work with enhanced entities (although Hibernate also adapts this support to its proxies); however the passed entity was not enhanced (nor a proxy).. may not be able to read identifier
2025-08-21 14:56:03 DEBUG o.hibernate.engine.spi.ActionQueue - Executing identity-insert immediately
2025-08-21 14:56:03 DEBUG org.hibernate.SQL - 
    insert 
    into
        solicitudes
        (fecha_actualizacion, fecha_creacion, fecha_envio_s1, fecha_envio_s2, fecha_respuesta_s1, fecha_respuesta_s2, mensaje, sistema_destino, sistema_destino2, status, status_string) 
    values
        (?, ?, ?, ?, ?, ?, ?, ?, ?, ?, ?)
2025-08-21 14:56:03 DEBUG org.hibernate.orm.results - Initializer list is empty
2025-08-21 14:56:03 DEBUG o.h.id.IdentifierGeneratorHelper - Extracted generated values [com.company.micros1.model.Solicitud]: [Ljava.lang.Object;@51c0e96b
2025-08-21 14:56:03 DEBUG o.h.e.t.internal.TransactionImpl - committing
2025-08-21 14:56:03 DEBUG o.h.e.i.AbstractFlushingEventListener - Processing flush-time cascades
2025-08-21 14:56:03 DEBUG o.h.e.i.AbstractFlushingEventListener - Dirty checking collections
2025-08-21 14:56:03 DEBUG o.h.e.i.AbstractFlushingEventListener - Flushed: 0 insertions, 0 updates, 0 deletions to 1 objects
2025-08-21 14:56:03 DEBUG o.h.e.i.AbstractFlushingEventListener - Flushed: 0 (re)creations, 0 updates, 0 removals to 0 collections
2025-08-21 14:56:03 DEBUG o.h.internal.util.EntityPrinter - Listing entities:
2025-08-21 14:56:03 DEBUG o.h.internal.util.EntityPrinter - com.company.micros1.model.Solicitud{statusString=RECIBIDA, fechaActualizacion=null, fechaCreacion=null, fechaRespuestaS1=null, fechaRespuestaS2=null, idSolicitud=56, mensaje=Solicitud recibida con éxito, sistemaDestino2=, fechaEnvioS2=null, sistemaDestino=, fechaEnvioS1=null, status=2}
2025-08-21 14:56:03 INFO  c.c.m.g.s.ProcesamientoAsyncService - Iniciando procesamiento para la solicitud ID: 56
2025-08-21 14:56:03 DEBUG o.h.e.t.internal.TransactionImpl - On TransactionImpl creation, JpaCompliance#isJpaTransactionComplianceEnabled == false
2025-08-21 14:56:03 DEBUG o.h.e.t.internal.TransactionImpl - begin
2025-08-21 14:56:03 DEBUG o.h.j.i.PersistenceUnitUtilImpl - jakarta.persistence.PersistenceUnitUtil.getIdentifier is only intended to work with enhanced entities (although Hibernate also adapts this support to its proxies); however the passed entity was not enhanced (nor a proxy).. may not be able to read identifier
2025-08-21 14:56:03 DEBUG org.hibernate.orm.sql.ast.create - Created new SQL alias : s1_0
2025-08-21 14:56:03 DEBUG org.hibernate.orm.sql.ast.create - Registration of TableGroup [StandardTableGroup(com.company.micros1.model.Solicitud)] with identifierForTableGroup [com.company.micros1.model.Solicitud] for NavigablePath [com.company.micros1.model.Solicitud] 
2025-08-21 14:56:03 DEBUG org.hibernate.orm.results.graph.AST - DomainResult Graph:
 \-EntityResultImpl [com.company.micros1.model.Solicitud]
 |  +-BasicFetch [com.company.micros1.model.Solicitud.fechaActualizacion]
 |  +-BasicFetch [com.company.micros1.model.Solicitud.fechaCreacion]
 |  +-BasicFetch [com.company.micros1.model.Solicitud.fechaEnvioS1]
 |  +-BasicFetch [com.company.micros1.model.Solicitud.fechaEnvioS2]
 |  +-BasicFetch [com.company.micros1.model.Solicitud.fechaRespuestaS1]
 |  +-BasicFetch [com.company.micros1.model.Solicitud.fechaRespuestaS2]
 |  +-BasicFetch [com.company.micros1.model.Solicitud.mensaje]
 |  +-BasicFetch [com.company.micros1.model.Solicitud.sistemaDestino]
 |  +-BasicFetch [com.company.micros1.model.Solicitud.sistemaDestino2]
 |  +-BasicFetch [com.company.micros1.model.Solicitud.status]
 |  \-BasicFetch [com.company.micros1.model.Solicitud.statusString]

2025-08-21 14:56:03 DEBUG org.hibernate.orm.sql.ast.tree - SQL AST Tree:
    SelectStatement {
      FromClause {
        StandardTableGroup (s1 : com.company.micros1.model.Solicitud) {
          primaryTableReference : solicitudes as s1_0
        }
      }
    }

2025-08-21 14:56:03 DEBUG org.hibernate.orm.sql.exec - Skipping reading Query result cache data: cache-enabled = false, cache-mode = IGNORE
2025-08-21 14:56:03 DEBUG org.hibernate.SQL - 
    select
        s1_0.id_solicitud,
        s1_0.fecha_actualizacion,
        s1_0.fecha_creacion,
        s1_0.fecha_envio_s1,
        s1_0.fecha_envio_s2,
        s1_0.fecha_respuesta_s1,
        s1_0.fecha_respuesta_s2,
        s1_0.mensaje,
        s1_0.sistema_destino,
        s1_0.sistema_destino2,
        s1_0.status,
        s1_0.status_string 
    from
        solicitudes s1_0 
    where
        s1_0.id_solicitud=?
2025-08-21 14:56:03 DEBUG org.hibernate.orm.results - Initializer list:
	  com.company.micros1.model.Solicitud -> EntityJoinedFetchInitializer(com.company.micros1.model.Solicitud)@131250941 (SingleTableEntityPersister(com.company.micros1.model.Solicitud))

2025-08-21 14:56:03 DEBUG o.h.e.t.internal.TransactionImpl - committing
2025-08-21 14:56:03 DEBUG o.h.e.i.AbstractFlushingEventListener - Processing flush-time cascades
2025-08-21 14:56:03 DEBUG o.h.e.i.AbstractFlushingEventListener - Dirty checking collections
2025-08-21 14:56:03 DEBUG o.h.e.i.AbstractFlushingEventListener - Flushed: 0 insertions, 1 updates, 0 deletions to 1 objects
2025-08-21 14:56:03 DEBUG o.h.e.i.AbstractFlushingEventListener - Flushed: 0 (re)creations, 0 updates, 0 removals to 0 collections
2025-08-21 14:56:03 DEBUG o.h.internal.util.EntityPrinter - Listing entities:
2025-08-21 14:56:03 DEBUG o.h.internal.util.EntityPrinter - com.company.micros1.model.Solicitud{statusString=RECIBIDA, fechaActualizacion=2025-08-21T14:56:03.358641900, fechaCreacion=null, fechaRespuestaS1=null, fechaRespuestaS2=null, idSolicitud=56, mensaje=Solicitud recibida con éxito, sistemaDestino2=, fechaEnvioS2=null, sistemaDestino=, fechaEnvioS1=null, status=2}
2025-08-21 14:56:03 DEBUG org.hibernate.SQL - 
    update
        solicitudes 
    set
        fecha_actualizacion=?,
        fecha_creacion=?,
        fecha_envio_s1=?,
        fecha_envio_s2=?,
        fecha_respuesta_s1=?,
        fecha_respuesta_s2=?,
        mensaje=?,
        sistema_destino=?,
        sistema_destino2=?,
        status=?,
        status_string=? 
    where
        id_solicitud=?
2025-08-21 14:56:03 INFO  c.c.m.g.s.ProcesamientoAsyncService - Solicitud ID: 56 -> PROCESANDO
2025-08-21 14:56:03 INFO  c.c.m.g.s.ProcesamientoAsyncService - Solicitud ID: 56 - Simulación de trabajo por 54 segundos.
2025-08-21 14:56:05 DEBUG i.g.n.s.i.g.netty.NettyServerHandler - [id: 0x516d7b62, L:/127.0.0.1:9095 - R:/127.0.0.1:58833] INBOUND GO_AWAY: lastStreamId=0 errorCode=0 length=0 bytes=
2025-08-21 14:56:57 DEBUG o.h.e.t.internal.TransactionImpl - On TransactionImpl creation, JpaCompliance#isJpaTransactionComplianceEnabled == false
2025-08-21 14:56:57 DEBUG o.h.e.t.internal.TransactionImpl - begin
2025-08-21 14:56:57 DEBUG o.h.j.i.PersistenceUnitUtilImpl - jakarta.persistence.PersistenceUnitUtil.getIdentifier is only intended to work with enhanced entities (although Hibernate also adapts this support to its proxies); however the passed entity was not enhanced (nor a proxy).. may not be able to read identifier
2025-08-21 14:56:57 DEBUG org.hibernate.orm.sql.exec - Skipping reading Query result cache data: cache-enabled = false, cache-mode = IGNORE
2025-08-21 14:56:57 DEBUG org.hibernate.SQL - 
    select
        s1_0.id_solicitud,
        s1_0.fecha_actualizacion,
        s1_0.fecha_creacion,
        s1_0.fecha_envio_s1,
        s1_0.fecha_envio_s2,
        s1_0.fecha_respuesta_s1,
        s1_0.fecha_respuesta_s2,
        s1_0.mensaje,
        s1_0.sistema_destino,
        s1_0.sistema_destino2,
        s1_0.status,
        s1_0.status_string 
    from
        solicitudes s1_0 
    where
        s1_0.id_solicitud=?
2025-08-21 14:56:57 DEBUG o.h.e.t.internal.TransactionImpl - committing
2025-08-21 14:56:57 DEBUG o.h.e.i.AbstractFlushingEventListener - Processing flush-time cascades
2025-08-21 14:56:57 DEBUG o.h.e.i.AbstractFlushingEventListener - Dirty checking collections
2025-08-21 14:56:57 DEBUG o.h.e.i.AbstractFlushingEventListener - Flushed: 0 insertions, 1 updates, 0 deletions to 1 objects
2025-08-21 14:56:57 DEBUG o.h.e.i.AbstractFlushingEventListener - Flushed: 0 (re)creations, 0 updates, 0 removals to 0 collections
2025-08-21 14:56:57 DEBUG o.h.internal.util.EntityPrinter - Listing entities:
2025-08-21 14:56:57 DEBUG o.h.internal.util.EntityPrinter - com.company.micros1.model.Solicitud{statusString=RECIBIDA, fechaActualizacion=2025-08-21T14:56:57.941655600, fechaCreacion=null, fechaRespuestaS1=null, fechaRespuestaS2=null, idSolicitud=56, mensaje=El proceso ha finalizado exitosamente., sistemaDestino2=, fechaEnvioS2=null, sistemaDestino=, fechaEnvioS1=null, status=3}
2025-08-21 14:56:57 DEBUG org.hibernate.SQL - 
    update
        solicitudes 
    set
        fecha_actualizacion=?,
        fecha_creacion=?,
        fecha_envio_s1=?,
        fecha_envio_s2=?,
        fecha_respuesta_s1=?,
        fecha_respuesta_s2=?,
        mensaje=?,
        sistema_destino=?,
        sistema_destino2=?,
        status=?,
        status_string=? 
    where
        id_solicitud=?
2025-08-21 14:56:57 INFO  c.c.m.g.s.ProcesamientoAsyncService - Solicitud ID: 56 -> COMPLETADO
2025-08-21 15:00:01 DEBUG i.g.n.s.i.g.netty.NettyServerHandler - [id: 0x003a99f9, L:/[0:0:0:0:0:0:0:1]:9095 - R:/[0:0:0:0:0:0:0:1]:58834] INBOUND PING: ack=false bytes=1111
2025-08-21 15:00:01 DEBUG i.g.n.s.i.g.netty.NettyServerHandler - [id: 0x003a99f9, L:/[0:0:0:0:0:0:0:1]:9095 - R:/[0:0:0:0:0:0:0:1]:58834] OUTBOUND PING: ack=true bytes=1111
2025-08-21 15:04:01 DEBUG i.g.n.s.i.g.netty.NettyServerHandler - [id: 0x003a99f9, L:/[0:0:0:0:0:0:0:1]:9095 - R:/[0:0:0:0:0:0:0:1]:58834] INBOUND PING: ack=false bytes=1111
2025-08-21 15:04:01 DEBUG i.g.n.s.i.g.netty.NettyServerHandler - [id: 0x003a99f9, L:/[0:0:0:0:0:0:0:1]:9095 - R:/[0:0:0:0:0:0:0:1]:58834] OUTBOUND PING: ack=true bytes=1111
2025-08-21 15:04:01 DEBUG i.g.n.s.i.g.netty.NettyServerHandler - [id: 0x003a99f9, L:/[0:0:0:0:0:0:0:1]:9095 - R:/[0:0:0:0:0:0:0:1]:58834] OUTBOUND GO_AWAY: lastStreamId=3 errorCode=11 length=14 bytes=746f6f5f6d616e795f70696e6773
2025-08-21 15:04:01 DEBUG i.g.n.s.i.n.h.c.h.Http2ConnectionHandler - [id: 0x003a99f9, L:/[0:0:0:0:0:0:0:1]:9095 - R:/[0:0:0:0:0:0:0:1]:58834] Sent GOAWAY: lastStreamId '3', errorCode '11', debugData 'too_many_pings'. Forcing shutdown of the connection.
2025-08-21 15:20:07 DEBUG i.g.n.s.i.g.netty.NettyServerHandler - [id: 0x0d23a50d, L:/127.0.0.1:9095 - R:/127.0.0.1:59396] OUTBOUND SETTINGS: ack=false settings={MAX_CONCURRENT_STREAMS=2147483647, INITIAL_WINDOW_SIZE=1048576, MAX_HEADER_LIST_SIZE=8192}
2025-08-21 15:20:07 DEBUG i.g.n.s.i.g.netty.NettyServerHandler - [id: 0x0d23a50d, L:/127.0.0.1:9095 - R:/127.0.0.1:59396] OUTBOUND WINDOW_UPDATE: streamId=0 windowSizeIncrement=983041
2025-08-21 15:20:07 DEBUG i.g.n.s.i.g.netty.NettyServerHandler - [id: 0x0d23a50d, L:/127.0.0.1:9095 - R:/127.0.0.1:59396] INBOUND SETTINGS: ack=false settings={ENABLE_PUSH=0, MAX_CONCURRENT_STREAMS=0, INITIAL_WINDOW_SIZE=1048576, MAX_HEADER_LIST_SIZE=8192}
2025-08-21 15:20:07 DEBUG i.g.n.s.i.g.netty.NettyServerHandler - [id: 0x0d23a50d, L:/127.0.0.1:9095 - R:/127.0.0.1:59396] OUTBOUND SETTINGS: ack=true
2025-08-21 15:20:07 DEBUG i.g.n.s.i.g.netty.NettyServerHandler - [id: 0x0d23a50d, L:/127.0.0.1:9095 - R:/127.0.0.1:59396] INBOUND WINDOW_UPDATE: streamId=0 windowSizeIncrement=983041
2025-08-21 15:20:07 DEBUG i.g.n.s.i.g.netty.NettyServerHandler - [id: 0x0d23a50d, L:/127.0.0.1:9095 - R:/127.0.0.1:59396] INBOUND SETTINGS: ack=true
2025-08-21 15:20:07 DEBUG i.g.n.s.i.g.netty.NettyServerHandler - [id: 0x0d23a50d, L:/127.0.0.1:9095 - R:/127.0.0.1:59396] INBOUND HEADERS: streamId=3 headers=GrpcHttp2RequestHeaders[:path: /solicitud.SolicitudResponseService/EnviarRespuesta, :authority: localhost:9095, :method: POST, :scheme: http, te: trailers, content-type: application/grpc, user-agent: grpc-java-netty/1.63.0, b3: 5611a533c077eab7be5dcaeb737e527e-a556223aa5e2255d-1, x-b3-traceid: 5611a533c077eab7be5dcaeb737e527e, x-b3-spanid: a556223aa5e2255d, x-b3-sampled: 1, traceparent: 00-5611a533c077eab7be5dcaeb737e527e-a556223aa5e2255d-01, grpc-accept-encoding: gzip] streamDependency=0 weight=16 exclusive=false padding=0 endStream=false
2025-08-21 15:20:07 DEBUG i.g.n.s.i.g.netty.NettyServerHandler - [id: 0x0d23a50d, L:/127.0.0.1:9095 - R:/127.0.0.1:59396] INBOUND DATA: streamId=3 padding=0 endStream=false length=59 bytes=000000003608800418012207454e5649414441622656616c6964616369c3b36e20636f6d706c657461646120657869746f73616d656e74652e2e2e
2025-08-21 15:20:07 DEBUG i.g.n.s.i.g.netty.NettyServerHandler - [id: 0x0d23a50d, L:/127.0.0.1:9095 - R:/127.0.0.1:59396] OUTBOUND PING: ack=false bytes=1234
2025-08-21 15:20:07 DEBUG i.g.n.s.i.g.netty.NettyServerHandler - [id: 0x0d23a50d, L:/127.0.0.1:9095 - R:/127.0.0.1:59396] INBOUND DATA: streamId=3 padding=0 endStream=true length=0 bytes=
2025-08-21 15:20:07 DEBUG i.g.n.s.i.g.netty.NettyServerHandler - [id: 0x0d23a50d, L:/127.0.0.1:9095 - R:/127.0.0.1:59396] INBOUND PING: ack=true bytes=1234
2025-08-21 15:20:07 DEBUG i.g.n.s.i.g.netty.NettyServerHandler - Window: 1,048,576
2025-08-21 15:20:07 DEBUG i.m.t.o.p.BaggageTextMapPropagator - Will propagate new baggage context for entries {}
2025-08-21 15:20:07 DEBUG i.g.n.s.i.g.netty.NettyServerHandler - [id: 0x0d23a50d, L:/127.0.0.1:9095 - R:/127.0.0.1:59396] OUTBOUND HEADERS: streamId=3 headers=GrpcHttp2OutboundHeaders[:status: 200, content-type: application/grpc, grpc-encoding: identity, grpc-accept-encoding: gzip] padding=0 endStream=false
2025-08-21 15:20:07 DEBUG i.g.n.s.i.g.netty.NettyServerHandler - [id: 0x0d23a50d, L:/127.0.0.1:9095 - R:/127.0.0.1:59396] OUTBOUND DATA: streamId=3 padding=0 endStream=false length=41 bytes=0000000024088004121d52657370756573746120726563696269646120636f6e20c3a97869746f1801
2025-08-21 15:20:07 DEBUG i.g.n.s.i.g.netty.NettyServerHandler - [id: 0x0d23a50d, L:/127.0.0.1:9095 - R:/127.0.0.1:59396] OUTBOUND HEADERS: streamId=3 headers=GrpcHttp2OutboundHeaders[grpc-status: 0] padding=0 endStream=true
2025-08-21 15:20:07 DEBUG i.g.n.s.i.g.netty.NettyServerHandler - [id: 0x0d23a50d, L:/127.0.0.1:9095 - R:/127.0.0.1:59396] INBOUND PING: ack=false bytes=1234
2025-08-21 15:20:07 DEBUG i.g.n.s.i.g.netty.NettyServerHandler - [id: 0x0d23a50d, L:/127.0.0.1:9095 - R:/127.0.0.1:59396] OUTBOUND PING: ack=true bytes=1234
2025-08-21 15:20:09 DEBUG o.h.e.t.internal.TransactionImpl - On TransactionImpl creation, JpaCompliance#isJpaTransactionComplianceEnabled == false
2025-08-21 15:20:09 DEBUG o.h.e.t.internal.TransactionImpl - begin
2025-08-21 15:20:09 DEBUG o.h.j.i.PersistenceUnitUtilImpl - jakarta.persistence.PersistenceUnitUtil.getIdentifier is only intended to work with enhanced entities (although Hibernate also adapts this support to its proxies); however the passed entity was not enhanced (nor a proxy).. may not be able to read identifier
2025-08-21 15:20:09 DEBUG o.hibernate.engine.spi.ActionQueue - Executing identity-insert immediately
2025-08-21 15:20:09 DEBUG org.hibernate.SQL - 
    insert 
    into
        solicitudes
        (fecha_actualizacion, fecha_creacion, fecha_envio_s1, fecha_envio_s2, fecha_respuesta_s1, fecha_respuesta_s2, mensaje, sistema_destino, sistema_destino2, status, status_string) 
    values
        (?, ?, ?, ?, ?, ?, ?, ?, ?, ?, ?)
2025-08-21 15:20:09 DEBUG org.hibernate.orm.results - Initializer list is empty
2025-08-21 15:20:09 DEBUG o.h.id.IdentifierGeneratorHelper - Extracted generated values [com.company.micros1.model.Solicitud]: [Ljava.lang.Object;@7ba1ce69
2025-08-21 15:20:09 DEBUG o.h.e.t.internal.TransactionImpl - committing
2025-08-21 15:20:09 DEBUG o.h.e.i.AbstractFlushingEventListener - Processing flush-time cascades
2025-08-21 15:20:09 DEBUG o.h.e.i.AbstractFlushingEventListener - Dirty checking collections
2025-08-21 15:20:09 DEBUG o.h.e.i.AbstractFlushingEventListener - Flushed: 0 insertions, 0 updates, 0 deletions to 1 objects
2025-08-21 15:20:09 DEBUG o.h.e.i.AbstractFlushingEventListener - Flushed: 0 (re)creations, 0 updates, 0 removals to 0 collections
2025-08-21 15:20:09 DEBUG o.h.internal.util.EntityPrinter - Listing entities:
2025-08-21 15:20:09 DEBUG o.h.internal.util.EntityPrinter - com.company.micros1.model.Solicitud{statusString=RECIBIDA, fechaActualizacion=null, fechaCreacion=null, fechaRespuestaS1=null, fechaRespuestaS2=null, idSolicitud=57, mensaje=Solicitud recibida con éxito, sistemaDestino2=, fechaEnvioS2=null, sistemaDestino=, fechaEnvioS1=null, status=2}
2025-08-21 15:20:09 INFO  c.c.m.g.s.ProcesamientoAsyncService - Iniciando procesamiento para la solicitud ID: 57
2025-08-21 15:20:09 DEBUG o.h.e.t.internal.TransactionImpl - On TransactionImpl creation, JpaCompliance#isJpaTransactionComplianceEnabled == false
2025-08-21 15:20:09 DEBUG o.h.e.t.internal.TransactionImpl - begin
2025-08-21 15:20:09 DEBUG o.h.j.i.PersistenceUnitUtilImpl - jakarta.persistence.PersistenceUnitUtil.getIdentifier is only intended to work with enhanced entities (although Hibernate also adapts this support to its proxies); however the passed entity was not enhanced (nor a proxy).. may not be able to read identifier
2025-08-21 15:20:09 DEBUG org.hibernate.orm.sql.exec - Skipping reading Query result cache data: cache-enabled = false, cache-mode = IGNORE
2025-08-21 15:20:09 DEBUG org.hibernate.SQL - 
    select
        s1_0.id_solicitud,
        s1_0.fecha_actualizacion,
        s1_0.fecha_creacion,
        s1_0.fecha_envio_s1,
        s1_0.fecha_envio_s2,
        s1_0.fecha_respuesta_s1,
        s1_0.fecha_respuesta_s2,
        s1_0.mensaje,
        s1_0.sistema_destino,
        s1_0.sistema_destino2,
        s1_0.status,
        s1_0.status_string 
    from
        solicitudes s1_0 
    where
        s1_0.id_solicitud=?
2025-08-21 15:20:09 DEBUG o.h.e.t.internal.TransactionImpl - committing
2025-08-21 15:20:09 DEBUG o.h.e.i.AbstractFlushingEventListener - Processing flush-time cascades
2025-08-21 15:20:09 DEBUG o.h.e.i.AbstractFlushingEventListener - Dirty checking collections
2025-08-21 15:20:09 DEBUG o.h.e.i.AbstractFlushingEventListener - Flushed: 0 insertions, 1 updates, 0 deletions to 1 objects
2025-08-21 15:20:09 DEBUG o.h.e.i.AbstractFlushingEventListener - Flushed: 0 (re)creations, 0 updates, 0 removals to 0 collections
2025-08-21 15:20:09 DEBUG o.h.internal.util.EntityPrinter - Listing entities:
2025-08-21 15:20:09 DEBUG o.h.internal.util.EntityPrinter - com.company.micros1.model.Solicitud{statusString=RECIBIDA, fechaActualizacion=2025-08-21T15:20:09.726569500, fechaCreacion=null, fechaRespuestaS1=null, fechaRespuestaS2=null, idSolicitud=57, mensaje=Solicitud recibida con éxito, sistemaDestino2=, fechaEnvioS2=null, sistemaDestino=, fechaEnvioS1=null, status=2}
2025-08-21 15:20:09 DEBUG org.hibernate.SQL - 
    update
        solicitudes 
    set
        fecha_actualizacion=?,
        fecha_creacion=?,
        fecha_envio_s1=?,
        fecha_envio_s2=?,
        fecha_respuesta_s1=?,
        fecha_respuesta_s2=?,
        mensaje=?,
        sistema_destino=?,
        sistema_destino2=?,
        status=?,
        status_string=? 
    where
        id_solicitud=?
2025-08-21 15:20:09 INFO  c.c.m.g.s.ProcesamientoAsyncService - Solicitud ID: 57 -> PROCESANDO
2025-08-21 15:20:09 INFO  c.c.m.g.s.ProcesamientoAsyncService - Solicitud ID: 57 - Simulación de trabajo por 73 segundos.
2025-08-21 15:20:11 DEBUG i.g.n.s.i.g.netty.NettyServerHandler - [id: 0x0d23a50d, L:/127.0.0.1:9095 - R:/127.0.0.1:59396] INBOUND HEADERS: streamId=5 headers=GrpcHttp2RequestHeaders[:path: /solicitud.SolicitudResponseService/EnviarRespuesta, :authority: localhost:9095, :method: POST, :scheme: http, te: trailers, content-type: application/grpc, user-agent: grpc-java-netty/1.63.0, b3: d42906a86ad9dbe4a38d4e061af8dce0-5075f2fc14b051c7-1, x-b3-traceid: d42906a86ad9dbe4a38d4e061af8dce0, x-b3-spanid: 5075f2fc14b051c7, x-b3-sampled: 1, traceparent: 00-d42906a86ad9dbe4a38d4e061af8dce0-5075f2fc14b051c7-01, grpc-accept-encoding: gzip] streamDependency=0 weight=16 exclusive=false padding=0 endStream=false
2025-08-21 15:20:11 DEBUG i.g.n.s.i.g.netty.NettyServerHandler - [id: 0x0d23a50d, L:/127.0.0.1:9095 - R:/127.0.0.1:59396] INBOUND DATA: streamId=5 padding=0 endStream=true length=29 bytes=0000000018080118012207454e564941444162094d656e73616a652031
2025-08-21 15:20:11 DEBUG i.g.n.s.i.g.netty.NettyServerHandler - [id: 0x0d23a50d, L:/127.0.0.1:9095 - R:/127.0.0.1:59396] INBOUND HEADERS: streamId=7 headers=GrpcHttp2RequestHeaders[:path: /solicitud.SolicitudResponseService/EnviarRespuesta, :authority: localhost:9095, :method: POST, :scheme: http, te: trailers, content-type: application/grpc, user-agent: grpc-java-netty/1.63.0, b3: d42906a86ad9dbe4a38d4e061af8dce0-5075f2fc14b051c7-1, x-b3-traceid: d42906a86ad9dbe4a38d4e061af8dce0, x-b3-spanid: 5075f2fc14b051c7, x-b3-sampled: 1, traceparent: 00-d42906a86ad9dbe4a38d4e061af8dce0-5075f2fc14b051c7-01, grpc-accept-encoding: gzip] streamDependency=0 weight=16 exclusive=false padding=0 endStream=false
2025-08-21 15:20:11 DEBUG i.g.n.s.i.g.netty.NettyServerHandler - [id: 0x0d23a50d, L:/127.0.0.1:9095 - R:/127.0.0.1:59396] INBOUND DATA: streamId=7 padding=0 endStream=false length=29 bytes=0000000018080218012207454e564941444162094d656e73616a652032
2025-08-21 15:20:11 DEBUG i.g.n.s.i.g.netty.NettyServerHandler - [id: 0x0d23a50d, L:/127.0.0.1:9095 - R:/127.0.0.1:59396] INBOUND DATA: streamId=7 padding=0 endStream=true length=0 bytes=
2025-08-21 15:20:11 DEBUG i.g.n.s.i.g.netty.NettyServerHandler - [id: 0x0d23a50d, L:/127.0.0.1:9095 - R:/127.0.0.1:59396] INBOUND HEADERS: streamId=9 headers=GrpcHttp2RequestHeaders[:path: /solicitud.SolicitudResponseService/EnviarRespuesta, :authority: localhost:9095, :method: POST, :scheme: http, te: trailers, content-type: application/grpc, user-agent: grpc-java-netty/1.63.0, b3: d42906a86ad9dbe4a38d4e061af8dce0-5075f2fc14b051c7-1, x-b3-traceid: d42906a86ad9dbe4a38d4e061af8dce0, x-b3-spanid: 5075f2fc14b051c7, x-b3-sampled: 1, traceparent: 00-d42906a86ad9dbe4a38d4e061af8dce0-5075f2fc14b051c7-01, grpc-accept-encoding: gzip] streamDependency=0 weight=16 exclusive=false padding=0 endStream=false
2025-08-21 15:20:11 DEBUG i.g.n.s.i.g.netty.NettyServerHandler - [id: 0x0d23a50d, L:/127.0.0.1:9095 - R:/127.0.0.1:59396] INBOUND DATA: streamId=9 padding=0 endStream=false length=29 bytes=0000000018080318012207454e564941444162094d656e73616a652033
2025-08-21 15:20:11 DEBUG i.g.n.s.i.g.netty.NettyServerHandler - [id: 0x0d23a50d, L:/127.0.0.1:9095 - R:/127.0.0.1:59396] INBOUND DATA: streamId=9 padding=0 endStream=true length=0 bytes=
2025-08-21 15:20:11 DEBUG i.m.t.o.p.BaggageTextMapPropagator - Will propagate new baggage context for entries {}
2025-08-21 15:20:11 DEBUG i.g.n.s.i.g.netty.NettyServerHandler - [id: 0x0d23a50d, L:/127.0.0.1:9095 - R:/127.0.0.1:59396] OUTBOUND HEADERS: streamId=5 headers=GrpcHttp2OutboundHeaders[:status: 200, content-type: application/grpc, grpc-encoding: identity, grpc-accept-encoding: gzip] padding=0 endStream=false
2025-08-21 15:20:11 DEBUG i.g.n.s.i.g.netty.NettyServerHandler - [id: 0x0d23a50d, L:/127.0.0.1:9095 - R:/127.0.0.1:59396] OUTBOUND DATA: streamId=5 padding=0 endStream=false length=40 bytes=00000000230801121d52657370756573746120726563696269646120636f6e20c3a97869746f1801
2025-08-21 15:20:11 DEBUG i.g.n.s.i.g.netty.NettyServerHandler - [id: 0x0d23a50d, L:/127.0.0.1:9095 - R:/127.0.0.1:59396] OUTBOUND HEADERS: streamId=5 headers=GrpcHttp2OutboundHeaders[grpc-status: 0] padding=0 endStream=true
2025-08-21 15:20:11 DEBUG i.m.t.o.p.BaggageTextMapPropagator - Will propagate new baggage context for entries {}
2025-08-21 15:20:11 DEBUG i.m.t.o.p.BaggageTextMapPropagator - Will propagate new baggage context for entries {}
2025-08-21 15:20:11 DEBUG i.g.n.s.i.g.netty.NettyServerHandler - [id: 0x0d23a50d, L:/127.0.0.1:9095 - R:/127.0.0.1:59396] OUTBOUND HEADERS: streamId=7 headers=GrpcHttp2OutboundHeaders[:status: 200, content-type: application/grpc, grpc-encoding: identity, grpc-accept-encoding: gzip] padding=0 endStream=false
2025-08-21 15:20:11 DEBUG i.g.n.s.i.g.netty.NettyServerHandler - [id: 0x0d23a50d, L:/127.0.0.1:9095 - R:/127.0.0.1:59396] OUTBOUND DATA: streamId=7 padding=0 endStream=false length=40 bytes=00000000230802121d52657370756573746120726563696269646120636f6e20c3a97869746f1801
2025-08-21 15:20:11 DEBUG i.g.n.s.i.g.netty.NettyServerHandler - [id: 0x0d23a50d, L:/127.0.0.1:9095 - R:/127.0.0.1:59396] OUTBOUND HEADERS: streamId=7 headers=GrpcHttp2OutboundHeaders[grpc-status: 0] padding=0 endStream=true
2025-08-21 15:20:11 DEBUG i.g.n.s.i.g.netty.NettyServerHandler - [id: 0x0d23a50d, L:/127.0.0.1:9095 - R:/127.0.0.1:59396] OUTBOUND HEADERS: streamId=9 headers=GrpcHttp2OutboundHeaders[:status: 200, content-type: application/grpc, grpc-encoding: identity, grpc-accept-encoding: gzip] padding=0 endStream=false
2025-08-21 15:20:11 DEBUG i.g.n.s.i.g.netty.NettyServerHandler - [id: 0x0d23a50d, L:/127.0.0.1:9095 - R:/127.0.0.1:59396] OUTBOUND DATA: streamId=9 padding=0 endStream=false length=40 bytes=00000000230803121d52657370756573746120726563696269646120636f6e20c3a97869746f1801
2025-08-21 15:20:11 DEBUG i.g.n.s.i.g.netty.NettyServerHandler - [id: 0x0d23a50d, L:/127.0.0.1:9095 - R:/127.0.0.1:59396] OUTBOUND HEADERS: streamId=9 headers=GrpcHttp2OutboundHeaders[grpc-status: 0] padding=0 endStream=true
2025-08-21 15:20:13 DEBUG o.h.e.t.internal.TransactionImpl - On TransactionImpl creation, JpaCompliance#isJpaTransactionComplianceEnabled == false
2025-08-21 15:20:13 DEBUG o.h.e.t.internal.TransactionImpl - begin
2025-08-21 15:20:13 DEBUG o.h.j.i.PersistenceUnitUtilImpl - jakarta.persistence.PersistenceUnitUtil.getIdentifier is only intended to work with enhanced entities (although Hibernate also adapts this support to its proxies); however the passed entity was not enhanced (nor a proxy).. may not be able to read identifier
2025-08-21 15:20:13 DEBUG o.hibernate.engine.spi.ActionQueue - Executing identity-insert immediately
2025-08-21 15:20:13 DEBUG org.hibernate.SQL - 
    insert 
    into
        solicitudes
        (fecha_actualizacion, fecha_creacion, fecha_envio_s1, fecha_envio_s2, fecha_respuesta_s1, fecha_respuesta_s2, mensaje, sistema_destino, sistema_destino2, status, status_string) 
    values
        (?, ?, ?, ?, ?, ?, ?, ?, ?, ?, ?)
2025-08-21 15:20:13 DEBUG org.hibernate.orm.results - Initializer list is empty
2025-08-21 15:20:13 DEBUG o.h.id.IdentifierGeneratorHelper - Extracted generated values [com.company.micros1.model.Solicitud]: [Ljava.lang.Object;@1834cfb8
2025-08-21 15:20:13 DEBUG o.h.e.t.internal.TransactionImpl - committing
2025-08-21 15:20:13 DEBUG o.h.e.i.AbstractFlushingEventListener - Processing flush-time cascades
2025-08-21 15:20:13 DEBUG o.h.e.i.AbstractFlushingEventListener - Dirty checking collections
2025-08-21 15:20:13 DEBUG o.h.e.i.AbstractFlushingEventListener - Flushed: 0 insertions, 0 updates, 0 deletions to 1 objects
2025-08-21 15:20:13 DEBUG o.h.e.i.AbstractFlushingEventListener - Flushed: 0 (re)creations, 0 updates, 0 removals to 0 collections
2025-08-21 15:20:13 DEBUG o.h.internal.util.EntityPrinter - Listing entities:
2025-08-21 15:20:13 DEBUG o.h.internal.util.EntityPrinter - com.company.micros1.model.Solicitud{statusString=RECIBIDA, fechaActualizacion=null, fechaCreacion=null, fechaRespuestaS1=null, fechaRespuestaS2=null, idSolicitud=58, mensaje=Solicitud recibida con éxito, sistemaDestino2=, fechaEnvioS2=null, sistemaDestino=, fechaEnvioS1=null, status=2}
2025-08-21 15:20:13 DEBUG o.h.e.t.internal.TransactionImpl - On TransactionImpl creation, JpaCompliance#isJpaTransactionComplianceEnabled == false
2025-08-21 15:20:13 DEBUG o.h.e.t.internal.TransactionImpl - begin
2025-08-21 15:20:13 DEBUG o.h.e.t.internal.TransactionImpl - On TransactionImpl creation, JpaCompliance#isJpaTransactionComplianceEnabled == false
2025-08-21 15:20:13 DEBUG o.h.e.t.internal.TransactionImpl - begin
2025-08-21 15:20:13 DEBUG o.h.j.i.PersistenceUnitUtilImpl - jakarta.persistence.PersistenceUnitUtil.getIdentifier is only intended to work with enhanced entities (although Hibernate also adapts this support to its proxies); however the passed entity was not enhanced (nor a proxy).. may not be able to read identifier
2025-08-21 15:20:13 DEBUG o.hibernate.engine.spi.ActionQueue - Executing identity-insert immediately
2025-08-21 15:20:13 DEBUG org.hibernate.SQL - 
    insert 
    into
        solicitudes
        (fecha_actualizacion, fecha_creacion, fecha_envio_s1, fecha_envio_s2, fecha_respuesta_s1, fecha_respuesta_s2, mensaje, sistema_destino, sistema_destino2, status, status_string) 
    values
        (?, ?, ?, ?, ?, ?, ?, ?, ?, ?, ?)
2025-08-21 15:20:13 DEBUG org.hibernate.orm.results - Initializer list is empty
2025-08-21 15:20:13 DEBUG o.h.id.IdentifierGeneratorHelper - Extracted generated values [com.company.micros1.model.Solicitud]: [Ljava.lang.Object;@1b0b61e2
2025-08-21 15:20:13 DEBUG o.h.e.t.internal.TransactionImpl - committing
2025-08-21 15:20:13 DEBUG o.h.e.i.AbstractFlushingEventListener - Processing flush-time cascades
2025-08-21 15:20:13 DEBUG o.h.e.i.AbstractFlushingEventListener - Dirty checking collections
2025-08-21 15:20:13 DEBUG o.h.e.i.AbstractFlushingEventListener - Flushed: 0 insertions, 0 updates, 0 deletions to 1 objects
2025-08-21 15:20:13 DEBUG o.h.e.i.AbstractFlushingEventListener - Flushed: 0 (re)creations, 0 updates, 0 removals to 0 collections
2025-08-21 15:20:13 DEBUG o.h.internal.util.EntityPrinter - Listing entities:
2025-08-21 15:20:13 DEBUG o.h.internal.util.EntityPrinter - com.company.micros1.model.Solicitud{statusString=RECIBIDA, fechaActualizacion=null, fechaCreacion=null, fechaRespuestaS1=null, fechaRespuestaS2=null, idSolicitud=59, mensaje=Solicitud recibida con éxito, sistemaDestino2=, fechaEnvioS2=null, sistemaDestino=, fechaEnvioS1=null, status=2}
2025-08-21 15:20:13 DEBUG o.h.j.i.PersistenceUnitUtilImpl - jakarta.persistence.PersistenceUnitUtil.getIdentifier is only intended to work with enhanced entities (although Hibernate also adapts this support to its proxies); however the passed entity was not enhanced (nor a proxy).. may not be able to read identifier
2025-08-21 15:20:13 DEBUG o.hibernate.engine.spi.ActionQueue - Executing identity-insert immediately
2025-08-21 15:20:13 DEBUG org.hibernate.SQL - 
    insert 
    into
        solicitudes
        (fecha_actualizacion, fecha_creacion, fecha_envio_s1, fecha_envio_s2, fecha_respuesta_s1, fecha_respuesta_s2, mensaje, sistema_destino, sistema_destino2, status, status_string) 
    values
        (?, ?, ?, ?, ?, ?, ?, ?, ?, ?, ?)
2025-08-21 15:20:13 DEBUG org.hibernate.orm.results - Initializer list is empty
2025-08-21 15:20:13 DEBUG o.h.id.IdentifierGeneratorHelper - Extracted generated values [com.company.micros1.model.Solicitud]: [Ljava.lang.Object;@19320e03
2025-08-21 15:20:13 DEBUG o.h.e.t.internal.TransactionImpl - committing
2025-08-21 15:20:13 DEBUG o.h.e.i.AbstractFlushingEventListener - Processing flush-time cascades
2025-08-21 15:20:13 DEBUG o.h.e.i.AbstractFlushingEventListener - Dirty checking collections
2025-08-21 15:20:13 DEBUG o.h.e.i.AbstractFlushingEventListener - Flushed: 0 insertions, 0 updates, 0 deletions to 1 objects
2025-08-21 15:20:13 DEBUG o.h.e.i.AbstractFlushingEventListener - Flushed: 0 (re)creations, 0 updates, 0 removals to 0 collections
2025-08-21 15:20:13 DEBUG o.h.internal.util.EntityPrinter - Listing entities:
2025-08-21 15:20:13 DEBUG o.h.internal.util.EntityPrinter - com.company.micros1.model.Solicitud{statusString=RECIBIDA, fechaActualizacion=null, fechaCreacion=null, fechaRespuestaS1=null, fechaRespuestaS2=null, idSolicitud=60, mensaje=Solicitud recibida con éxito, sistemaDestino2=, fechaEnvioS2=null, sistemaDestino=, fechaEnvioS1=null, status=2}
2025-08-21 15:20:16 DEBUG i.g.n.s.i.g.netty.NettyServerHandler - [id: 0x0d23a50d, L:/127.0.0.1:9095 - R:/127.0.0.1:59396] INBOUND HEADERS: streamId=11 headers=GrpcHttp2RequestHeaders[:path: /solicitud.SolicitudResponseService/EnviarRespuesta, :authority: localhost:9095, :method: POST, :scheme: http, te: trailers, content-type: application/grpc, user-agent: grpc-java-netty/1.63.0, b3: 27d1819201ef3babb7e2b1f95eebfdd2-af80261f1af9e47f-1, x-b3-traceid: 27d1819201ef3babb7e2b1f95eebfdd2, x-b3-spanid: af80261f1af9e47f, x-b3-sampled: 1, traceparent: 00-27d1819201ef3babb7e2b1f95eebfdd2-af80261f1af9e47f-01, grpc-accept-encoding: gzip] streamDependency=0 weight=16 exclusive=false padding=0 endStream=false
2025-08-21 15:20:16 DEBUG i.g.n.s.i.g.netty.NettyServerHandler - [id: 0x0d23a50d, L:/127.0.0.1:9095 - R:/127.0.0.1:59396] INBOUND DATA: streamId=11 padding=0 endStream=false length=59 bytes=000000003608800418012207454e5649414441622656616c6964616369c3b36e20636f6d706c657461646120657869746f73616d656e74652e2e2e
2025-08-21 15:20:16 DEBUG i.g.n.s.i.g.netty.NettyServerHandler - [id: 0x0d23a50d, L:/127.0.0.1:9095 - R:/127.0.0.1:59396] INBOUND DATA: streamId=11 padding=0 endStream=true length=0 bytes=
2025-08-21 15:20:16 DEBUG i.m.t.o.p.BaggageTextMapPropagator - Will propagate new baggage context for entries {}
2025-08-21 15:20:16 DEBUG i.g.n.s.i.g.netty.NettyServerHandler - [id: 0x0d23a50d, L:/127.0.0.1:9095 - R:/127.0.0.1:59396] OUTBOUND HEADERS: streamId=11 headers=GrpcHttp2OutboundHeaders[:status: 200, content-type: application/grpc, grpc-encoding: identity, grpc-accept-encoding: gzip] padding=0 endStream=false
2025-08-21 15:20:16 DEBUG i.g.n.s.i.g.netty.NettyServerHandler - [id: 0x0d23a50d, L:/127.0.0.1:9095 - R:/127.0.0.1:59396] OUTBOUND DATA: streamId=11 padding=0 endStream=false length=41 bytes=0000000024088004121d52657370756573746120726563696269646120636f6e20c3a97869746f1801
2025-08-21 15:20:16 DEBUG i.g.n.s.i.g.netty.NettyServerHandler - [id: 0x0d23a50d, L:/127.0.0.1:9095 - R:/127.0.0.1:59396] OUTBOUND HEADERS: streamId=11 headers=GrpcHttp2OutboundHeaders[grpc-status: 0] padding=0 endStream=true
2025-08-21 15:20:18 DEBUG o.h.e.t.internal.TransactionImpl - On TransactionImpl creation, JpaCompliance#isJpaTransactionComplianceEnabled == false
2025-08-21 15:20:18 DEBUG o.h.e.t.internal.TransactionImpl - begin
2025-08-21 15:20:18 DEBUG o.h.j.i.PersistenceUnitUtilImpl - jakarta.persistence.PersistenceUnitUtil.getIdentifier is only intended to work with enhanced entities (although Hibernate also adapts this support to its proxies); however the passed entity was not enhanced (nor a proxy).. may not be able to read identifier
2025-08-21 15:20:18 DEBUG o.hibernate.engine.spi.ActionQueue - Executing identity-insert immediately
2025-08-21 15:20:18 DEBUG org.hibernate.SQL - 
    insert 
    into
        solicitudes
        (fecha_actualizacion, fecha_creacion, fecha_envio_s1, fecha_envio_s2, fecha_respuesta_s1, fecha_respuesta_s2, mensaje, sistema_destino, sistema_destino2, status, status_string) 
    values
        (?, ?, ?, ?, ?, ?, ?, ?, ?, ?, ?)
2025-08-21 15:20:18 DEBUG org.hibernate.orm.results - Initializer list is empty
2025-08-21 15:20:18 DEBUG o.h.id.IdentifierGeneratorHelper - Extracted generated values [com.company.micros1.model.Solicitud]: [Ljava.lang.Object;@77c3dd7f
2025-08-21 15:20:18 DEBUG o.h.e.t.internal.TransactionImpl - committing
2025-08-21 15:20:18 DEBUG o.h.e.i.AbstractFlushingEventListener - Processing flush-time cascades
2025-08-21 15:20:18 DEBUG o.h.e.i.AbstractFlushingEventListener - Dirty checking collections
2025-08-21 15:20:18 DEBUG o.h.e.i.AbstractFlushingEventListener - Flushed: 0 insertions, 0 updates, 0 deletions to 1 objects
2025-08-21 15:20:18 DEBUG o.h.e.i.AbstractFlushingEventListener - Flushed: 0 (re)creations, 0 updates, 0 removals to 0 collections
2025-08-21 15:20:18 DEBUG o.h.internal.util.EntityPrinter - Listing entities:
2025-08-21 15:20:18 DEBUG o.h.internal.util.EntityPrinter - com.company.micros1.model.Solicitud{statusString=RECIBIDA, fechaActualizacion=null, fechaCreacion=null, fechaRespuestaS1=null, fechaRespuestaS2=null, idSolicitud=61, mensaje=Solicitud recibida con éxito, sistemaDestino2=, fechaEnvioS2=null, sistemaDestino=, fechaEnvioS1=null, status=2}
2025-08-21 15:20:19 DEBUG i.g.n.s.i.g.netty.NettyServerHandler - [id: 0x0d23a50d, L:/127.0.0.1:9095 - R:/127.0.0.1:59396] INBOUND HEADERS: streamId=13 headers=GrpcHttp2RequestHeaders[:path: /solicitud.SolicitudResponseService/EnviarRespuesta, :authority: localhost:9095, :method: POST, :scheme: http, te: trailers, content-type: application/grpc, user-agent: grpc-java-netty/1.63.0, b3: 4654e1329574cd6fffa6798089abc3b0-7db04f5c6ec18947-1, x-b3-traceid: 4654e1329574cd6fffa6798089abc3b0, x-b3-spanid: 7db04f5c6ec18947, x-b3-sampled: 1, traceparent: 00-4654e1329574cd6fffa6798089abc3b0-7db04f5c6ec18947-01, grpc-accept-encoding: gzip] streamDependency=0 weight=16 exclusive=false padding=0 endStream=false
2025-08-21 15:20:19 DEBUG i.g.n.s.i.g.netty.NettyServerHandler - [id: 0x0d23a50d, L:/127.0.0.1:9095 - R:/127.0.0.1:59396] INBOUND DATA: streamId=13 padding=0 endStream=true length=59 bytes=000000003608800418012207454e5649414441622656616c6964616369c3b36e20636f6d706c657461646120657869746f73616d656e74652e2e2e
2025-08-21 15:20:19 DEBUG i.m.t.o.p.BaggageTextMapPropagator - Will propagate new baggage context for entries {}
2025-08-21 15:20:19 DEBUG i.g.n.s.i.g.netty.NettyServerHandler - [id: 0x0d23a50d, L:/127.0.0.1:9095 - R:/127.0.0.1:59396] OUTBOUND HEADERS: streamId=13 headers=GrpcHttp2OutboundHeaders[:status: 200, content-type: application/grpc, grpc-encoding: identity, grpc-accept-encoding: gzip] padding=0 endStream=false
2025-08-21 15:20:19 DEBUG i.g.n.s.i.g.netty.NettyServerHandler - [id: 0x0d23a50d, L:/127.0.0.1:9095 - R:/127.0.0.1:59396] OUTBOUND DATA: streamId=13 padding=0 endStream=false length=41 bytes=0000000024088004121d52657370756573746120726563696269646120636f6e20c3a97869746f1801
2025-08-21 15:20:19 DEBUG i.g.n.s.i.g.netty.NettyServerHandler - [id: 0x0d23a50d, L:/127.0.0.1:9095 - R:/127.0.0.1:59396] OUTBOUND HEADERS: streamId=13 headers=GrpcHttp2OutboundHeaders[grpc-status: 0] padding=0 endStream=true
2025-08-21 15:20:21 DEBUG o.h.e.t.internal.TransactionImpl - On TransactionImpl creation, JpaCompliance#isJpaTransactionComplianceEnabled == false
2025-08-21 15:20:21 DEBUG o.h.e.t.internal.TransactionImpl - begin
2025-08-21 15:20:21 DEBUG o.h.j.i.PersistenceUnitUtilImpl - jakarta.persistence.PersistenceUnitUtil.getIdentifier is only intended to work with enhanced entities (although Hibernate also adapts this support to its proxies); however the passed entity was not enhanced (nor a proxy).. may not be able to read identifier
2025-08-21 15:20:21 DEBUG o.hibernate.engine.spi.ActionQueue - Executing identity-insert immediately
2025-08-21 15:20:21 DEBUG org.hibernate.SQL - 
    insert 
    into
        solicitudes
        (fecha_actualizacion, fecha_creacion, fecha_envio_s1, fecha_envio_s2, fecha_respuesta_s1, fecha_respuesta_s2, mensaje, sistema_destino, sistema_destino2, status, status_string) 
    values
        (?, ?, ?, ?, ?, ?, ?, ?, ?, ?, ?)
2025-08-21 15:20:21 DEBUG org.hibernate.orm.results - Initializer list is empty
2025-08-21 15:20:21 DEBUG o.h.id.IdentifierGeneratorHelper - Extracted generated values [com.company.micros1.model.Solicitud]: [Ljava.lang.Object;@1ff7ab28
2025-08-21 15:20:21 DEBUG o.h.e.t.internal.TransactionImpl - committing
2025-08-21 15:20:21 DEBUG o.h.e.i.AbstractFlushingEventListener - Processing flush-time cascades
2025-08-21 15:20:21 DEBUG o.h.e.i.AbstractFlushingEventListener - Dirty checking collections
2025-08-21 15:20:21 DEBUG o.h.e.i.AbstractFlushingEventListener - Flushed: 0 insertions, 0 updates, 0 deletions to 1 objects
2025-08-21 15:20:21 DEBUG o.h.e.i.AbstractFlushingEventListener - Flushed: 0 (re)creations, 0 updates, 0 removals to 0 collections
2025-08-21 15:20:21 DEBUG o.h.internal.util.EntityPrinter - Listing entities:
2025-08-21 15:20:21 DEBUG o.h.internal.util.EntityPrinter - com.company.micros1.model.Solicitud{statusString=RECIBIDA, fechaActualizacion=null, fechaCreacion=null, fechaRespuestaS1=null, fechaRespuestaS2=null, idSolicitud=62, mensaje=Solicitud recibida con éxito, sistemaDestino2=, fechaEnvioS2=null, sistemaDestino=, fechaEnvioS1=null, status=2}
2025-08-21 15:20:23 DEBUG i.g.n.s.i.g.netty.NettyServerHandler - [id: 0x0d23a50d, L:/127.0.0.1:9095 - R:/127.0.0.1:59396] INBOUND HEADERS: streamId=15 headers=GrpcHttp2RequestHeaders[:path: /solicitud.SolicitudResponseService/EnviarRespuesta, :authority: localhost:9095, :method: POST, :scheme: http, te: trailers, content-type: application/grpc, user-agent: grpc-java-netty/1.63.0, b3: d11a2ff0ab1bddf62ad3c2d2c67c474a-0d353e640ef39e82-1, x-b3-traceid: d11a2ff0ab1bddf62ad3c2d2c67c474a, x-b3-spanid: 0d353e640ef39e82, x-b3-sampled: 1, traceparent: 00-d11a2ff0ab1bddf62ad3c2d2c67c474a-0d353e640ef39e82-01, grpc-accept-encoding: gzip] streamDependency=0 weight=16 exclusive=false padding=0 endStream=false
2025-08-21 15:20:23 DEBUG i.g.n.s.i.g.netty.NettyServerHandler - [id: 0x0d23a50d, L:/127.0.0.1:9095 - R:/127.0.0.1:59396] INBOUND DATA: streamId=15 padding=0 endStream=true length=29 bytes=0000000018080118012207454e564941444162094d656e73616a652031
2025-08-21 15:20:23 DEBUG i.m.t.o.p.BaggageTextMapPropagator - Will propagate new baggage context for entries {}
2025-08-21 15:20:23 DEBUG i.g.n.s.i.g.netty.NettyServerHandler - [id: 0x0d23a50d, L:/127.0.0.1:9095 - R:/127.0.0.1:59396] INBOUND HEADERS: streamId=17 headers=GrpcHttp2RequestHeaders[:path: /solicitud.SolicitudResponseService/EnviarRespuesta, :authority: localhost:9095, :method: POST, :scheme: http, te: trailers, content-type: application/grpc, user-agent: grpc-java-netty/1.63.0, b3: d11a2ff0ab1bddf62ad3c2d2c67c474a-0d353e640ef39e82-1, x-b3-traceid: d11a2ff0ab1bddf62ad3c2d2c67c474a, x-b3-spanid: 0d353e640ef39e82, x-b3-sampled: 1, traceparent: 00-d11a2ff0ab1bddf62ad3c2d2c67c474a-0d353e640ef39e82-01, grpc-accept-encoding: gzip] streamDependency=0 weight=16 exclusive=false padding=0 endStream=false
2025-08-21 15:20:23 DEBUG i.g.n.s.i.g.netty.NettyServerHandler - [id: 0x0d23a50d, L:/127.0.0.1:9095 - R:/127.0.0.1:59396] INBOUND DATA: streamId=17 padding=0 endStream=true length=29 bytes=0000000018080218012207454e564941444162094d656e73616a652032
2025-08-21 15:20:23 DEBUG i.g.n.s.i.g.netty.NettyServerHandler - [id: 0x0d23a50d, L:/127.0.0.1:9095 - R:/127.0.0.1:59396] OUTBOUND HEADERS: streamId=15 headers=GrpcHttp2OutboundHeaders[:status: 200, content-type: application/grpc, grpc-encoding: identity, grpc-accept-encoding: gzip] padding=0 endStream=false
2025-08-21 15:20:23 DEBUG i.g.n.s.i.g.netty.NettyServerHandler - [id: 0x0d23a50d, L:/127.0.0.1:9095 - R:/127.0.0.1:59396] INBOUND HEADERS: streamId=19 headers=GrpcHttp2RequestHeaders[:path: /solicitud.SolicitudResponseService/EnviarRespuesta, :authority: localhost:9095, :method: POST, :scheme: http, te: trailers, content-type: application/grpc, user-agent: grpc-java-netty/1.63.0, b3: d11a2ff0ab1bddf62ad3c2d2c67c474a-0d353e640ef39e82-1, x-b3-traceid: d11a2ff0ab1bddf62ad3c2d2c67c474a, x-b3-spanid: 0d353e640ef39e82, x-b3-sampled: 1, traceparent: 00-d11a2ff0ab1bddf62ad3c2d2c67c474a-0d353e640ef39e82-01, grpc-accept-encoding: gzip] streamDependency=0 weight=16 exclusive=false padding=0 endStream=false
2025-08-21 15:20:23 DEBUG i.g.n.s.i.g.netty.NettyServerHandler - [id: 0x0d23a50d, L:/127.0.0.1:9095 - R:/127.0.0.1:59396] INBOUND DATA: streamId=19 padding=0 endStream=true length=29 bytes=0000000018080318012207454e564941444162094d656e73616a652033
2025-08-21 15:20:23 DEBUG i.g.n.s.i.g.netty.NettyServerHandler - [id: 0x0d23a50d, L:/127.0.0.1:9095 - R:/127.0.0.1:59396] OUTBOUND DATA: streamId=15 padding=0 endStream=false length=40 bytes=00000000230801121d52657370756573746120726563696269646120636f6e20c3a97869746f1801
2025-08-21 15:20:23 DEBUG i.g.n.s.i.g.netty.NettyServerHandler - [id: 0x0d23a50d, L:/127.0.0.1:9095 - R:/127.0.0.1:59396] OUTBOUND HEADERS: streamId=15 headers=GrpcHttp2OutboundHeaders[grpc-status: 0] padding=0 endStream=true
2025-08-21 15:20:23 DEBUG i.m.t.o.p.BaggageTextMapPropagator - Will propagate new baggage context for entries {}
2025-08-21 15:20:23 DEBUG i.g.n.s.i.g.netty.NettyServerHandler - [id: 0x0d23a50d, L:/127.0.0.1:9095 - R:/127.0.0.1:59396] OUTBOUND HEADERS: streamId=17 headers=GrpcHttp2OutboundHeaders[:status: 200, content-type: application/grpc, grpc-encoding: identity, grpc-accept-encoding: gzip] padding=0 endStream=false
2025-08-21 15:20:23 DEBUG i.g.n.s.i.g.netty.NettyServerHandler - [id: 0x0d23a50d, L:/127.0.0.1:9095 - R:/127.0.0.1:59396] OUTBOUND DATA: streamId=17 padding=0 endStream=false length=40 bytes=00000000230802121d52657370756573746120726563696269646120636f6e20c3a97869746f1801
2025-08-21 15:20:23 DEBUG i.g.n.s.i.g.netty.NettyServerHandler - [id: 0x0d23a50d, L:/127.0.0.1:9095 - R:/127.0.0.1:59396] OUTBOUND HEADERS: streamId=17 headers=GrpcHttp2OutboundHeaders[grpc-status: 0] padding=0 endStream=true
2025-08-21 15:20:23 DEBUG i.m.t.o.p.BaggageTextMapPropagator - Will propagate new baggage context for entries {}
2025-08-21 15:20:23 DEBUG i.g.n.s.i.g.netty.NettyServerHandler - [id: 0x0d23a50d, L:/127.0.0.1:9095 - R:/127.0.0.1:59396] OUTBOUND HEADERS: streamId=19 headers=GrpcHttp2OutboundHeaders[:status: 200, content-type: application/grpc, grpc-encoding: identity, grpc-accept-encoding: gzip] padding=0 endStream=false
2025-08-21 15:20:23 DEBUG i.g.n.s.i.g.netty.NettyServerHandler - [id: 0x0d23a50d, L:/127.0.0.1:9095 - R:/127.0.0.1:59396] OUTBOUND DATA: streamId=19 padding=0 endStream=false length=40 bytes=00000000230803121d52657370756573746120726563696269646120636f6e20c3a97869746f1801
2025-08-21 15:20:23 DEBUG i.g.n.s.i.g.netty.NettyServerHandler - [id: 0x0d23a50d, L:/127.0.0.1:9095 - R:/127.0.0.1:59396] OUTBOUND HEADERS: streamId=19 headers=GrpcHttp2OutboundHeaders[grpc-status: 0] padding=0 endStream=true
2025-08-21 15:20:25 DEBUG o.h.e.t.internal.TransactionImpl - On TransactionImpl creation, JpaCompliance#isJpaTransactionComplianceEnabled == false
2025-08-21 15:20:25 DEBUG o.h.e.t.internal.TransactionImpl - begin
2025-08-21 15:20:25 DEBUG o.h.e.t.internal.TransactionImpl - On TransactionImpl creation, JpaCompliance#isJpaTransactionComplianceEnabled == false
2025-08-21 15:20:25 DEBUG o.h.e.t.internal.TransactionImpl - begin
2025-08-21 15:20:25 DEBUG o.h.e.t.internal.TransactionImpl - On TransactionImpl creation, JpaCompliance#isJpaTransactionComplianceEnabled == false
2025-08-21 15:20:25 DEBUG o.h.e.t.internal.TransactionImpl - begin
2025-08-21 15:20:25 DEBUG o.h.j.i.PersistenceUnitUtilImpl - jakarta.persistence.PersistenceUnitUtil.getIdentifier is only intended to work with enhanced entities (although Hibernate also adapts this support to its proxies); however the passed entity was not enhanced (nor a proxy).. may not be able to read identifier
2025-08-21 15:20:25 DEBUG o.hibernate.engine.spi.ActionQueue - Executing identity-insert immediately
2025-08-21 15:20:25 DEBUG org.hibernate.SQL - 
    insert 
    into
        solicitudes
        (fecha_actualizacion, fecha_creacion, fecha_envio_s1, fecha_envio_s2, fecha_respuesta_s1, fecha_respuesta_s2, mensaje, sistema_destino, sistema_destino2, status, status_string) 
    values
        (?, ?, ?, ?, ?, ?, ?, ?, ?, ?, ?)
2025-08-21 15:20:25 DEBUG o.h.j.i.PersistenceUnitUtilImpl - jakarta.persistence.PersistenceUnitUtil.getIdentifier is only intended to work with enhanced entities (although Hibernate also adapts this support to its proxies); however the passed entity was not enhanced (nor a proxy).. may not be able to read identifier
2025-08-21 15:20:25 DEBUG o.hibernate.engine.spi.ActionQueue - Executing identity-insert immediately
2025-08-21 15:20:25 DEBUG org.hibernate.SQL - 
    insert 
    into
        solicitudes
        (fecha_actualizacion, fecha_creacion, fecha_envio_s1, fecha_envio_s2, fecha_respuesta_s1, fecha_respuesta_s2, mensaje, sistema_destino, sistema_destino2, status, status_string) 
    values
        (?, ?, ?, ?, ?, ?, ?, ?, ?, ?, ?)
2025-08-21 15:20:25 DEBUG org.hibernate.orm.results - Initializer list is empty
2025-08-21 15:20:25 DEBUG o.h.id.IdentifierGeneratorHelper - Extracted generated values [com.company.micros1.model.Solicitud]: [Ljava.lang.Object;@833c32a
2025-08-21 15:20:25 DEBUG o.h.e.t.internal.TransactionImpl - committing
2025-08-21 15:20:25 DEBUG o.h.e.i.AbstractFlushingEventListener - Processing flush-time cascades
2025-08-21 15:20:25 DEBUG o.h.e.i.AbstractFlushingEventListener - Dirty checking collections
2025-08-21 15:20:25 DEBUG o.h.e.i.AbstractFlushingEventListener - Flushed: 0 insertions, 0 updates, 0 deletions to 1 objects
2025-08-21 15:20:25 DEBUG o.h.e.i.AbstractFlushingEventListener - Flushed: 0 (re)creations, 0 updates, 0 removals to 0 collections
2025-08-21 15:20:25 DEBUG o.h.internal.util.EntityPrinter - Listing entities:
2025-08-21 15:20:25 DEBUG o.h.internal.util.EntityPrinter - com.company.micros1.model.Solicitud{statusString=RECIBIDA, fechaActualizacion=null, fechaCreacion=null, fechaRespuestaS1=null, fechaRespuestaS2=null, idSolicitud=63, mensaje=Solicitud recibida con éxito, sistemaDestino2=, fechaEnvioS2=null, sistemaDestino=, fechaEnvioS1=null, status=2}
2025-08-21 15:20:25 DEBUG org.hibernate.orm.results - Initializer list is empty
2025-08-21 15:20:25 DEBUG o.h.id.IdentifierGeneratorHelper - Extracted generated values [com.company.micros1.model.Solicitud]: [Ljava.lang.Object;@7c7bfdb7
2025-08-21 15:20:25 DEBUG o.h.e.t.internal.TransactionImpl - committing
2025-08-21 15:20:25 DEBUG o.h.j.i.PersistenceUnitUtilImpl - jakarta.persistence.PersistenceUnitUtil.getIdentifier is only intended to work with enhanced entities (although Hibernate also adapts this support to its proxies); however the passed entity was not enhanced (nor a proxy).. may not be able to read identifier
2025-08-21 15:20:25 DEBUG o.h.e.i.AbstractFlushingEventListener - Processing flush-time cascades
2025-08-21 15:20:25 DEBUG o.h.e.i.AbstractFlushingEventListener - Dirty checking collections
2025-08-21 15:20:25 DEBUG o.hibernate.engine.spi.ActionQueue - Executing identity-insert immediately
2025-08-21 15:20:25 DEBUG o.h.e.i.AbstractFlushingEventListener - Flushed: 0 insertions, 0 updates, 0 deletions to 1 objects
2025-08-21 15:20:25 DEBUG o.h.e.i.AbstractFlushingEventListener - Flushed: 0 (re)creations, 0 updates, 0 removals to 0 collections
2025-08-21 15:20:25 DEBUG o.h.internal.util.EntityPrinter - Listing entities:
2025-08-21 15:20:25 DEBUG o.h.internal.util.EntityPrinter - com.company.micros1.model.Solicitud{statusString=RECIBIDA, fechaActualizacion=null, fechaCreacion=null, fechaRespuestaS1=null, fechaRespuestaS2=null, idSolicitud=64, mensaje=Solicitud recibida con éxito, sistemaDestino2=, fechaEnvioS2=null, sistemaDestino=, fechaEnvioS1=null, status=2}
2025-08-21 15:20:25 DEBUG org.hibernate.SQL - 
    insert 
    into
        solicitudes
        (fecha_actualizacion, fecha_creacion, fecha_envio_s1, fecha_envio_s2, fecha_respuesta_s1, fecha_respuesta_s2, mensaje, sistema_destino, sistema_destino2, status, status_string) 
    values
        (?, ?, ?, ?, ?, ?, ?, ?, ?, ?, ?)
2025-08-21 15:20:25 DEBUG org.hibernate.orm.results - Initializer list is empty
2025-08-21 15:20:25 DEBUG o.h.id.IdentifierGeneratorHelper - Extracted generated values [com.company.micros1.model.Solicitud]: [Ljava.lang.Object;@2d056d7
2025-08-21 15:20:25 DEBUG o.h.e.t.internal.TransactionImpl - committing
2025-08-21 15:20:25 DEBUG o.h.e.i.AbstractFlushingEventListener - Processing flush-time cascades
2025-08-21 15:20:25 DEBUG o.h.e.i.AbstractFlushingEventListener - Dirty checking collections
2025-08-21 15:20:25 DEBUG o.h.e.i.AbstractFlushingEventListener - Flushed: 0 insertions, 0 updates, 0 deletions to 1 objects
2025-08-21 15:20:25 DEBUG o.h.e.i.AbstractFlushingEventListener - Flushed: 0 (re)creations, 0 updates, 0 removals to 0 collections
2025-08-21 15:20:25 DEBUG o.h.internal.util.EntityPrinter - Listing entities:
2025-08-21 15:20:25 DEBUG o.h.internal.util.EntityPrinter - com.company.micros1.model.Solicitud{statusString=RECIBIDA, fechaActualizacion=null, fechaCreacion=null, fechaRespuestaS1=null, fechaRespuestaS2=null, idSolicitud=65, mensaje=Solicitud recibida con éxito, sistemaDestino2=, fechaEnvioS2=null, sistemaDestino=, fechaEnvioS1=null, status=2}
2025-08-21 15:20:26 DEBUG i.g.n.s.i.g.netty.NettyServerHandler - [id: 0x0d23a50d, L:/127.0.0.1:9095 - R:/127.0.0.1:59396] INBOUND HEADERS: streamId=21 headers=GrpcHttp2RequestHeaders[:path: /solicitud.SolicitudResponseService/EnviarRespuesta, :authority: localhost:9095, :method: POST, :scheme: http, te: trailers, content-type: application/grpc, user-agent: grpc-java-netty/1.63.0, b3: 31bb95fedb7264e462416312283d03bd-cb3017e7c3966d7a-1, x-b3-traceid: 31bb95fedb7264e462416312283d03bd, x-b3-spanid: cb3017e7c3966d7a, x-b3-sampled: 1, traceparent: 00-31bb95fedb7264e462416312283d03bd-cb3017e7c3966d7a-01, grpc-accept-encoding: gzip] streamDependency=0 weight=16 exclusive=false padding=0 endStream=false
2025-08-21 15:20:26 DEBUG i.g.n.s.i.g.netty.NettyServerHandler - [id: 0x0d23a50d, L:/127.0.0.1:9095 - R:/127.0.0.1:59396] INBOUND DATA: streamId=21 padding=0 endStream=true length=42 bytes=000000002508c80318012207454e56494144416215536f6c69636974756420636f6e2074696d656f7574
2025-08-21 15:20:26 DEBUG i.m.t.o.p.BaggageTextMapPropagator - Will propagate new baggage context for entries {}
2025-08-21 15:20:26 DEBUG i.g.n.s.i.g.netty.NettyServerHandler - [id: 0x0d23a50d, L:/127.0.0.1:9095 - R:/127.0.0.1:59396] OUTBOUND HEADERS: streamId=21 headers=GrpcHttp2OutboundHeaders[:status: 200, content-type: application/grpc, grpc-encoding: identity, grpc-accept-encoding: gzip] padding=0 endStream=false
2025-08-21 15:20:26 DEBUG i.g.n.s.i.g.netty.NettyServerHandler - [id: 0x0d23a50d, L:/127.0.0.1:9095 - R:/127.0.0.1:59396] OUTBOUND DATA: streamId=21 padding=0 endStream=false length=41 bytes=000000002408c803121d52657370756573746120726563696269646120636f6e20c3a97869746f1801
2025-08-21 15:20:26 DEBUG i.g.n.s.i.g.netty.NettyServerHandler - [id: 0x0d23a50d, L:/127.0.0.1:9095 - R:/127.0.0.1:59396] OUTBOUND HEADERS: streamId=21 headers=GrpcHttp2OutboundHeaders[grpc-status: 0] padding=0 endStream=true
2025-08-21 15:20:28 DEBUG o.h.e.t.internal.TransactionImpl - On TransactionImpl creation, JpaCompliance#isJpaTransactionComplianceEnabled == false
2025-08-21 15:20:28 DEBUG o.h.e.t.internal.TransactionImpl - begin
2025-08-21 15:20:28 DEBUG o.h.j.i.PersistenceUnitUtilImpl - jakarta.persistence.PersistenceUnitUtil.getIdentifier is only intended to work with enhanced entities (although Hibernate also adapts this support to its proxies); however the passed entity was not enhanced (nor a proxy).. may not be able to read identifier
2025-08-21 15:20:28 DEBUG o.hibernate.engine.spi.ActionQueue - Executing identity-insert immediately
2025-08-21 15:20:28 DEBUG org.hibernate.SQL - 
    insert 
    into
        solicitudes
        (fecha_actualizacion, fecha_creacion, fecha_envio_s1, fecha_envio_s2, fecha_respuesta_s1, fecha_respuesta_s2, mensaje, sistema_destino, sistema_destino2, status, status_string) 
    values
        (?, ?, ?, ?, ?, ?, ?, ?, ?, ?, ?)
2025-08-21 15:20:28 DEBUG org.hibernate.orm.results - Initializer list is empty
2025-08-21 15:20:28 DEBUG o.h.id.IdentifierGeneratorHelper - Extracted generated values [com.company.micros1.model.Solicitud]: [Ljava.lang.Object;@414c143
2025-08-21 15:20:28 DEBUG o.h.e.t.internal.TransactionImpl - committing
2025-08-21 15:20:28 DEBUG o.h.e.i.AbstractFlushingEventListener - Processing flush-time cascades
2025-08-21 15:20:28 DEBUG o.h.e.i.AbstractFlushingEventListener - Dirty checking collections
2025-08-21 15:20:28 DEBUG o.h.e.i.AbstractFlushingEventListener - Flushed: 0 insertions, 0 updates, 0 deletions to 1 objects
2025-08-21 15:20:28 DEBUG o.h.e.i.AbstractFlushingEventListener - Flushed: 0 (re)creations, 0 updates, 0 removals to 0 collections
2025-08-21 15:20:28 DEBUG o.h.internal.util.EntityPrinter - Listing entities:
2025-08-21 15:20:28 DEBUG o.h.internal.util.EntityPrinter - com.company.micros1.model.Solicitud{statusString=RECIBIDA, fechaActualizacion=null, fechaCreacion=null, fechaRespuestaS1=null, fechaRespuestaS2=null, idSolicitud=66, mensaje=Solicitud recibida con éxito, sistemaDestino2=, fechaEnvioS2=null, sistemaDestino=, fechaEnvioS1=null, status=2}
2025-08-21 15:21:23 DEBUG o.h.e.t.internal.TransactionImpl - On TransactionImpl creation, JpaCompliance#isJpaTransactionComplianceEnabled == false
2025-08-21 15:21:23 DEBUG o.h.e.t.internal.TransactionImpl - begin
2025-08-21 15:21:23 DEBUG o.h.j.i.PersistenceUnitUtilImpl - jakarta.persistence.PersistenceUnitUtil.getIdentifier is only intended to work with enhanced entities (although Hibernate also adapts this support to its proxies); however the passed entity was not enhanced (nor a proxy).. may not be able to read identifier
2025-08-21 15:21:23 DEBUG org.hibernate.orm.sql.exec - Skipping reading Query result cache data: cache-enabled = false, cache-mode = IGNORE
2025-08-21 15:21:23 DEBUG org.hibernate.SQL - 
    select
        s1_0.id_solicitud,
        s1_0.fecha_actualizacion,
        s1_0.fecha_creacion,
        s1_0.fecha_envio_s1,
        s1_0.fecha_envio_s2,
        s1_0.fecha_respuesta_s1,
        s1_0.fecha_respuesta_s2,
        s1_0.mensaje,
        s1_0.sistema_destino,
        s1_0.sistema_destino2,
        s1_0.status,
        s1_0.status_string 
    from
        solicitudes s1_0 
    where
        s1_0.id_solicitud=?
2025-08-21 15:21:23 DEBUG o.h.e.t.internal.TransactionImpl - committing
2025-08-21 15:21:23 DEBUG o.h.e.i.AbstractFlushingEventListener - Processing flush-time cascades
2025-08-21 15:21:23 DEBUG o.h.e.i.AbstractFlushingEventListener - Dirty checking collections
2025-08-21 15:21:23 DEBUG o.h.e.i.AbstractFlushingEventListener - Flushed: 0 insertions, 1 updates, 0 deletions to 1 objects
2025-08-21 15:21:23 DEBUG o.h.e.i.AbstractFlushingEventListener - Flushed: 0 (re)creations, 0 updates, 0 removals to 0 collections
2025-08-21 15:21:23 DEBUG o.h.internal.util.EntityPrinter - Listing entities:
2025-08-21 15:21:23 DEBUG o.h.internal.util.EntityPrinter - com.company.micros1.model.Solicitud{statusString=RECIBIDA, fechaActualizacion=2025-08-21T15:21:23.342471200, fechaCreacion=null, fechaRespuestaS1=null, fechaRespuestaS2=null, idSolicitud=57, mensaje=El proceso ha finalizado exitosamente., sistemaDestino2=, fechaEnvioS2=null, sistemaDestino=, fechaEnvioS1=null, status=3}
2025-08-21 15:21:23 DEBUG org.hibernate.SQL - 
    update
        solicitudes 
    set
        fecha_actualizacion=?,
        fecha_creacion=?,
        fecha_envio_s1=?,
        fecha_envio_s2=?,
        fecha_respuesta_s1=?,
        fecha_respuesta_s2=?,
        mensaje=?,
        sistema_destino=?,
        sistema_destino2=?,
        status=?,
        status_string=? 
    where
        id_solicitud=?
2025-08-21 15:21:23 INFO  c.c.m.g.s.ProcesamientoAsyncService - Solicitud ID: 57 -> COMPLETADO
2025-08-21 15:21:23 INFO  c.c.m.g.s.ProcesamientoAsyncService - Iniciando procesamiento para la solicitud ID: 58
2025-08-21 15:21:23 DEBUG o.h.e.t.internal.TransactionImpl - On TransactionImpl creation, JpaCompliance#isJpaTransactionComplianceEnabled == false
2025-08-21 15:21:23 DEBUG o.h.e.t.internal.TransactionImpl - begin
2025-08-21 15:21:23 DEBUG o.h.j.i.PersistenceUnitUtilImpl - jakarta.persistence.PersistenceUnitUtil.getIdentifier is only intended to work with enhanced entities (although Hibernate also adapts this support to its proxies); however the passed entity was not enhanced (nor a proxy).. may not be able to read identifier
2025-08-21 15:21:23 DEBUG org.hibernate.orm.sql.exec - Skipping reading Query result cache data: cache-enabled = false, cache-mode = IGNORE
2025-08-21 15:21:23 DEBUG org.hibernate.SQL - 
    select
        s1_0.id_solicitud,
        s1_0.fecha_actualizacion,
        s1_0.fecha_creacion,
        s1_0.fecha_envio_s1,
        s1_0.fecha_envio_s2,
        s1_0.fecha_respuesta_s1,
        s1_0.fecha_respuesta_s2,
        s1_0.mensaje,
        s1_0.sistema_destino,
        s1_0.sistema_destino2,
        s1_0.status,
        s1_0.status_string 
    from
        solicitudes s1_0 
    where
        s1_0.id_solicitud=?
2025-08-21 15:21:23 DEBUG o.h.e.t.internal.TransactionImpl - committing
2025-08-21 15:21:23 DEBUG o.h.e.i.AbstractFlushingEventListener - Processing flush-time cascades
2025-08-21 15:21:23 DEBUG o.h.e.i.AbstractFlushingEventListener - Dirty checking collections
2025-08-21 15:21:23 DEBUG o.h.e.i.AbstractFlushingEventListener - Flushed: 0 insertions, 1 updates, 0 deletions to 1 objects
2025-08-21 15:21:23 DEBUG o.h.e.i.AbstractFlushingEventListener - Flushed: 0 (re)creations, 0 updates, 0 removals to 0 collections
2025-08-21 15:21:23 DEBUG o.h.internal.util.EntityPrinter - Listing entities:
2025-08-21 15:21:23 DEBUG o.h.internal.util.EntityPrinter - com.company.micros1.model.Solicitud{statusString=RECIBIDA, fechaActualizacion=2025-08-21T15:21:23.521634500, fechaCreacion=null, fechaRespuestaS1=null, fechaRespuestaS2=null, idSolicitud=58, mensaje=Solicitud recibida con éxito, sistemaDestino2=, fechaEnvioS2=null, sistemaDestino=, fechaEnvioS1=null, status=2}
2025-08-21 15:21:23 DEBUG org.hibernate.SQL - 
    update
        solicitudes 
    set
        fecha_actualizacion=?,
        fecha_creacion=?,
        fecha_envio_s1=?,
        fecha_envio_s2=?,
        fecha_respuesta_s1=?,
        fecha_respuesta_s2=?,
        mensaje=?,
        sistema_destino=?,
        sistema_destino2=?,
        status=?,
        status_string=? 
    where
        id_solicitud=?
2025-08-21 15:21:23 INFO  c.c.m.g.s.ProcesamientoAsyncService - Solicitud ID: 58 -> PROCESANDO
2025-08-21 15:21:23 INFO  c.c.m.g.s.ProcesamientoAsyncService - Solicitud ID: 58 - Simulación de trabajo por 55 segundos.
2025-08-21 15:22:18 DEBUG o.h.e.t.internal.TransactionImpl - On TransactionImpl creation, JpaCompliance#isJpaTransactionComplianceEnabled == false
2025-08-21 15:22:18 DEBUG o.h.e.t.internal.TransactionImpl - begin
2025-08-21 15:22:19 DEBUG o.h.j.i.PersistenceUnitUtilImpl - jakarta.persistence.PersistenceUnitUtil.getIdentifier is only intended to work with enhanced entities (although Hibernate also adapts this support to its proxies); however the passed entity was not enhanced (nor a proxy).. may not be able to read identifier
2025-08-21 15:22:19 DEBUG org.hibernate.orm.sql.exec - Skipping reading Query result cache data: cache-enabled = false, cache-mode = IGNORE
2025-08-21 15:22:19 DEBUG org.hibernate.SQL - 
    select
        s1_0.id_solicitud,
        s1_0.fecha_actualizacion,
        s1_0.fecha_creacion,
        s1_0.fecha_envio_s1,
        s1_0.fecha_envio_s2,
        s1_0.fecha_respuesta_s1,
        s1_0.fecha_respuesta_s2,
        s1_0.mensaje,
        s1_0.sistema_destino,
        s1_0.sistema_destino2,
        s1_0.status,
        s1_0.status_string 
    from
        solicitudes s1_0 
    where
        s1_0.id_solicitud=?
2025-08-21 15:22:19 DEBUG o.h.e.t.internal.TransactionImpl - committing
2025-08-21 15:22:19 DEBUG o.h.e.i.AbstractFlushingEventListener - Processing flush-time cascades
2025-08-21 15:22:19 DEBUG o.h.e.i.AbstractFlushingEventListener - Dirty checking collections
2025-08-21 15:22:19 DEBUG o.h.e.i.AbstractFlushingEventListener - Flushed: 0 insertions, 1 updates, 0 deletions to 1 objects
2025-08-21 15:22:19 DEBUG o.h.e.i.AbstractFlushingEventListener - Flushed: 0 (re)creations, 0 updates, 0 removals to 0 collections
2025-08-21 15:22:19 DEBUG o.h.internal.util.EntityPrinter - Listing entities:
2025-08-21 15:22:19 DEBUG o.h.internal.util.EntityPrinter - com.company.micros1.model.Solicitud{statusString=RECIBIDA, fechaActualizacion=2025-08-21T15:22:18.909886900, fechaCreacion=null, fechaRespuestaS1=null, fechaRespuestaS2=null, idSolicitud=58, mensaje=El proceso ha finalizado exitosamente., sistemaDestino2=, fechaEnvioS2=null, sistemaDestino=, fechaEnvioS1=null, status=3}
2025-08-21 15:22:19 DEBUG org.hibernate.SQL - 
    update
        solicitudes 
    set
        fecha_actualizacion=?,
        fecha_creacion=?,
        fecha_envio_s1=?,
        fecha_envio_s2=?,
        fecha_respuesta_s1=?,
        fecha_respuesta_s2=?,
        mensaje=?,
        sistema_destino=?,
        sistema_destino2=?,
        status=?,
        status_string=? 
    where
        id_solicitud=?
2025-08-21 15:22:19 INFO  c.c.m.g.s.ProcesamientoAsyncService - Solicitud ID: 58 -> COMPLETADO
2025-08-21 15:22:19 INFO  c.c.m.g.s.ProcesamientoAsyncService - Iniciando procesamiento para la solicitud ID: 59
2025-08-21 15:22:19 DEBUG o.h.e.t.internal.TransactionImpl - On TransactionImpl creation, JpaCompliance#isJpaTransactionComplianceEnabled == false
2025-08-21 15:22:19 DEBUG o.h.e.t.internal.TransactionImpl - begin
2025-08-21 15:22:19 DEBUG o.h.j.i.PersistenceUnitUtilImpl - jakarta.persistence.PersistenceUnitUtil.getIdentifier is only intended to work with enhanced entities (although Hibernate also adapts this support to its proxies); however the passed entity was not enhanced (nor a proxy).. may not be able to read identifier
2025-08-21 15:22:19 DEBUG org.hibernate.orm.sql.exec - Skipping reading Query result cache data: cache-enabled = false, cache-mode = IGNORE
2025-08-21 15:22:19 DEBUG org.hibernate.SQL - 
    select
        s1_0.id_solicitud,
        s1_0.fecha_actualizacion,
        s1_0.fecha_creacion,
        s1_0.fecha_envio_s1,
        s1_0.fecha_envio_s2,
        s1_0.fecha_respuesta_s1,
        s1_0.fecha_respuesta_s2,
        s1_0.mensaje,
        s1_0.sistema_destino,
        s1_0.sistema_destino2,
        s1_0.status,
        s1_0.status_string 
    from
        solicitudes s1_0 
    where
        s1_0.id_solicitud=?
2025-08-21 15:22:19 DEBUG o.h.e.t.internal.TransactionImpl - committing
2025-08-21 15:22:19 DEBUG o.h.e.i.AbstractFlushingEventListener - Processing flush-time cascades
2025-08-21 15:22:19 DEBUG o.h.e.i.AbstractFlushingEventListener - Dirty checking collections
2025-08-21 15:22:19 DEBUG o.h.e.i.AbstractFlushingEventListener - Flushed: 0 insertions, 1 updates, 0 deletions to 1 objects
2025-08-21 15:22:19 DEBUG o.h.e.i.AbstractFlushingEventListener - Flushed: 0 (re)creations, 0 updates, 0 removals to 0 collections
2025-08-21 15:22:19 DEBUG o.h.internal.util.EntityPrinter - Listing entities:
2025-08-21 15:22:19 DEBUG o.h.internal.util.EntityPrinter - com.company.micros1.model.Solicitud{statusString=RECIBIDA, fechaActualizacion=2025-08-21T15:22:19.266198100, fechaCreacion=null, fechaRespuestaS1=null, fechaRespuestaS2=null, idSolicitud=59, mensaje=Solicitud recibida con éxito, sistemaDestino2=, fechaEnvioS2=null, sistemaDestino=, fechaEnvioS1=null, status=2}
2025-08-21 15:22:19 DEBUG org.hibernate.SQL - 
    update
        solicitudes 
    set
        fecha_actualizacion=?,
        fecha_creacion=?,
        fecha_envio_s1=?,
        fecha_envio_s2=?,
        fecha_respuesta_s1=?,
        fecha_respuesta_s2=?,
        mensaje=?,
        sistema_destino=?,
        sistema_destino2=?,
        status=?,
        status_string=? 
    where
        id_solicitud=?
2025-08-21 15:22:19 INFO  c.c.m.g.s.ProcesamientoAsyncService - Solicitud ID: 59 -> PROCESANDO
2025-08-21 15:22:19 INFO  c.c.m.g.s.ProcesamientoAsyncService - Solicitud ID: 59 - Simulación de trabajo por 112 segundos.
2025-08-21 15:24:12 DEBUG o.h.e.t.internal.TransactionImpl - On TransactionImpl creation, JpaCompliance#isJpaTransactionComplianceEnabled == false
2025-08-21 15:24:12 DEBUG o.h.e.t.internal.TransactionImpl - begin
2025-08-21 15:24:12 DEBUG o.h.j.i.PersistenceUnitUtilImpl - jakarta.persistence.PersistenceUnitUtil.getIdentifier is only intended to work with enhanced entities (although Hibernate also adapts this support to its proxies); however the passed entity was not enhanced (nor a proxy).. may not be able to read identifier
2025-08-21 15:24:12 DEBUG org.hibernate.orm.sql.exec - Skipping reading Query result cache data: cache-enabled = false, cache-mode = IGNORE
2025-08-21 15:24:12 DEBUG org.hibernate.SQL - 
    select
        s1_0.id_solicitud,
        s1_0.fecha_actualizacion,
        s1_0.fecha_creacion,
        s1_0.fecha_envio_s1,
        s1_0.fecha_envio_s2,
        s1_0.fecha_respuesta_s1,
        s1_0.fecha_respuesta_s2,
        s1_0.mensaje,
        s1_0.sistema_destino,
        s1_0.sistema_destino2,
        s1_0.status,
        s1_0.status_string 
    from
        solicitudes s1_0 
    where
        s1_0.id_solicitud=?
2025-08-21 15:24:12 DEBUG o.h.e.t.internal.TransactionImpl - committing
2025-08-21 15:24:12 DEBUG o.h.e.i.AbstractFlushingEventListener - Processing flush-time cascades
2025-08-21 15:24:12 DEBUG o.h.e.i.AbstractFlushingEventListener - Dirty checking collections
2025-08-21 15:24:12 DEBUG o.h.e.i.AbstractFlushingEventListener - Flushed: 0 insertions, 1 updates, 0 deletions to 1 objects
2025-08-21 15:24:12 DEBUG o.h.e.i.AbstractFlushingEventListener - Flushed: 0 (re)creations, 0 updates, 0 removals to 0 collections
2025-08-21 15:24:12 DEBUG o.h.internal.util.EntityPrinter - Listing entities:
2025-08-21 15:24:12 DEBUG o.h.internal.util.EntityPrinter - com.company.micros1.model.Solicitud{statusString=RECIBIDA, fechaActualizacion=2025-08-21T15:24:12.535086500, fechaCreacion=null, fechaRespuestaS1=null, fechaRespuestaS2=null, idSolicitud=59, mensaje=El proceso ha finalizado exitosamente., sistemaDestino2=, fechaEnvioS2=null, sistemaDestino=, fechaEnvioS1=null, status=3}
2025-08-21 15:24:12 DEBUG org.hibernate.SQL - 
    update
        solicitudes 
    set
        fecha_actualizacion=?,
        fecha_creacion=?,
        fecha_envio_s1=?,
        fecha_envio_s2=?,
        fecha_respuesta_s1=?,
        fecha_respuesta_s2=?,
        mensaje=?,
        sistema_destino=?,
        sistema_destino2=?,
        status=?,
        status_string=? 
    where
        id_solicitud=?
2025-08-21 15:24:12 INFO  c.c.m.g.s.ProcesamientoAsyncService - Solicitud ID: 59 -> COMPLETADO
2025-08-21 15:24:12 INFO  c.c.m.g.s.ProcesamientoAsyncService - Iniciando procesamiento para la solicitud ID: 60
2025-08-21 15:24:12 DEBUG o.h.e.t.internal.TransactionImpl - On TransactionImpl creation, JpaCompliance#isJpaTransactionComplianceEnabled == false
2025-08-21 15:24:12 DEBUG o.h.e.t.internal.TransactionImpl - begin
2025-08-21 15:24:12 DEBUG o.h.j.i.PersistenceUnitUtilImpl - jakarta.persistence.PersistenceUnitUtil.getIdentifier is only intended to work with enhanced entities (although Hibernate also adapts this support to its proxies); however the passed entity was not enhanced (nor a proxy).. may not be able to read identifier
2025-08-21 15:24:12 DEBUG org.hibernate.orm.sql.exec - Skipping reading Query result cache data: cache-enabled = false, cache-mode = IGNORE
2025-08-21 15:24:12 DEBUG org.hibernate.SQL - 
    select
        s1_0.id_solicitud,
        s1_0.fecha_actualizacion,
        s1_0.fecha_creacion,
        s1_0.fecha_envio_s1,
        s1_0.fecha_envio_s2,
        s1_0.fecha_respuesta_s1,
        s1_0.fecha_respuesta_s2,
        s1_0.mensaje,
        s1_0.sistema_destino,
        s1_0.sistema_destino2,
        s1_0.status,
        s1_0.status_string 
    from
        solicitudes s1_0 
    where
        s1_0.id_solicitud=?
2025-08-21 15:24:12 DEBUG o.h.e.t.internal.TransactionImpl - committing
2025-08-21 15:24:12 DEBUG o.h.e.i.AbstractFlushingEventListener - Processing flush-time cascades
2025-08-21 15:24:12 DEBUG o.h.e.i.AbstractFlushingEventListener - Dirty checking collections
2025-08-21 15:24:12 DEBUG o.h.e.i.AbstractFlushingEventListener - Flushed: 0 insertions, 1 updates, 0 deletions to 1 objects
2025-08-21 15:24:12 DEBUG o.h.e.i.AbstractFlushingEventListener - Flushed: 0 (re)creations, 0 updates, 0 removals to 0 collections
2025-08-21 15:24:12 DEBUG o.h.internal.util.EntityPrinter - Listing entities:
2025-08-21 15:24:12 DEBUG o.h.internal.util.EntityPrinter - com.company.micros1.model.Solicitud{statusString=RECIBIDA, fechaActualizacion=2025-08-21T15:24:12.562832900, fechaCreacion=null, fechaRespuestaS1=null, fechaRespuestaS2=null, idSolicitud=60, mensaje=Solicitud recibida con éxito, sistemaDestino2=, fechaEnvioS2=null, sistemaDestino=, fechaEnvioS1=null, status=2}
2025-08-21 15:24:12 DEBUG org.hibernate.SQL - 
    update
        solicitudes 
    set
        fecha_actualizacion=?,
        fecha_creacion=?,
        fecha_envio_s1=?,
        fecha_envio_s2=?,
        fecha_respuesta_s1=?,
        fecha_respuesta_s2=?,
        mensaje=?,
        sistema_destino=?,
        sistema_destino2=?,
        status=?,
        status_string=? 
    where
        id_solicitud=?
2025-08-21 15:24:12 INFO  c.c.m.g.s.ProcesamientoAsyncService - Solicitud ID: 60 -> PROCESANDO
2025-08-21 15:24:12 INFO  c.c.m.g.s.ProcesamientoAsyncService - Solicitud ID: 60 - Simulación de trabajo por 39 segundos.
2025-08-21 15:24:52 DEBUG o.h.e.t.internal.TransactionImpl - On TransactionImpl creation, JpaCompliance#isJpaTransactionComplianceEnabled == false
2025-08-21 15:24:52 DEBUG o.h.e.t.internal.TransactionImpl - begin
2025-08-21 15:24:52 DEBUG o.h.j.i.PersistenceUnitUtilImpl - jakarta.persistence.PersistenceUnitUtil.getIdentifier is only intended to work with enhanced entities (although Hibernate also adapts this support to its proxies); however the passed entity was not enhanced (nor a proxy).. may not be able to read identifier
2025-08-21 15:24:52 DEBUG org.hibernate.orm.sql.exec - Skipping reading Query result cache data: cache-enabled = false, cache-mode = IGNORE
2025-08-21 15:24:52 DEBUG org.hibernate.SQL - 
    select
        s1_0.id_solicitud,
        s1_0.fecha_actualizacion,
        s1_0.fecha_creacion,
        s1_0.fecha_envio_s1,
        s1_0.fecha_envio_s2,
        s1_0.fecha_respuesta_s1,
        s1_0.fecha_respuesta_s2,
        s1_0.mensaje,
        s1_0.sistema_destino,
        s1_0.sistema_destino2,
        s1_0.status,
        s1_0.status_string 
    from
        solicitudes s1_0 
    where
        s1_0.id_solicitud=?
2025-08-21 15:24:52 DEBUG o.h.e.t.internal.TransactionImpl - committing
2025-08-21 15:24:52 DEBUG o.h.e.i.AbstractFlushingEventListener - Processing flush-time cascades
2025-08-21 15:24:52 DEBUG o.h.e.i.AbstractFlushingEventListener - Dirty checking collections
2025-08-21 15:24:52 DEBUG o.h.e.i.AbstractFlushingEventListener - Flushed: 0 insertions, 1 updates, 0 deletions to 1 objects
2025-08-21 15:24:52 DEBUG o.h.e.i.AbstractFlushingEventListener - Flushed: 0 (re)creations, 0 updates, 0 removals to 0 collections
2025-08-21 15:24:52 DEBUG o.h.internal.util.EntityPrinter - Listing entities:
2025-08-21 15:24:52 DEBUG o.h.internal.util.EntityPrinter - com.company.micros1.model.Solicitud{statusString=RECIBIDA, fechaActualizacion=2025-08-21T15:24:52.137868300, fechaCreacion=null, fechaRespuestaS1=null, fechaRespuestaS2=null, idSolicitud=60, mensaje=El proceso ha finalizado exitosamente., sistemaDestino2=, fechaEnvioS2=null, sistemaDestino=, fechaEnvioS1=null, status=3}
2025-08-21 15:24:52 DEBUG org.hibernate.SQL - 
    update
        solicitudes 
    set
        fecha_actualizacion=?,
        fecha_creacion=?,
        fecha_envio_s1=?,
        fecha_envio_s2=?,
        fecha_respuesta_s1=?,
        fecha_respuesta_s2=?,
        mensaje=?,
        sistema_destino=?,
        sistema_destino2=?,
        status=?,
        status_string=? 
    where
        id_solicitud=?
2025-08-21 15:24:52 INFO  c.c.m.g.s.ProcesamientoAsyncService - Solicitud ID: 60 -> COMPLETADO
2025-08-21 15:24:52 INFO  c.c.m.g.s.ProcesamientoAsyncService - Iniciando procesamiento para la solicitud ID: 61
2025-08-21 15:24:52 DEBUG o.h.e.t.internal.TransactionImpl - On TransactionImpl creation, JpaCompliance#isJpaTransactionComplianceEnabled == false
2025-08-21 15:24:52 DEBUG o.h.e.t.internal.TransactionImpl - begin
2025-08-21 15:24:52 DEBUG o.h.j.i.PersistenceUnitUtilImpl - jakarta.persistence.PersistenceUnitUtil.getIdentifier is only intended to work with enhanced entities (although Hibernate also adapts this support to its proxies); however the passed entity was not enhanced (nor a proxy).. may not be able to read identifier
2025-08-21 15:24:52 DEBUG org.hibernate.orm.sql.exec - Skipping reading Query result cache data: cache-enabled = false, cache-mode = IGNORE
2025-08-21 15:24:52 DEBUG org.hibernate.SQL - 
    select
        s1_0.id_solicitud,
        s1_0.fecha_actualizacion,
        s1_0.fecha_creacion,
        s1_0.fecha_envio_s1,
        s1_0.fecha_envio_s2,
        s1_0.fecha_respuesta_s1,
        s1_0.fecha_respuesta_s2,
        s1_0.mensaje,
        s1_0.sistema_destino,
        s1_0.sistema_destino2,
        s1_0.status,
        s1_0.status_string 
    from
        solicitudes s1_0 
    where
        s1_0.id_solicitud=?
2025-08-21 15:24:52 DEBUG o.h.e.t.internal.TransactionImpl - committing
2025-08-21 15:24:52 DEBUG o.h.e.i.AbstractFlushingEventListener - Processing flush-time cascades
2025-08-21 15:24:52 DEBUG o.h.e.i.AbstractFlushingEventListener - Dirty checking collections
2025-08-21 15:24:52 DEBUG o.h.e.i.AbstractFlushingEventListener - Flushed: 0 insertions, 1 updates, 0 deletions to 1 objects
2025-08-21 15:24:52 DEBUG o.h.e.i.AbstractFlushingEventListener - Flushed: 0 (re)creations, 0 updates, 0 removals to 0 collections
2025-08-21 15:24:52 DEBUG o.h.internal.util.EntityPrinter - Listing entities:
2025-08-21 15:24:52 DEBUG o.h.internal.util.EntityPrinter - com.company.micros1.model.Solicitud{statusString=RECIBIDA, fechaActualizacion=2025-08-21T15:24:52.318204500, fechaCreacion=null, fechaRespuestaS1=null, fechaRespuestaS2=null, idSolicitud=61, mensaje=Solicitud recibida con éxito, sistemaDestino2=, fechaEnvioS2=null, sistemaDestino=, fechaEnvioS1=null, status=2}
2025-08-21 15:24:52 DEBUG org.hibernate.SQL - 
    update
        solicitudes 
    set
        fecha_actualizacion=?,
        fecha_creacion=?,
        fecha_envio_s1=?,
        fecha_envio_s2=?,
        fecha_respuesta_s1=?,
        fecha_respuesta_s2=?,
        mensaje=?,
        sistema_destino=?,
        sistema_destino2=?,
        status=?,
        status_string=? 
    where
        id_solicitud=?
2025-08-21 15:24:52 INFO  c.c.m.g.s.ProcesamientoAsyncService - Solicitud ID: 61 -> PROCESANDO
2025-08-21 15:24:52 INFO  c.c.m.g.s.ProcesamientoAsyncService - Solicitud ID: 61 - Simulación de trabajo por 68 segundos.
2025-08-21 15:25:26 INFO  o.a.c.c.C.[Tomcat].[localhost].[/] - Initializing Spring DispatcherServlet 'dispatcherServlet'
2025-08-21 15:25:26 INFO  o.s.web.servlet.DispatcherServlet - Initializing Servlet 'dispatcherServlet'
2025-08-21 15:25:26 INFO  o.s.web.servlet.DispatcherServlet - Completed initialization in 9 ms
2025-08-21 15:25:26 DEBUG i.o.e.t.p.B3PropagatorExtractorMultipleHeaders - Invalid TraceId in B3 header: null'. Returning INVALID span context.
2025-08-21 15:25:26 DEBUG i.o.e.t.p.B3PropagatorExtractorMultipleHeaders - Invalid TraceId in B3 header: null'. Returning INVALID span context.
2025-08-21 15:25:26 DEBUG i.m.t.o.p.BaggageTextMapPropagator - Will propagate new baggage context for entries {}
2025-08-21 15:25:27 DEBUG i.o.e.t.p.B3PropagatorExtractorMultipleHeaders - Invalid TraceId in B3 header: null'. Returning INVALID span context.
2025-08-21 15:25:27 DEBUG i.o.e.t.p.B3PropagatorExtractorMultipleHeaders - Invalid TraceId in B3 header: null'. Returning INVALID span context.
2025-08-21 15:25:27 DEBUG i.m.t.o.p.BaggageTextMapPropagator - Will propagate new baggage context for entries {}
2025-08-21 15:26:00 DEBUG o.h.e.t.internal.TransactionImpl - On TransactionImpl creation, JpaCompliance#isJpaTransactionComplianceEnabled == false
2025-08-21 15:26:00 DEBUG o.h.e.t.internal.TransactionImpl - begin
2025-08-21 15:26:00 DEBUG o.h.j.i.PersistenceUnitUtilImpl - jakarta.persistence.PersistenceUnitUtil.getIdentifier is only intended to work with enhanced entities (although Hibernate also adapts this support to its proxies); however the passed entity was not enhanced (nor a proxy).. may not be able to read identifier
2025-08-21 15:26:00 DEBUG org.hibernate.orm.sql.exec - Skipping reading Query result cache data: cache-enabled = false, cache-mode = IGNORE
2025-08-21 15:26:00 DEBUG org.hibernate.SQL - 
    select
        s1_0.id_solicitud,
        s1_0.fecha_actualizacion,
        s1_0.fecha_creacion,
        s1_0.fecha_envio_s1,
        s1_0.fecha_envio_s2,
        s1_0.fecha_respuesta_s1,
        s1_0.fecha_respuesta_s2,
        s1_0.mensaje,
        s1_0.sistema_destino,
        s1_0.sistema_destino2,
        s1_0.status,
        s1_0.status_string 
    from
        solicitudes s1_0 
    where
        s1_0.id_solicitud=?
2025-08-21 15:26:00 DEBUG o.h.e.t.internal.TransactionImpl - committing
2025-08-21 15:26:00 DEBUG o.h.e.i.AbstractFlushingEventListener - Processing flush-time cascades
2025-08-21 15:26:00 DEBUG o.h.e.i.AbstractFlushingEventListener - Dirty checking collections
2025-08-21 15:26:00 DEBUG o.h.e.i.AbstractFlushingEventListener - Flushed: 0 insertions, 1 updates, 0 deletions to 1 objects
2025-08-21 15:26:00 DEBUG o.h.e.i.AbstractFlushingEventListener - Flushed: 0 (re)creations, 0 updates, 0 removals to 0 collections
2025-08-21 15:26:00 DEBUG o.h.internal.util.EntityPrinter - Listing entities:
2025-08-21 15:26:00 DEBUG o.h.internal.util.EntityPrinter - com.company.micros1.model.Solicitud{statusString=RECIBIDA, fechaActualizacion=2025-08-21T15:26:00.341898700, fechaCreacion=null, fechaRespuestaS1=null, fechaRespuestaS2=null, idSolicitud=61, mensaje=El proceso ha finalizado exitosamente., sistemaDestino2=, fechaEnvioS2=null, sistemaDestino=, fechaEnvioS1=null, status=3}
2025-08-21 15:26:00 DEBUG org.hibernate.SQL - 
    update
        solicitudes 
    set
        fecha_actualizacion=?,
        fecha_creacion=?,
        fecha_envio_s1=?,
        fecha_envio_s2=?,
        fecha_respuesta_s1=?,
        fecha_respuesta_s2=?,
        mensaje=?,
        sistema_destino=?,
        sistema_destino2=?,
        status=?,
        status_string=? 
    where
        id_solicitud=?
2025-08-21 15:26:00 INFO  c.c.m.g.s.ProcesamientoAsyncService - Solicitud ID: 61 -> COMPLETADO
2025-08-21 15:26:00 INFO  c.c.m.g.s.ProcesamientoAsyncService - Iniciando procesamiento para la solicitud ID: 62
2025-08-21 15:26:00 DEBUG o.h.e.t.internal.TransactionImpl - On TransactionImpl creation, JpaCompliance#isJpaTransactionComplianceEnabled == false
2025-08-21 15:26:00 DEBUG o.h.e.t.internal.TransactionImpl - begin
2025-08-21 15:26:00 DEBUG o.h.j.i.PersistenceUnitUtilImpl - jakarta.persistence.PersistenceUnitUtil.getIdentifier is only intended to work with enhanced entities (although Hibernate also adapts this support to its proxies); however the passed entity was not enhanced (nor a proxy).. may not be able to read identifier
2025-08-21 15:26:00 DEBUG org.hibernate.orm.sql.exec - Skipping reading Query result cache data: cache-enabled = false, cache-mode = IGNORE
2025-08-21 15:26:00 DEBUG org.hibernate.SQL - 
    select
        s1_0.id_solicitud,
        s1_0.fecha_actualizacion,
        s1_0.fecha_creacion,
        s1_0.fecha_envio_s1,
        s1_0.fecha_envio_s2,
        s1_0.fecha_respuesta_s1,
        s1_0.fecha_respuesta_s2,
        s1_0.mensaje,
        s1_0.sistema_destino,
        s1_0.sistema_destino2,
        s1_0.status,
        s1_0.status_string 
    from
        solicitudes s1_0 
    where
        s1_0.id_solicitud=?
2025-08-21 15:26:00 DEBUG o.h.e.t.internal.TransactionImpl - committing
2025-08-21 15:26:00 DEBUG o.h.e.i.AbstractFlushingEventListener - Processing flush-time cascades
2025-08-21 15:26:00 DEBUG o.h.e.i.AbstractFlushingEventListener - Dirty checking collections
2025-08-21 15:26:00 DEBUG o.h.e.i.AbstractFlushingEventListener - Flushed: 0 insertions, 1 updates, 0 deletions to 1 objects
2025-08-21 15:26:00 DEBUG o.h.e.i.AbstractFlushingEventListener - Flushed: 0 (re)creations, 0 updates, 0 removals to 0 collections
2025-08-21 15:26:00 DEBUG o.h.internal.util.EntityPrinter - Listing entities:
2025-08-21 15:26:00 DEBUG o.h.internal.util.EntityPrinter - com.company.micros1.model.Solicitud{statusString=RECIBIDA, fechaActualizacion=2025-08-21T15:26:00.353881, fechaCreacion=null, fechaRespuestaS1=null, fechaRespuestaS2=null, idSolicitud=62, mensaje=Solicitud recibida con éxito, sistemaDestino2=, fechaEnvioS2=null, sistemaDestino=, fechaEnvioS1=null, status=2}
2025-08-21 15:26:00 DEBUG org.hibernate.SQL - 
    update
        solicitudes 
    set
        fecha_actualizacion=?,
        fecha_creacion=?,
        fecha_envio_s1=?,
        fecha_envio_s2=?,
        fecha_respuesta_s1=?,
        fecha_respuesta_s2=?,
        mensaje=?,
        sistema_destino=?,
        sistema_destino2=?,
        status=?,
        status_string=? 
    where
        id_solicitud=?
2025-08-21 15:26:00 INFO  c.c.m.g.s.ProcesamientoAsyncService - Solicitud ID: 62 -> PROCESANDO
2025-08-21 15:26:00 INFO  c.c.m.g.s.ProcesamientoAsyncService - Solicitud ID: 62 - Simulación de trabajo por 49 segundos.
2025-08-21 15:26:49 DEBUG o.h.e.t.internal.TransactionImpl - On TransactionImpl creation, JpaCompliance#isJpaTransactionComplianceEnabled == false
2025-08-21 15:26:49 DEBUG o.h.e.t.internal.TransactionImpl - begin
2025-08-21 15:26:49 DEBUG o.h.j.i.PersistenceUnitUtilImpl - jakarta.persistence.PersistenceUnitUtil.getIdentifier is only intended to work with enhanced entities (although Hibernate also adapts this support to its proxies); however the passed entity was not enhanced (nor a proxy).. may not be able to read identifier
2025-08-21 15:26:49 DEBUG org.hibernate.orm.sql.exec - Skipping reading Query result cache data: cache-enabled = false, cache-mode = IGNORE
2025-08-21 15:26:49 DEBUG org.hibernate.SQL - 
    select
        s1_0.id_solicitud,
        s1_0.fecha_actualizacion,
        s1_0.fecha_creacion,
        s1_0.fecha_envio_s1,
        s1_0.fecha_envio_s2,
        s1_0.fecha_respuesta_s1,
        s1_0.fecha_respuesta_s2,
        s1_0.mensaje,
        s1_0.sistema_destino,
        s1_0.sistema_destino2,
        s1_0.status,
        s1_0.status_string 
    from
        solicitudes s1_0 
    where
        s1_0.id_solicitud=?
2025-08-21 15:26:49 DEBUG o.h.e.t.internal.TransactionImpl - committing
2025-08-21 15:26:49 DEBUG o.h.e.i.AbstractFlushingEventListener - Processing flush-time cascades
2025-08-21 15:26:49 DEBUG o.h.e.i.AbstractFlushingEventListener - Dirty checking collections
2025-08-21 15:26:49 DEBUG o.h.e.i.AbstractFlushingEventListener - Flushed: 0 insertions, 1 updates, 0 deletions to 1 objects
2025-08-21 15:26:49 DEBUG o.h.e.i.AbstractFlushingEventListener - Flushed: 0 (re)creations, 0 updates, 0 removals to 0 collections
2025-08-21 15:26:49 DEBUG o.h.internal.util.EntityPrinter - Listing entities:
2025-08-21 15:26:49 DEBUG o.h.internal.util.EntityPrinter - com.company.micros1.model.Solicitud{statusString=RECIBIDA, fechaActualizacion=2025-08-21T15:26:49.436334100, fechaCreacion=null, fechaRespuestaS1=null, fechaRespuestaS2=null, idSolicitud=62, mensaje=El proceso ha finalizado exitosamente., sistemaDestino2=, fechaEnvioS2=null, sistemaDestino=, fechaEnvioS1=null, status=3}
2025-08-21 15:26:49 DEBUG org.hibernate.SQL - 
    update
        solicitudes 
    set
        fecha_actualizacion=?,
        fecha_creacion=?,
        fecha_envio_s1=?,
        fecha_envio_s2=?,
        fecha_respuesta_s1=?,
        fecha_respuesta_s2=?,
        mensaje=?,
        sistema_destino=?,
        sistema_destino2=?,
        status=?,
        status_string=? 
    where
        id_solicitud=?
2025-08-21 15:26:49 INFO  c.c.m.g.s.ProcesamientoAsyncService - Solicitud ID: 62 -> COMPLETADO
2025-08-21 15:26:49 INFO  c.c.m.g.s.ProcesamientoAsyncService - Iniciando procesamiento para la solicitud ID: 64
2025-08-21 15:26:49 DEBUG o.h.e.t.internal.TransactionImpl - On TransactionImpl creation, JpaCompliance#isJpaTransactionComplianceEnabled == false
2025-08-21 15:26:49 DEBUG o.h.e.t.internal.TransactionImpl - begin
2025-08-21 15:26:49 DEBUG o.h.j.i.PersistenceUnitUtilImpl - jakarta.persistence.PersistenceUnitUtil.getIdentifier is only intended to work with enhanced entities (although Hibernate also adapts this support to its proxies); however the passed entity was not enhanced (nor a proxy).. may not be able to read identifier
2025-08-21 15:26:49 DEBUG org.hibernate.orm.sql.exec - Skipping reading Query result cache data: cache-enabled = false, cache-mode = IGNORE
2025-08-21 15:26:49 DEBUG org.hibernate.SQL - 
    select
        s1_0.id_solicitud,
        s1_0.fecha_actualizacion,
        s1_0.fecha_creacion,
        s1_0.fecha_envio_s1,
        s1_0.fecha_envio_s2,
        s1_0.fecha_respuesta_s1,
        s1_0.fecha_respuesta_s2,
        s1_0.mensaje,
        s1_0.sistema_destino,
        s1_0.sistema_destino2,
        s1_0.status,
        s1_0.status_string 
    from
        solicitudes s1_0 
    where
        s1_0.id_solicitud=?
2025-08-21 15:26:49 DEBUG o.h.e.t.internal.TransactionImpl - committing
2025-08-21 15:26:49 DEBUG o.h.e.i.AbstractFlushingEventListener - Processing flush-time cascades
2025-08-21 15:26:49 DEBUG o.h.e.i.AbstractFlushingEventListener - Dirty checking collections
2025-08-21 15:26:49 DEBUG o.h.e.i.AbstractFlushingEventListener - Flushed: 0 insertions, 1 updates, 0 deletions to 1 objects
2025-08-21 15:26:49 DEBUG o.h.e.i.AbstractFlushingEventListener - Flushed: 0 (re)creations, 0 updates, 0 removals to 0 collections
2025-08-21 15:26:49 DEBUG o.h.internal.util.EntityPrinter - Listing entities:
2025-08-21 15:26:49 DEBUG o.h.internal.util.EntityPrinter - com.company.micros1.model.Solicitud{statusString=RECIBIDA, fechaActualizacion=2025-08-21T15:26:49.468330200, fechaCreacion=null, fechaRespuestaS1=null, fechaRespuestaS2=null, idSolicitud=64, mensaje=Solicitud recibida con éxito, sistemaDestino2=, fechaEnvioS2=null, sistemaDestino=, fechaEnvioS1=null, status=2}
2025-08-21 15:26:49 DEBUG org.hibernate.SQL - 
    update
        solicitudes 
    set
        fecha_actualizacion=?,
        fecha_creacion=?,
        fecha_envio_s1=?,
        fecha_envio_s2=?,
        fecha_respuesta_s1=?,
        fecha_respuesta_s2=?,
        mensaje=?,
        sistema_destino=?,
        sistema_destino2=?,
        status=?,
        status_string=? 
    where
        id_solicitud=?
2025-08-21 15:26:49 INFO  c.c.m.g.s.ProcesamientoAsyncService - Solicitud ID: 64 -> PROCESANDO
2025-08-21 15:26:49 INFO  c.c.m.g.s.ProcesamientoAsyncService - Solicitud ID: 64 - Simulación de trabajo por 76 segundos.
2025-08-21 15:28:05 DEBUG o.h.e.t.internal.TransactionImpl - On TransactionImpl creation, JpaCompliance#isJpaTransactionComplianceEnabled == false
2025-08-21 15:28:05 DEBUG o.h.e.t.internal.TransactionImpl - begin
2025-08-21 15:28:05 DEBUG o.h.j.i.PersistenceUnitUtilImpl - jakarta.persistence.PersistenceUnitUtil.getIdentifier is only intended to work with enhanced entities (although Hibernate also adapts this support to its proxies); however the passed entity was not enhanced (nor a proxy).. may not be able to read identifier
2025-08-21 15:28:05 DEBUG org.hibernate.orm.sql.exec - Skipping reading Query result cache data: cache-enabled = false, cache-mode = IGNORE
2025-08-21 15:28:05 DEBUG org.hibernate.SQL - 
    select
        s1_0.id_solicitud,
        s1_0.fecha_actualizacion,
        s1_0.fecha_creacion,
        s1_0.fecha_envio_s1,
        s1_0.fecha_envio_s2,
        s1_0.fecha_respuesta_s1,
        s1_0.fecha_respuesta_s2,
        s1_0.mensaje,
        s1_0.sistema_destino,
        s1_0.sistema_destino2,
        s1_0.status,
        s1_0.status_string 
    from
        solicitudes s1_0 
    where
        s1_0.id_solicitud=?
2025-08-21 15:28:05 DEBUG o.h.e.t.internal.TransactionImpl - committing
2025-08-21 15:28:05 DEBUG o.h.e.i.AbstractFlushingEventListener - Processing flush-time cascades
2025-08-21 15:28:05 DEBUG o.h.e.i.AbstractFlushingEventListener - Dirty checking collections
2025-08-21 15:28:05 DEBUG o.h.e.i.AbstractFlushingEventListener - Flushed: 0 insertions, 1 updates, 0 deletions to 1 objects
2025-08-21 15:28:05 DEBUG o.h.e.i.AbstractFlushingEventListener - Flushed: 0 (re)creations, 0 updates, 0 removals to 0 collections
2025-08-21 15:28:05 DEBUG o.h.internal.util.EntityPrinter - Listing entities:
2025-08-21 15:28:05 DEBUG o.h.internal.util.EntityPrinter - com.company.micros1.model.Solicitud{statusString=RECIBIDA, fechaActualizacion=2025-08-21T15:28:05.620083700, fechaCreacion=null, fechaRespuestaS1=null, fechaRespuestaS2=null, idSolicitud=64, mensaje=El proceso ha finalizado exitosamente., sistemaDestino2=, fechaEnvioS2=null, sistemaDestino=, fechaEnvioS1=null, status=3}
2025-08-21 15:28:05 DEBUG org.hibernate.SQL - 
    update
        solicitudes 
    set
        fecha_actualizacion=?,
        fecha_creacion=?,
        fecha_envio_s1=?,
        fecha_envio_s2=?,
        fecha_respuesta_s1=?,
        fecha_respuesta_s2=?,
        mensaje=?,
        sistema_destino=?,
        sistema_destino2=?,
        status=?,
        status_string=? 
    where
        id_solicitud=?
2025-08-21 15:28:05 INFO  c.c.m.g.s.ProcesamientoAsyncService - Solicitud ID: 64 -> COMPLETADO
2025-08-21 15:28:05 INFO  c.c.m.g.s.ProcesamientoAsyncService - Iniciando procesamiento para la solicitud ID: 65
2025-08-21 15:28:05 DEBUG o.h.e.t.internal.TransactionImpl - On TransactionImpl creation, JpaCompliance#isJpaTransactionComplianceEnabled == false
2025-08-21 15:28:05 DEBUG o.h.e.t.internal.TransactionImpl - begin
2025-08-21 15:28:05 DEBUG o.h.j.i.PersistenceUnitUtilImpl - jakarta.persistence.PersistenceUnitUtil.getIdentifier is only intended to work with enhanced entities (although Hibernate also adapts this support to its proxies); however the passed entity was not enhanced (nor a proxy).. may not be able to read identifier
2025-08-21 15:28:05 DEBUG org.hibernate.orm.sql.exec - Skipping reading Query result cache data: cache-enabled = false, cache-mode = IGNORE
2025-08-21 15:28:05 DEBUG org.hibernate.SQL - 
    select
        s1_0.id_solicitud,
        s1_0.fecha_actualizacion,
        s1_0.fecha_creacion,
        s1_0.fecha_envio_s1,
        s1_0.fecha_envio_s2,
        s1_0.fecha_respuesta_s1,
        s1_0.fecha_respuesta_s2,
        s1_0.mensaje,
        s1_0.sistema_destino,
        s1_0.sistema_destino2,
        s1_0.status,
        s1_0.status_string 
    from
        solicitudes s1_0 
    where
        s1_0.id_solicitud=?
2025-08-21 15:28:05 DEBUG o.h.e.t.internal.TransactionImpl - committing
2025-08-21 15:28:05 DEBUG o.h.e.i.AbstractFlushingEventListener - Processing flush-time cascades
2025-08-21 15:28:05 DEBUG o.h.e.i.AbstractFlushingEventListener - Dirty checking collections
2025-08-21 15:28:05 DEBUG o.h.e.i.AbstractFlushingEventListener - Flushed: 0 insertions, 1 updates, 0 deletions to 1 objects
2025-08-21 15:28:05 DEBUG o.h.e.i.AbstractFlushingEventListener - Flushed: 0 (re)creations, 0 updates, 0 removals to 0 collections
2025-08-21 15:28:05 DEBUG o.h.internal.util.EntityPrinter - Listing entities:
2025-08-21 15:28:05 DEBUG o.h.internal.util.EntityPrinter - com.company.micros1.model.Solicitud{statusString=RECIBIDA, fechaActualizacion=2025-08-21T15:28:05.629081, fechaCreacion=null, fechaRespuestaS1=null, fechaRespuestaS2=null, idSolicitud=65, mensaje=Solicitud recibida con éxito, sistemaDestino2=, fechaEnvioS2=null, sistemaDestino=, fechaEnvioS1=null, status=2}
2025-08-21 15:28:05 DEBUG org.hibernate.SQL - 
    update
        solicitudes 
    set
        fecha_actualizacion=?,
        fecha_creacion=?,
        fecha_envio_s1=?,
        fecha_envio_s2=?,
        fecha_respuesta_s1=?,
        fecha_respuesta_s2=?,
        mensaje=?,
        sistema_destino=?,
        sistema_destino2=?,
        status=?,
        status_string=? 
    where
        id_solicitud=?
2025-08-21 15:28:05 INFO  c.c.m.g.s.ProcesamientoAsyncService - Solicitud ID: 65 -> PROCESANDO
2025-08-21 15:28:05 INFO  c.c.m.g.s.ProcesamientoAsyncService - Solicitud ID: 65 - Simulación de trabajo por 93 segundos.
2025-08-21 15:28:26 DEBUG i.g.n.s.i.g.netty.NettyServerHandler - [id: 0x0d23a50d, L:/127.0.0.1:9095 - R:/127.0.0.1:59396] INBOUND PING: ack=false bytes=1111
2025-08-21 15:28:26 DEBUG i.g.n.s.i.g.netty.NettyServerHandler - [id: 0x0d23a50d, L:/127.0.0.1:9095 - R:/127.0.0.1:59396] OUTBOUND PING: ack=true bytes=1111
2025-08-21 15:29:39 DEBUG o.h.e.t.internal.TransactionImpl - On TransactionImpl creation, JpaCompliance#isJpaTransactionComplianceEnabled == false
2025-08-21 15:29:39 DEBUG o.h.e.t.internal.TransactionImpl - begin
2025-08-21 15:29:39 DEBUG o.h.j.i.PersistenceUnitUtilImpl - jakarta.persistence.PersistenceUnitUtil.getIdentifier is only intended to work with enhanced entities (although Hibernate also adapts this support to its proxies); however the passed entity was not enhanced (nor a proxy).. may not be able to read identifier
2025-08-21 15:29:39 DEBUG org.hibernate.orm.sql.exec - Skipping reading Query result cache data: cache-enabled = false, cache-mode = IGNORE
2025-08-21 15:29:39 DEBUG org.hibernate.SQL - 
    select
        s1_0.id_solicitud,
        s1_0.fecha_actualizacion,
        s1_0.fecha_creacion,
        s1_0.fecha_envio_s1,
        s1_0.fecha_envio_s2,
        s1_0.fecha_respuesta_s1,
        s1_0.fecha_respuesta_s2,
        s1_0.mensaje,
        s1_0.sistema_destino,
        s1_0.sistema_destino2,
        s1_0.status,
        s1_0.status_string 
    from
        solicitudes s1_0 
    where
        s1_0.id_solicitud=?
2025-08-21 15:29:39 DEBUG o.h.e.t.internal.TransactionImpl - committing
2025-08-21 15:29:39 DEBUG o.h.e.i.AbstractFlushingEventListener - Processing flush-time cascades
2025-08-21 15:29:39 DEBUG o.h.e.i.AbstractFlushingEventListener - Dirty checking collections
2025-08-21 15:29:39 DEBUG o.h.e.i.AbstractFlushingEventListener - Flushed: 0 insertions, 1 updates, 0 deletions to 1 objects
2025-08-21 15:29:39 DEBUG o.h.e.i.AbstractFlushingEventListener - Flushed: 0 (re)creations, 0 updates, 0 removals to 0 collections
2025-08-21 15:29:39 DEBUG o.h.internal.util.EntityPrinter - Listing entities:
2025-08-21 15:29:39 DEBUG o.h.internal.util.EntityPrinter - com.company.micros1.model.Solicitud{statusString=RECIBIDA, fechaActualizacion=2025-08-21T15:29:39.027891700, fechaCreacion=null, fechaRespuestaS1=null, fechaRespuestaS2=null, idSolicitud=65, mensaje=El proceso ha finalizado exitosamente., sistemaDestino2=, fechaEnvioS2=null, sistemaDestino=, fechaEnvioS1=null, status=3}
2025-08-21 15:29:39 DEBUG org.hibernate.SQL - 
    update
        solicitudes 
    set
        fecha_actualizacion=?,
        fecha_creacion=?,
        fecha_envio_s1=?,
        fecha_envio_s2=?,
        fecha_respuesta_s1=?,
        fecha_respuesta_s2=?,
        mensaje=?,
        sistema_destino=?,
        sistema_destino2=?,
        status=?,
        status_string=? 
    where
        id_solicitud=?
2025-08-21 15:29:39 INFO  c.c.m.g.s.ProcesamientoAsyncService - Solicitud ID: 65 -> COMPLETADO
2025-08-21 15:29:39 INFO  c.c.m.g.s.ProcesamientoAsyncService - Iniciando procesamiento para la solicitud ID: 63
2025-08-21 15:29:39 DEBUG o.h.e.t.internal.TransactionImpl - On TransactionImpl creation, JpaCompliance#isJpaTransactionComplianceEnabled == false
2025-08-21 15:29:39 DEBUG o.h.e.t.internal.TransactionImpl - begin
2025-08-21 15:29:39 DEBUG o.h.j.i.PersistenceUnitUtilImpl - jakarta.persistence.PersistenceUnitUtil.getIdentifier is only intended to work with enhanced entities (although Hibernate also adapts this support to its proxies); however the passed entity was not enhanced (nor a proxy).. may not be able to read identifier
2025-08-21 15:29:39 DEBUG org.hibernate.orm.sql.exec - Skipping reading Query result cache data: cache-enabled = false, cache-mode = IGNORE
2025-08-21 15:29:39 DEBUG org.hibernate.SQL - 
    select
        s1_0.id_solicitud,
        s1_0.fecha_actualizacion,
        s1_0.fecha_creacion,
        s1_0.fecha_envio_s1,
        s1_0.fecha_envio_s2,
        s1_0.fecha_respuesta_s1,
        s1_0.fecha_respuesta_s2,
        s1_0.mensaje,
        s1_0.sistema_destino,
        s1_0.sistema_destino2,
        s1_0.status,
        s1_0.status_string 
    from
        solicitudes s1_0 
    where
        s1_0.id_solicitud=?
2025-08-21 15:29:39 DEBUG o.h.e.t.internal.TransactionImpl - committing
2025-08-21 15:29:39 DEBUG o.h.e.i.AbstractFlushingEventListener - Processing flush-time cascades
2025-08-21 15:29:39 DEBUG o.h.e.i.AbstractFlushingEventListener - Dirty checking collections
2025-08-21 15:29:39 DEBUG o.h.e.i.AbstractFlushingEventListener - Flushed: 0 insertions, 1 updates, 0 deletions to 1 objects
2025-08-21 15:29:39 DEBUG o.h.e.i.AbstractFlushingEventListener - Flushed: 0 (re)creations, 0 updates, 0 removals to 0 collections
2025-08-21 15:29:39 DEBUG o.h.internal.util.EntityPrinter - Listing entities:
2025-08-21 15:29:39 DEBUG o.h.internal.util.EntityPrinter - com.company.micros1.model.Solicitud{statusString=RECIBIDA, fechaActualizacion=2025-08-21T15:29:39.042186300, fechaCreacion=null, fechaRespuestaS1=null, fechaRespuestaS2=null, idSolicitud=63, mensaje=Solicitud recibida con éxito, sistemaDestino2=, fechaEnvioS2=null, sistemaDestino=, fechaEnvioS1=null, status=2}
2025-08-21 15:29:39 DEBUG org.hibernate.SQL - 
    update
        solicitudes 
    set
        fecha_actualizacion=?,
        fecha_creacion=?,
        fecha_envio_s1=?,
        fecha_envio_s2=?,
        fecha_respuesta_s1=?,
        fecha_respuesta_s2=?,
        mensaje=?,
        sistema_destino=?,
        sistema_destino2=?,
        status=?,
        status_string=? 
    where
        id_solicitud=?
2025-08-21 15:29:39 INFO  c.c.m.g.s.ProcesamientoAsyncService - Solicitud ID: 63 -> PROCESANDO
2025-08-21 15:29:39 INFO  c.c.m.g.s.ProcesamientoAsyncService - Solicitud ID: 63 - Simulación de trabajo por 84 segundos.
2025-08-21 15:31:03 DEBUG o.h.e.t.internal.TransactionImpl - On TransactionImpl creation, JpaCompliance#isJpaTransactionComplianceEnabled == false
2025-08-21 15:31:03 DEBUG o.h.e.t.internal.TransactionImpl - begin
2025-08-21 15:31:03 DEBUG o.h.j.i.PersistenceUnitUtilImpl - jakarta.persistence.PersistenceUnitUtil.getIdentifier is only intended to work with enhanced entities (although Hibernate also adapts this support to its proxies); however the passed entity was not enhanced (nor a proxy).. may not be able to read identifier
2025-08-21 15:31:03 DEBUG org.hibernate.orm.sql.exec - Skipping reading Query result cache data: cache-enabled = false, cache-mode = IGNORE
2025-08-21 15:31:03 DEBUG org.hibernate.SQL - 
    select
        s1_0.id_solicitud,
        s1_0.fecha_actualizacion,
        s1_0.fecha_creacion,
        s1_0.fecha_envio_s1,
        s1_0.fecha_envio_s2,
        s1_0.fecha_respuesta_s1,
        s1_0.fecha_respuesta_s2,
        s1_0.mensaje,
        s1_0.sistema_destino,
        s1_0.sistema_destino2,
        s1_0.status,
        s1_0.status_string 
    from
        solicitudes s1_0 
    where
        s1_0.id_solicitud=?
2025-08-21 15:31:03 DEBUG o.h.e.t.internal.TransactionImpl - committing
2025-08-21 15:31:03 DEBUG o.h.e.i.AbstractFlushingEventListener - Processing flush-time cascades
2025-08-21 15:31:03 DEBUG o.h.e.i.AbstractFlushingEventListener - Dirty checking collections
2025-08-21 15:31:03 DEBUG o.h.e.i.AbstractFlushingEventListener - Flushed: 0 insertions, 1 updates, 0 deletions to 1 objects
2025-08-21 15:31:03 DEBUG o.h.e.i.AbstractFlushingEventListener - Flushed: 0 (re)creations, 0 updates, 0 removals to 0 collections
2025-08-21 15:31:03 DEBUG o.h.internal.util.EntityPrinter - Listing entities:
2025-08-21 15:31:03 DEBUG o.h.internal.util.EntityPrinter - com.company.micros1.model.Solicitud{statusString=RECIBIDA, fechaActualizacion=2025-08-21T15:31:03.302067, fechaCreacion=null, fechaRespuestaS1=null, fechaRespuestaS2=null, idSolicitud=63, mensaje=El proceso ha finalizado exitosamente., sistemaDestino2=, fechaEnvioS2=null, sistemaDestino=, fechaEnvioS1=null, status=3}
2025-08-21 15:31:03 DEBUG org.hibernate.SQL - 
    update
        solicitudes 
    set
        fecha_actualizacion=?,
        fecha_creacion=?,
        fecha_envio_s1=?,
        fecha_envio_s2=?,
        fecha_respuesta_s1=?,
        fecha_respuesta_s2=?,
        mensaje=?,
        sistema_destino=?,
        sistema_destino2=?,
        status=?,
        status_string=? 
    where
        id_solicitud=?
2025-08-21 15:31:03 INFO  c.c.m.g.s.ProcesamientoAsyncService - Solicitud ID: 63 -> COMPLETADO
2025-08-21 15:31:03 INFO  c.c.m.g.s.ProcesamientoAsyncService - Iniciando procesamiento para la solicitud ID: 66
2025-08-21 15:31:03 DEBUG o.h.e.t.internal.TransactionImpl - On TransactionImpl creation, JpaCompliance#isJpaTransactionComplianceEnabled == false
2025-08-21 15:31:03 DEBUG o.h.e.t.internal.TransactionImpl - begin
2025-08-21 15:31:03 DEBUG o.h.j.i.PersistenceUnitUtilImpl - jakarta.persistence.PersistenceUnitUtil.getIdentifier is only intended to work with enhanced entities (although Hibernate also adapts this support to its proxies); however the passed entity was not enhanced (nor a proxy).. may not be able to read identifier
2025-08-21 15:31:03 DEBUG org.hibernate.orm.sql.exec - Skipping reading Query result cache data: cache-enabled = false, cache-mode = IGNORE
2025-08-21 15:31:03 DEBUG org.hibernate.SQL - 
    select
        s1_0.id_solicitud,
        s1_0.fecha_actualizacion,
        s1_0.fecha_creacion,
        s1_0.fecha_envio_s1,
        s1_0.fecha_envio_s2,
        s1_0.fecha_respuesta_s1,
        s1_0.fecha_respuesta_s2,
        s1_0.mensaje,
        s1_0.sistema_destino,
        s1_0.sistema_destino2,
        s1_0.status,
        s1_0.status_string 
    from
        solicitudes s1_0 
    where
        s1_0.id_solicitud=?
2025-08-21 15:31:03 DEBUG o.h.e.t.internal.TransactionImpl - committing
2025-08-21 15:31:03 DEBUG o.h.e.i.AbstractFlushingEventListener - Processing flush-time cascades
2025-08-21 15:31:03 DEBUG o.h.e.i.AbstractFlushingEventListener - Dirty checking collections
2025-08-21 15:31:03 DEBUG o.h.e.i.AbstractFlushingEventListener - Flushed: 0 insertions, 1 updates, 0 deletions to 1 objects
2025-08-21 15:31:03 DEBUG o.h.e.i.AbstractFlushingEventListener - Flushed: 0 (re)creations, 0 updates, 0 removals to 0 collections
2025-08-21 15:31:03 DEBUG o.h.internal.util.EntityPrinter - Listing entities:
2025-08-21 15:31:03 DEBUG o.h.internal.util.EntityPrinter - com.company.micros1.model.Solicitud{statusString=RECIBIDA, fechaActualizacion=2025-08-21T15:31:03.354948400, fechaCreacion=null, fechaRespuestaS1=null, fechaRespuestaS2=null, idSolicitud=66, mensaje=Solicitud recibida con éxito, sistemaDestino2=, fechaEnvioS2=null, sistemaDestino=, fechaEnvioS1=null, status=2}
2025-08-21 15:31:03 DEBUG org.hibernate.SQL - 
    update
        solicitudes 
    set
        fecha_actualizacion=?,
        fecha_creacion=?,
        fecha_envio_s1=?,
        fecha_envio_s2=?,
        fecha_respuesta_s1=?,
        fecha_respuesta_s2=?,
        mensaje=?,
        sistema_destino=?,
        sistema_destino2=?,
        status=?,
        status_string=? 
    where
        id_solicitud=?
2025-08-21 15:31:03 INFO  c.c.m.g.s.ProcesamientoAsyncService - Solicitud ID: 66 -> PROCESANDO
2025-08-21 15:31:03 INFO  c.c.m.g.s.ProcesamientoAsyncService - Solicitud ID: 66 - Simulación de trabajo por 36 segundos.
2025-08-21 15:31:39 DEBUG o.h.e.t.internal.TransactionImpl - On TransactionImpl creation, JpaCompliance#isJpaTransactionComplianceEnabled == false
2025-08-21 15:31:39 DEBUG o.h.e.t.internal.TransactionImpl - begin
2025-08-21 15:31:39 DEBUG o.h.j.i.PersistenceUnitUtilImpl - jakarta.persistence.PersistenceUnitUtil.getIdentifier is only intended to work with enhanced entities (although Hibernate also adapts this support to its proxies); however the passed entity was not enhanced (nor a proxy).. may not be able to read identifier
2025-08-21 15:31:39 DEBUG org.hibernate.orm.sql.exec - Skipping reading Query result cache data: cache-enabled = false, cache-mode = IGNORE
2025-08-21 15:31:39 DEBUG org.hibernate.SQL - 
    select
        s1_0.id_solicitud,
        s1_0.fecha_actualizacion,
        s1_0.fecha_creacion,
        s1_0.fecha_envio_s1,
        s1_0.fecha_envio_s2,
        s1_0.fecha_respuesta_s1,
        s1_0.fecha_respuesta_s2,
        s1_0.mensaje,
        s1_0.sistema_destino,
        s1_0.sistema_destino2,
        s1_0.status,
        s1_0.status_string 
    from
        solicitudes s1_0 
    where
        s1_0.id_solicitud=?
2025-08-21 15:31:39 DEBUG o.h.e.t.internal.TransactionImpl - committing
2025-08-21 15:31:39 DEBUG o.h.e.i.AbstractFlushingEventListener - Processing flush-time cascades
2025-08-21 15:31:39 DEBUG o.h.e.i.AbstractFlushingEventListener - Dirty checking collections
2025-08-21 15:31:39 DEBUG o.h.e.i.AbstractFlushingEventListener - Flushed: 0 insertions, 1 updates, 0 deletions to 1 objects
2025-08-21 15:31:39 DEBUG o.h.e.i.AbstractFlushingEventListener - Flushed: 0 (re)creations, 0 updates, 0 removals to 0 collections
2025-08-21 15:31:39 DEBUG o.h.internal.util.EntityPrinter - Listing entities:
2025-08-21 15:31:39 DEBUG o.h.internal.util.EntityPrinter - com.company.micros1.model.Solicitud{statusString=RECIBIDA, fechaActualizacion=2025-08-21T15:31:39.423596700, fechaCreacion=null, fechaRespuestaS1=null, fechaRespuestaS2=null, idSolicitud=66, mensaje=El proceso ha finalizado exitosamente., sistemaDestino2=, fechaEnvioS2=null, sistemaDestino=, fechaEnvioS1=null, status=3}
2025-08-21 15:31:39 DEBUG org.hibernate.SQL - 
    update
        solicitudes 
    set
        fecha_actualizacion=?,
        fecha_creacion=?,
        fecha_envio_s1=?,
        fecha_envio_s2=?,
        fecha_respuesta_s1=?,
        fecha_respuesta_s2=?,
        mensaje=?,
        sistema_destino=?,
        sistema_destino2=?,
        status=?,
        status_string=? 
    where
        id_solicitud=?
2025-08-21 15:31:39 INFO  c.c.m.g.s.ProcesamientoAsyncService - Solicitud ID: 66 -> COMPLETADO
2025-08-21 15:36:26 DEBUG i.g.n.s.i.g.netty.NettyServerHandler - [id: 0x0d23a50d, L:/127.0.0.1:9095 - R:/127.0.0.1:59396] INBOUND PING: ack=false bytes=1111
2025-08-21 15:36:26 DEBUG i.g.n.s.i.g.netty.NettyServerHandler - [id: 0x0d23a50d, L:/127.0.0.1:9095 - R:/127.0.0.1:59396] OUTBOUND PING: ack=true bytes=1111
2025-08-21 15:44:26 DEBUG i.g.n.s.i.g.netty.NettyServerHandler - [id: 0x0d23a50d, L:/127.0.0.1:9095 - R:/127.0.0.1:59396] INBOUND PING: ack=false bytes=1111
2025-08-21 15:44:26 DEBUG i.g.n.s.i.g.netty.NettyServerHandler - [id: 0x0d23a50d, L:/127.0.0.1:9095 - R:/127.0.0.1:59396] OUTBOUND PING: ack=true bytes=1111
2025-08-21 15:44:26 DEBUG i.g.n.s.i.g.netty.NettyServerHandler - [id: 0x0d23a50d, L:/127.0.0.1:9095 - R:/127.0.0.1:59396] OUTBOUND GO_AWAY: lastStreamId=21 errorCode=11 length=14 bytes=746f6f5f6d616e795f70696e6773
2025-08-21 15:44:26 DEBUG i.g.n.s.i.n.h.c.h.Http2ConnectionHandler - [id: 0x0d23a50d, L:/127.0.0.1:9095 - R:/127.0.0.1:59396] Sent GOAWAY: lastStreamId '21', errorCode '11', debugData 'too_many_pings'. Forcing shutdown of the connection.
